Workbook

Sheet MAESTRA STUDENTEN
A1: BEHEER VAN STUDENTEN
A2: Wijzig studenten hier. De dagelijkse bladen worden AUTOMATISCH bijgewerkt via formules. Studenten met status 'Verwijderd' worden niet getoond.
A4: Klas | B4: Student | C4: Status
A5: 1 Aarde | B5: Conner Wouters | C5: Actief
A6: 1 Aarde | B6: Dylan Abs | C6: Actief
A7: 1 Aarde | B7: Jaden Gesquiere | C7: Actief
A8: 1 Aarde | B8: Kaitlyn Van den Eede | C8: Actief
A9: 1 Aarde | B9: Kayden Van den Eede | C9: Actief
A10: 1 Aarde | B10: Leandro Degrendele | C10: Actief
A11: 1 Aarde | B11: Nasser Ayari | C11: Actief
A12: 1 Aarde | B12: Timothy Baert | C12: Actief
A13: 1 Aarde | B13: Virgilles Vandenbussche | C13: Actief
A14: 1 Lucht | B14: Alexander Desaever | C14: Actief
A15: 1 Lucht | B15: Emmelien Verstraete | C15: Actief
... A115: 6 Food | B115: Maylin Jonckheere | C115: Actief
A118: NIEUWE STUDENTEN (Hier toevoegen)
A119: Klas | B119: Student | C119: Status
C120: Actief
C121: Actief
C122: Actief
C123: Actief
C124: Actief
C125: Actief
C126: Actief
C127: Actief
C128: Actief
C129: Actief
C130: Actief
C131: Actief
... C139: Actief

Sheet 01-09 Ma
A1: TOTAAL PER LESUUR
B2: 1 | C2: 2 | D2: 3 | E2: 4 | F2: 5 | G2: 6 | H2: 7
A3: Chill-outs | B3: =(COUNTIF(B8:B16,"=1")*1+COUNTIF(B8:B16,"1+VR")*1+COUNTIF(B8:B16,"1+VL")*1+COUNTIF(B8:B16,"1+VR+VL")*1+COUNTIF(B8:B16,"VR+1")*1+COUNTIF(B8:B16,"VL+1")*1+COUNTIF(B8:B16,"=2")*2+COUNTIF(B8:B16,"2+VR")*2+COUNTIF(B8:B16,"2+VL")*2+COUNTIF(B8:B16,"VR+2")*2+COUNTIF(B8:B16,"VL+2")*2+COUNTIF(B8:B16,"=3")*3+COUNTIF(B8:B16,"3+VR")*3+COUNTIF(B8:B16,"3+VL")*3+COUNTIF(B8:B16,"VR+3")*3+COUNTIF(B8:B16,"VL+3")*3)+(COUNTIF(B21:B25,"=1")*1+COUNTIF(B21:B25,"1+VR")*1+COUNTIF(B21:B25,"1+VL")*1+COUNTIF(B21:B25,"1+VR+VL")*1+COUNTIF(B21:B25,"VR+1")*1+COUNTIF(B21:B25,"VL+1")*1+COUNTIF(B21:B25,"=2")*2+COUNTIF(B21:B25,"2+VR")*2+COUNTIF(B21:B25,"2+VL")*2+COUNTIF(B21:B25,"VR+2")*2+COUNTIF(B21:B25,"VL+2")*2+COUNTIF(B21:B25,"=3")*3+COUNTIF(B21:B25,"3+VR")*3+COUNTIF(B21:B25,"3+VL")*3+COUNTIF(B21:B25,"VR+3")*3+COUNTIF(B21:B25,"VL+3")*3)+(COUNTIF(B30:B37,"=1")*1+COUNTIF(B30:B37,"1+VR")*1+COUNTIF(B30:B37,"1+VL")*1+COUNTIF(B30:B37,"1+VR+VL")*1+COUNTIF(B30:B37,"VR+1")*1+COUNTIF(B30:B37,"VL+1")*1+COUNTIF(B30:B37,"=2")*2+COUNTIF(B30:B37,"2+VR")*2+COUNTIF(B30:B37,"2+VL")*2+COUNTIF(B30:B37,"VR+2")*2+COUNTIF(B30:B37,"VL+2")*2+COUNTIF(B30:B37,"=3")*3+COUNTIF(B30:B37,"3+VR")*3+COUNTIF(B30:B37,"3+VL")*3+COUNTIF(B30:B37,"VR+3")*3+COUNTIF(B30:B37,"VL+3")*3)+(COUNTIF(B42:B50,"=1")*1+COUNTIF(B42:B50,"1+VR")*1+COUNTIF(B42:B50,"1+VL")*1+COUNTIF(B42:B50,"1+VR+VL")*1+COUNTIF(B42:B50,"VR+1")*1+COUNTIF(B42:B50,"VL+1")*1+COUNTIF(B42:B50,"=2")*2+COUNTIF(B42:B50,"2+VR")*2+COUNTIF(B42:B50,"2+VL")*2+COUNTIF(B42:B50,"VR+2")*2+COUNTIF(B42:B50,"VL+2")*2+COUNTIF(B42:B50,"=3")*3+COUNTIF(B42:B50,"3+VR")*3+COUNTIF(B42:B50,"3+VL")*3+COUNTIF(B42:B50,"VR+3")*3+COUNTIF(B42:B50,"VL+3")*3)+(COUNTIF(B55:B63,"=1")*1+COUNTIF(B55:B63,"1+VR")*1+COUNTIF(B55:B63,"1+VL")*1+COUNTIF(B55:B63,"1+VR+VL")*1+COUNTIF(B55:B63,"VR+1")*1+COUNTIF(B55:B63,"VL+1")*1+COUNTIF(B55:B63,"=2")*2+COUNTIF(B55:B63,"2+VR")*2+COUNTIF(B55:B63,"2+VL")*2+COUNTIF(B55:B63,"VR+2")*2+COUNTIF(B55:B63,"VL+2")*2+COUNTIF(B55:B63,"=3")*3+COUNTIF(B55:B63,"3+VR")*3+COUNTIF(B55:B63,"3+VL")*3+COUNTIF(B55:B63,"VR+3")*3+COUNTIF(B55:B63,"VL+3")*3)+(COUNTIF(B68:B75,"=1")*1+COUNTIF(B68:B75,"1+VR")*1+COUNTIF(B68:B75,"1+VL")*1+COUNTIF(B68:B75,"1+VR+VL")*1+COUNTIF(B68:B75,"VR+1")*1+COUNTIF(B68:B75,"VL+1")*1+COUNTIF(B68:B75,"=2")*2+COUNTIF(B68:B75,"2+VR")*2+COUNTIF(B68:B75,"2+VL")*2+COUNTIF(B68:B75,"VR+2")*2+COUNTIF(B68:B75,"VL+2")*2+COUNTIF(B68:B75,"=3")*3+COUNTIF(B68:B75,"3+VR")*3+COUNTIF(B68:B75,"3+VL")*3+COUNTIF(B68:B75,"VR+3")*3+COUNTIF(B68:B75,"VL+3")*3)+(COUNTIF(B80:B83,"=1")*1+COUNTIF(B80:B83,"1+VR")*1+COUNTIF(B80:B83,"1+VL")*1+COUNTIF(B80:B83,"1+VR+VL")*1+COUNTIF(B80:B83,"VR+1")*1+COUNTIF(B80:B83,"VL+1")*1+COUNTIF(B80:B83,"=2")*2+COUNTIF(B80:B83,"2+VR")*2+COUNTIF(B80:B83,"2+VL")*2+COUNTIF(B80:B83,"VR+2")*2+COUNTIF(B80:B83,"VL+2")*2+COUNTIF(B80:B83,"=3")*3+COUNTIF(B80:B83,"3+VR")*3+COUNTIF(B80:B83,"3+VL")*3+COUNTIF(B80:B83,"VR+3")*3+COUNTIF(B80:B83,"VL+3")*3)+(COUNTIF(B88:B91,"=1")*1+COUNTIF(B88:B91,"1+VR")*1+COUNTIF(B88:B91,"1+VL")*1+COUNTIF(B88:B91,"1+VR+VL")*1+COUNTIF(B88:B91,"VR+1")*1+COUNTIF(B88:B91,"VL+1")*1+COUNTIF(B88:B91,"=2")*2+COUNTIF(B88:B91,"2+VR")*2+COUNTIF(B88:B91,"2+VL")*2+COUNTIF(B88:B91,"VR+2")*2+COUNTIF(B88:B91,"VL+2")*2+COUNTIF(B88:B91,"=3")*3+COUNTIF(B88:B91,"3+VR")*3+COUNTIF(B88:B91,"3+VL")*3+COUNTIF(B88:B91,"VR+3")*3+COUNTIF(B88:B91,"VL+3")*3)+(COUNTIF(B96:B105,"=1")*1+COUNTIF(B96:B105,"1+VR")*1+COUNTIF(B96:B105,"1+VL")*1+COUNTIF(B96:B105,"1+VR+VL")*1+COUNTIF(B96:B105,"VR+1")*1+COUNTIF(B96:B105,"VL+1")*1+COUNTIF(B96:B105,"=2")*2+COUNTIF(B96:B105,"2+VR")*2+COUNTIF(B96:B105,"2+VL")*2+COUNTIF(B96:B105,"VR+2")*2+COUNTIF(B96:B105,"VL+2")*2+COUNTIF(B96:B105,"=3")*3+COUNTIF(B96:B105,"3+VR")*3+COUNTIF(B96:B105,"3+VL")*3+COUNTIF(B96:B105,"VR+3")*3+COUNTIF(B96:B105,"VL+3")*3)+(COUNTIF(B110:B115,"=1")*1+COUNTIF(B110:B115,"1+VR")*1+COUNTIF(B110:B115,"1+VL")*1+COUNTIF(B110:B115,"1+VR+VL")*1+COUNTIF(B110:B115,"VR+1")*1+COUNTIF(B110:B115,"VL+1")*1+COUNTIF(B110:B115,"=2")*2+COUNTIF(B110:B115,"2+VR")*2+COUNTIF(B110:B115,"2+VL")*2+COUNTIF(B110:B115,"VR+2")*2+COUNTIF(B110:B115,"VL+2")*2+COUNTIF(B110:B115,"=3")*3+COUNTIF(B110:B115,"3+VR")*3+COUNTIF(B110:B115,"3+VL")*3+COUNTIF(B110:B115,"VR+3")*3+COUNTIF(B110:B115,"VL+3")*3)+(COUNTIF(B120:B125,"=1")*1+COUNTIF(B120:B125,"1+VR")*1+COUNTIF(B120:B125,"1+VL")*1+COUNTIF(B120:B125,"1+VR+VL")*1+COUNTIF(B120:B125,"VR+1")*1+COUNTIF(B120:B125,"VL+1")*1+COUNTIF(B120:B125,"=2")*2+COUNTIF(B120:B125,"2+VR")*2+COUNTIF(B120:B125,"2+VL")*2+COUNTIF(B120:B125,"VR+2")*2+COUNTIF(B120:B125,"VL+2")*2+COUNTIF(B120:B125,"=3")*3+COUNTIF(B120:B125,"3+VR")*3+COUNTIF(B120:B125,"3+VL")*3+COUNTIF(B120:B125,"VR+3")*3+COUNTIF(B120:B125,"VL+3")*3)+(COUNTIF(B130:B131,"=1")*1+COUNTIF(B130:B131,"1+VR")*1+COUNTIF(B130:B131,"1+VL")*1+COUNTIF(B130:B131,"1+VR+VL")*1+COUNTIF(B130:B131,"VR+1")*1+COUNTIF(B130:B131,"VL+1")*1+COUNTIF(B130:B131,"=2")*2+COUNTIF(B130:B131,"2+VR")*2+COUNTIF(B130:B131,"2+VL")*2+COUNTIF(B130:B131,"VR+2")*2+COUNTIF(B130:B131,"VL+2")*2+COUNTIF(B130:B131,"=3")*3+COUNTIF(B130:B131,"3+VR")*3+COUNTIF(B130:B131,"3+VL")*3+COUNTIF(B130:B131,"VR+3")*3+COUNTIF(B130:B131,"VL+3")*3)+(COUNTIF(B136:B137,"=1")*1+COUNTIF(B136:B137,"1+VR")*1+COUNTIF(B136:B137,"1+VL")*1+COUNTIF(B136:B137,"1+VR+VL")*1+COUNTIF(B136:B137,"VR+1")*1+COUNTIF(B136:B137,"VL+1")*1+COUNTIF(B136:B137,"=2")*2+COUNTIF(B136:B137,"2+VR")*2+COUNTIF(B136:B137,"2+VL")*2+COUNTIF(B136:B137,"VR+2")*2+COUNTIF(B136:B137,"VL+2")*2+COUNTIF(B136:B137,"=3")*3+COUNTIF(B136:B137,"3+VR")*3+COUNTIF(B136:B137,"3+VL")*3+COUNTIF(B136:B137,"VR+3")*3+COUNTIF(B136:B137,"VL+3")*3)+(COUNTIF(B142:B147,"=1")*1+COUNTIF(B142:B147,"1+VR")*1+COUNTIF(B142:B147,"1+VL")*1+COUNTIF(B142:B147,"1+VR+VL")*1+COUNTIF(B142:B147,"VR+1")*1+COUNTIF(B142:B147,"VL+1")*1+COUNTIF(B142:B147,"=2")*2+COUNTIF(B142:B147,"2+VR")*2+COUNTIF(B142:B147,"2+VL")*2+COUNTIF(B142:B147,"VR+2")*2+COUNTIF(B142:B147,"VL+2")*2+COUNTIF(B142:B147,"=3")*3+COUNTIF(B142:B147,"3+VR")*3+COUNTIF(B142:B147,"3+VL")*3+COUNTIF(B142:B147,"VR+3")*3+COUNTIF(B142:B147,"VL+3")*3)+(COUNTIF(B152:B156,"=1")*1+COUNTIF(B152:B156,"1+VR")*1+COUNTIF(B152:B156,"1+VL")*1+COUNTIF(B152:B156,"1+VR+VL")*1+COUNTIF(B152:B156,"VR+1")*1+COUNTIF(B152:B156,"VL+1")*1+COUNTIF(B152:B156,"=2")*2+COUNTIF(B152:B156,"2+VR")*2+COUNTIF(B152:B156,"2+VL")*2+COUNTIF(B152:B156,"VR+2")*2+COUNTIF(B152:B156,"VL+2")*2+COUNTIF(B152:B156,"=3")*3+COUNTIF(B152:B156,"3+VR")*3+COUNTIF(B152:B156,"3+VL")*3+COUNTIF(B152:B156,"VR+3")*3+COUNTIF(B152:B156,"VL+3")*3)+(COUNTIF(B161:B163,"=1")*1+COUNTIF(B161:B163,"1+VR")*1+COUNTIF(B161:B163,"1+VL")*1+COUNTIF(B161:B163,"1+VR+VL")*1+COUNTIF(B161:B163,"VR+1")*1+COUNTIF(B161:B163,"VL+1")*1+COUNTIF(B161:B163,"=2")*2+COUNTIF(B161:B163,"2+VR")*2+COUNTIF(B161:B163,"2+VL")*2+COUNTIF(B161:B163,"VR+2")*2+COUNTIF(B161:B163,"VL+2")*2+COUNTIF(B161:B163,"=3")*3+COUNTIF(B161:B163,"3+VR")*3+COUNTIF(B161:B163,"3+VL")*3+COUNTIF(B161:B163,"VR+3")*3+COUNTIF(B161:B163,"VL+3")*3)+(COUNTIF(B168:B168,"=1")*1+COUNTIF(B168:B168,"1+VR")*1+COUNTIF(B168:B168,"1+VL")*1+COUNTIF(B168:B168,"1+VR+VL")*1+COUNTIF(B168:B168,"VR+1")*1+COUNTIF(B168:B168,"VL+1")*1+COUNTIF(B168:B168,"=2")*2+COUNTIF(B168:B168,"2+VR")*2+COUNTIF(B168:B168,"2+VL")*2+COUNTIF(B168:B168,"VR+2")*2+COUNTIF(B168:B168,"VL+2")*2+COUNTIF(B168:B168,"=3")*3+COUNTIF(B168:B168,"3+VR")*3+COUNTIF(B168:B168,"3+VL")*3+COUNTIF(B168:B168,"VR+3")*3+COUNTIF(B168:B168,"VL+3")*3)+(COUNTIF(K8:K14,"=1")*1+COUNTIF(K8:K14,"1+VR")*1+COUNTIF(K8:K14,"1+VL")*1+COUNTIF(K8:K14,"1+VR+VL")*1+COUNTIF(K8:K14,"VR+1")*1+COUNTIF(K8:K14,"VL+1")*1+COUNTIF(K8:K14,"=2")*2+COUNTIF(K8:K14,"2+VR")*2+COUNTIF(K8:K14,"2+VL")*2+COUNTIF(K8:K14,"VR+2")*2+COUNTIF(K8:K14,"VL+2")*2+COUNTIF(K8:K14,"=3")*3+COUNTIF(K8:K14,"3+VR")*3+COUNTIF(K8:K14,"3+VL")*3+COUNTIF(K8:K14,"VR+3")*3+COUNTIF(K8:K14,"VL+3")*3)+(COUNTIF(K19:K25,"=1")*1+COUNTIF(K19:K25,"1+VR")*1+COUNTIF(K19:K25,"1+VL")*1+COUNTIF(K19:K25,"1+VR+VL")*1+COUNTIF(K19:K25,"VR+1")*1+COUNTIF(K19:K25,"VL+1")*1+COUNTIF(K19:K25,"=2")*2+COUNTIF(K19:K25,"2+VR")*2+COUNTIF(K19:K25,"2+VL")*2+COUNTIF(K19:K25,"VR+2")*2+COUNTIF(K19:K25,"VL+2")*2+COUNTIF(K19:K25,"=3")*3+COUNTIF(K19:K25,"3+VR")*3+COUNTIF(K19:K25,"3+VL")*3+COUNTIF(K19:K25,"VR+3")*3+COUNTIF(K19:K25,"VL+3")*3) | C3: =(COUNTIF(C8:C16,"=1")*1+COUNTIF(C8:C16,"1+VR")*1+COUNTIF(C8:C16,"1+VL")*1+COUNTIF(C8:C16,"1+VR+VL")*1+COUNTIF(C8:C16,"VR+1")*1+COUNTIF(C8:C16,"VL+1")*1+COUNTIF(C8:C16,"=2")*2+COUNTIF(C8:C16,"2+VR")*2+COUNTIF(C8:C16,"2+VL")*2+COUNTIF(C8:C16,"VR+2")*2+COUNTIF(C8:C16,"VL+2")*2+COUNTIF(C8:C16,"=3")*3+COUNTIF(C8:C16,"3+VR")*3+COUNTIF(C8:C16,"3+VL")*3+COUNTIF(C8:C16,"VR+3")*3+COUNTIF(C8:C16,"VL+3")*3)+(COUNTIF(C21:C25,"=1")*1+COUNTIF(C21:C25,"1+VR")*1+COUNTIF(C21:C25,"1+VL")*1+COUNTIF(C21:C25,"1+VR+VL")*1+COUNTIF(C21:C25,"VR+1")*1+COUNTIF(C21:C25,"VL+1")*1+COUNTIF(C21:C25,"=2")*2+COUNTIF(C21:C25,"2+VR")*2+COUNTIF(C21:C25,"2+VL")*2+COUNTIF(C21:C25,"VR+2")*2+COUNTIF(C21:C25,"VL+2")*2+COUNTIF(C21:C25,"=3")*3+COUNTIF(C21:C25,"3+VR")*3+COUNTIF(C21:C25,"3+VL")*3+COUNTIF(C21:C25,"VR+3")*3+COUNTIF(C21:C25,"VL+3")*3)+(COUNTIF(C30:C37,"=1")*1+COUNTIF(C30:C37,"1+VR")*1+COUNTIF(C30:C37,"1+VL")*1+COUNTIF(C30:C37,"1+VR+VL")*1+COUNTIF(C30:C37,"VR+1")*1+COUNTIF(C30:C37,"VL+1")*1+COUNTIF(C30:C37,"=2")*2+COUNTIF(C30:C37,"2+VR")*2+COUNTIF(C30:C37,"2+VL")*2+COUNTIF(C30:C37,"VR+2")*2+COUNTIF(C30:C37,"VL+2")*2+COUNTIF(C30:C37,"=3")*3+COUNTIF(C30:C37,"3+VR")*3+COUNTIF(C30:C37,"3+VL")*3+COUNTIF(C30:C37,"VR+3")*3+COUNTIF(C30:C37,"VL+3")*3)+(COUNTIF(C42:C50,"=1")*1+COUNTIF(C42:C50,"1+VR")*1+COUNTIF(C42:C50,"1+VL")*1+COUNTIF(C42:C50,"1+VR+VL")*1+COUNTIF(C42:C50,"VR+1")*1+COUNTIF(C42:C50,"VL+1")*1+COUNTIF(C42:C50,"=2")*2+COUNTIF(C42:C50,"2+VR")*2+COUNTIF(C42:C50,"2+VL")*2+COUNTIF(C42:C50,"VR+2")*2+COUNTIF(C42:C50,"VL+2")*2+COUNTIF(C42:C50,"=3")*3+COUNTIF(C42:C50,"3+VR")*3+COUNTIF(C42:C50,"3+VL")*3+COUNTIF(C42:C50,"VR+3")*3+COUNTIF(C42:C50,"VL+3")*3)+(COUNTIF(C55:C63,"=1")*1+COUNTIF(C55:C63,"1+VR")*1+COUNTIF(C55:C63,"1+VL")*1+COUNTIF(C55:C63,"1+VR+VL")*1+COUNTIF(C55:C63,"VR+1")*1+COUNTIF(C55:C63,"VL+1")*1+COUNTIF(C55:C63,"=2")*2+COUNTIF(C55:C63,"2+VR")*2+COUNTIF(C55:C63,"2+VL")*2+COUNTIF(C55:C63,"VR+2")*2+COUNTIF(C55:C63,"VL+2")*2+COUNTIF(C55:C63,"=3")*3+COUNTIF(C55:C63,"3+VR")*3+COUNTIF(C55:C63,"3+VL")*3+COUNTIF(C55:C63,"VR+3")*3+COUNTIF(C55:C63,"VL+3")*3)+(COUNTIF(C68:C75,"=1")*1+COUNTIF(C68:C75,"1+VR")*1+COUNTIF(C68:C75,"1+VL")*1+COUNTIF(C68:C75,"1+VR+VL")*1+COUNTIF(C68:C75,"VR+1")*1+COUNTIF(C68:C75,"VL+1")*1+COUNTIF(C68:C75,"=2")*2+COUNTIF(C68:C75,"2+VR")*2+COUNTIF(C68:C75,"2+VL")*2+COUNTIF(C68:C75,"VR+2")*2+COUNTIF(C68:C75,"VL+2")*2+COUNTIF(C68:C75,"=3")*3+COUNTIF(C68:C75,"3+VR")*3+COUNTIF(C68:C75,"3+VL")*3+COUNTIF(C68:C75,"VR+3")*3+COUNTIF(C68:C75,"VL+3")*3)+(COUNTIF(C80:C83,"=1")*1+COUNTIF(C80:C83,"1+VR")*1+COUNTIF(C80:C83,"1+VL")*1+COUNTIF(C80:C83,"1+VR+VL")*1+COUNTIF(C80:C83,"VR+1")*1+COUNTIF(C80:C83,"VL+1")*1+COUNTIF(C80:C83,"=2")*2+COUNTIF(C80:C83,"2+VR")*2+COUNTIF(C80:C83,"2+VL")*2+COUNTIF(C80:C83,"VR+2")*2+COUNTIF(C80:C83,"VL+2")*2+COUNTIF(C80:C83,"=3")*3+COUNTIF(C80:C83,"3+VR")*3+COUNTIF(C80:C83,"3+VL")*3+COUNTIF(C80:C83,"VR+3")*3+COUNTIF(C80:C83,"VL+3")*3)+(COUNTIF(C88:C91,"=1")*1+COUNTIF(C88:C91,"1+VR")*1+COUNTIF(C88:C91,"1+VL")*1+COUNTIF(C88:C91,"1+VR+VL")*1+COUNTIF(C88:C91,"VR+1")*1+COUNTIF(C88:C91,"VL+1")*1+COUNTIF(C88:C91,"=2")*2+COUNTIF(C88:C91,"2+VR")*2+COUNTIF(C88:C91,"2+VL")*2+COUNTIF(C88:C91,"VR+2")*2+COUNTIF(C88:C91,"VL+2")*2+COUNTIF(C88:C91,"=3")*3+COUNTIF(C88:C91,"3+VR")*3+COUNTIF(C88:C91,"3+VL")*3+COUNTIF(C88:C91,"VR+3")*3+COUNTIF(C88:C91,"VL+3")*3)+(COUNTIF(C96:C105,"=1")*1+COUNTIF(C96:C105,"1+VR")*1+COUNTIF(C96:C105,"1+VL")*1+COUNTIF(C96:C105,"1+VR+VL")*1+COUNTIF(C96:C105,"VR+1")*1+COUNTIF(C96:C105,"VL+1")*1+COUNTIF(C96:C105,"=2")*2+COUNTIF(C96:C105,"2+VR")*2+COUNTIF(C96:C105,"2+VL")*2+COUNTIF(C96:C105,"VR+2")*2+COUNTIF(C96:C105,"VL+2")*2+COUNTIF(C96:C105,"=3")*3+COUNTIF(C96:C105,"3+VR")*3+COUNTIF(C96:C105,"3+VL")*3+COUNTIF(C96:C105,"VR+3")*3+COUNTIF(C96:C105,"VL+3")*3)+(COUNTIF(C110:C115,"=1")*1+COUNTIF(C110:C115,"1+VR")*1+COUNTIF(C110:C115,"1+VL")*1+COUNTIF(C110:C115,"1+VR+VL")*1+COUNTIF(C110:C115,"VR+1")*1+COUNTIF(C110:C115,"VL+1")*1+COUNTIF(C110:C115,"=2")*2+COUNTIF(C110:C115,"2+VR")*2+COUNTIF(C110:C115,"2+VL")*2+COUNTIF(C110:C115,"VR+2")*2+COUNTIF(C110:C115,"VL+2")*2+COUNTIF(C110:C115,"=3")*3+COUNTIF(C110:C115,"3+VR")*3+COUNTIF(C110:C115,"3+VL")*3+COUNTIF(C110:C115,"VR+3")*3+COUNTIF(C110:C115,"VL+3")*3)+(COUNTIF(C120:C125,"=1")*1+COUNTIF(C120:C125,"1+VR")*1+COUNTIF(C120:C125,"1+VL")*1+COUNTIF(C120:C125,"1+VR+VL")*1+COUNTIF(C120:C125,"VR+1")*1+COUNTIF(C120:C125,"VL+1")*1+COUNTIF(C120:C125,"=2")*2+COUNTIF(C120:C125,"2+VR")*2+COUNTIF(C120:C125,"2+VL")*2+COUNTIF(C120:C125,"VR+2")*2+COUNTIF(C120:C125,"VL+2")*2+COUNTIF(C120:C125,"=3")*3+COUNTIF(C120:C125,"3+VR")*3+COUNTIF(C120:C125,"3+VL")*3+COUNTIF(C120:C125,"VR+3")*3+COUNTIF(C120:C125,"VL+3")*3)+(COUNTIF(C130:C131,"=1")*1+COUNTIF(C130:C131,"1+VR")*1+COUNTIF(C130:C131,"1+VL")*1+COUNTIF(C130:C131,"1+VR+VL")*1+COUNTIF(C130:C131,"VR+1")*1+COUNTIF(C130:C131,"VL+1")*1+COUNTIF(C130:C131,"=2")*2+COUNTIF(C130:C131,"2+VR")*2+COUNTIF(C130:C131,"2+VL")*2+COUNTIF(C130:C131,"VR+2")*2+COUNTIF(C130:C131,"VL+2")*2+COUNTIF(C130:C131,"=3")*3+COUNTIF(C130:C131,"3+VR")*3+COUNTIF(C130:C131,"3+VL")*3+COUNTIF(C130:C131,"VR+3")*3+COUNTIF(C130:C131,"VL+3")*3)+(COUNTIF(C136:C137,"=1")*1+COUNTIF(C136:C137,"1+VR")*1+COUNTIF(C136:C137,"1+VL")*1+COUNTIF(C136:C137,"1+VR+VL")*1+COUNTIF(C136:C137,"VR+1")*1+COUNTIF(C136:C137,"VL+1")*1+COUNTIF(C136:C137,"=2")*2+COUNTIF(C136:C137,"2+VR")*2+COUNTIF(C136:C137,"2+VL")*2+COUNTIF(C136:C137,"VR+2")*2+COUNTIF(C136:C137,"VL+2")*2+COUNTIF(C136:C137,"=3")*3+COUNTIF(C136:C137,"3+VR")*3+COUNTIF(C136:C137,"3+VL")*3+COUNTIF(C136:C137,"VR+3")*3+COUNTIF(C136:C137,"VL+3")*3)+(COUNTIF(C142:C147,"=1")*1+COUNTIF(C142:C147,"1+VR")*1+COUNTIF(C142:C147,"1+VL")*1+COUNTIF(C142:C147,"1+VR+VL")*1+COUNTIF(C142:C147,"VR+1")*1+COUNTIF(C142:C147,"VL+1")*1+COUNTIF(C142:C147,"=2")*2+COUNTIF(C142:C147,"2+VR")*2+COUNTIF(C142:C147,"2+VL")*2+COUNTIF(C142:C147,"VR+2")*2+COUNTIF(C142:C147,"VL+2")*2+COUNTIF(C142:C147,"=3")*3+COUNTIF(C142:C147,"3+VR")*3+COUNTIF(C142:C147,"3+VL")*3+COUNTIF(C142:C147,"VR+3")*3+COUNTIF(C142:C147,"VL+3")*3)+(COUNTIF(C152:C156,"=1")*1+COUNTIF(C152:C156,"1+VR")*1+COUNTIF(C152:C156,"1+VL")*1+COUNTIF(C152:C156,"1+VR+VL")*1+COUNTIF(C152:C156,"VR+1")*1+COUNTIF(C152:C156,"VL+1")*1+COUNTIF(C152:C156,"=2")*2+COUNTIF(C152:C156,"2+VR")*2+COUNTIF(C152:C156,"2+VL")*2+COUNTIF(C152:C156,"VR+2")*2+COUNTIF(C152:C156,"VL+2")*2+COUNTIF(C152:C156,"=3")*3+COUNTIF(C152:C156,"3+VR")*3+COUNTIF(C152:C156,"3+VL")*3+COUNTIF(C152:C156,"VR+3")*3+COUNTIF(C152:C156,"VL+3")*3)+(COUNTIF(C161:C163,"=1")*1+COUNTIF(C161:C163,"1+VR")*1+COUNTIF(C161:C163,"1+VL")*1+COUNTIF(C161:C163,"1+VR+VL")*1+COUNTIF(C161:C163,"VR+1")*1+COUNTIF(C161:C163,"VL+1")*1+COUNTIF(C161:C163,"=2")*2+COUNTIF(C161:C163,"2+VR")*2+COUNTIF(C161:C163,"2+VL")*2+COUNTIF(C161:C163,"VR+2")*2+COUNTIF(C161:C163,"VL+2")*2+COUNTIF(C161:C163,"=3")*3+COUNTIF(C161:C163,"3+VR")*3+COUNTIF(C161:C163,"3+VL")*3+COUNTIF(C161:C163,"VR+3")*3+COUNTIF(C161:C163,"VL+3")*3)+(COUNTIF(C168:C168,"=1")*1+COUNTIF(C168:C168,"1+VR")*1+COUNTIF(C168:C168,"1+VL")*1+COUNTIF(C168:C168,"1+VR+VL")*1+COUNTIF(C168:C168,"VR+1")*1+COUNTIF(C168:C168,"VL+1")*1+COUNTIF(C168:C168,"=2")*2+COUNTIF(C168:C168,"2+VR")*2+COUNTIF(C168:C168,"2+VL")*2+COUNTIF(C168:C168,"VR+2")*2+COUNTIF(C168:C168,"VL+2")*2+COUNTIF(C168:C168,"=3")*3+COUNTIF(C168:C168,"3+VR")*3+COUNTIF(C168:C168,"3+VL")*3+COUNTIF(C168:C168,"VR+3")*3+COUNTIF(C168:C168,"VL+3")*3)+(COUNTIF(L8:L14,"=1")*1+COUNTIF(L8:L14,"1+VR")*1+COUNTIF(L8:L14,"1+VL")*1+COUNTIF(L8:L14,"1+VR+VL")*1+COUNTIF(L8:L14,"VR+1")*1+COUNTIF(L8:L14,"VL+1")*1+COUNTIF(L8:L14,"=2")*2+COUNTIF(L8:L14,"2+VR")*2+COUNTIF(L8:L14,"2+VL")*2+COUNTIF(L8:L14,"VR+2")*2+COUNTIF(L8:L14,"VL+2")*2+COUNTIF(L8:L14,"=3")*3+COUNTIF(L8:L14,"3+VR")*3+COUNTIF(L8:L14,"3+VL")*3+COUNTIF(L8:L14,"VR+3")*3+COUNTIF(L8:L14,"VL+3")*3)+(COUNTIF(L19:L25,"=1")*1+COUNTIF(L19:L25,"1+VR")*1+COUNTIF(L19:L25,"1+VL")*1+COUNTIF(L19:L25,"1+VR+VL")*1+COUNTIF(L19:L25,"VR+1")*1+COUNTIF(L19:L25,"VL+1")*1+COUNTIF(L19:L25,"=2")*2+COUNTIF(L19:L25,"2+VR")*2+COUNTIF(L19:L25,"2+VL")*2+COUNTIF(L19:L25,"VR+2")*2+COUNTIF(L19:L25,"VL+2")*2+COUNTIF(L19:L25,"=3")*3+COUNTIF(L19:L25,"3+VR")*3+COUNTIF(L19:L25,"3+VL")*3+COUNTIF(L19:L25,"VR+3")*3+COUNTIF(L19:L25,"VL+3")*3) | D3: =(COUNTIF(D8:D16,"=1")*1+COUNTIF(D8:D16,"1+VR")*1+COUNTIF(D8:D16,"1+VL")*1+COUNTIF(D8:D16,"1+VR+VL")*1+COUNTIF(D8:D16,"VR+1")*1+COUNTIF(D8:D16,"VL+1")*1+COUNTIF(D8:D16,"=2")*2+COUNTIF(D8:D16,"2+VR")*2+COUNTIF(D8:D16,"2+VL")*2+COUNTIF(D8:D16,"VR+2")*2+COUNTIF(D8:D16,"VL+2")*2+COUNTIF(D8:D16,"=3")*3+COUNTIF(D8:D16,"3+VR")*3+COUNTIF(D8:D16,"3+VL")*3+COUNTIF(D8:D16,"VR+3")*3+COUNTIF(D8:D16,"VL+3")*3)+(COUNTIF(D21:D25,"=1")*1+COUNTIF(D21:D25,"1+VR")*1+COUNTIF(D21:D25,"1+VL")*1+COUNTIF(D21:D25,"1+VR+VL")*1+COUNTIF(D21:D25,"VR+1")*1+COUNTIF(D21:D25,"VL+1")*1+COUNTIF(D21:D25,"=2")*2+COUNTIF(D21:D25,"2+VR")*2+COUNTIF(D21:D25,"2+VL")*2+COUNTIF(D21:D25,"VR+2")*2+COUNTIF(D21:D25,"VL+2")*2+COUNTIF(D21:D25,"=3")*3+COUNTIF(D21:D25,"3+VR")*3+COUNTIF(D21:D25,"3+VL")*3+COUNTIF(D21:D25,"VR+3")*3+COUNTIF(D21:D25,"VL+3")*3)+(COUNTIF(D30:D37,"=1")*1+COUNTIF(D30:D37,"1+VR")*1+COUNTIF(D30:D37,"1+VL")*1+COUNTIF(D30:D37,"1+VR+VL")*1+COUNTIF(D30:D37,"VR+1")*1+COUNTIF(D30:D37,"VL+1")*1+COUNTIF(D30:D37,"=2")*2+COUNTIF(D30:D37,"2+VR")*2+COUNTIF(D30:D37,"2+VL")*2+COUNTIF(D30:D37,"VR+2")*2+COUNTIF(D30:D37,"VL+2")*2+COUNTIF(D30:D37,"=3")*3+COUNTIF(D30:D37,"3+VR")*3+COUNTIF(D30:D37,"3+VL")*3+COUNTIF(D30:D37,"VR+3")*3+COUNTIF(D30:D37,"VL+3")*3)+(COUNTIF(D42:D50,"=1")*1+COUNTIF(D42:D50,"1+VR")*1+COUNTIF(D42:D50,"1+VL")*1+COUNTIF(D42:D50,"1+VR+VL")*1+COUNTIF(D42:D50,"VR+1")*1+COUNTIF(D42:D50,"VL+1")*1+COUNTIF(D42:D50,"=2")*2+COUNTIF(D42:D50,"2+VR")*2+COUNTIF(D42:D50,"2+VL")*2+COUNTIF(D42:D50,"VR+2")*2+COUNTIF(D42:D50,"VL+2")*2+COUNTIF(D42:D50,"=3")*3+COUNTIF(D42:D50,"3+VR")*3+COUNTIF(D42:D50,"3+VL")*3+COUNTIF(D42:D50,"VR+3")*3+COUNTIF(D42:D50,"VL+3")*3)+(COUNTIF(D55:D63,"=1")*1+COUNTIF(D55:D63,"1+VR")*1+COUNTIF(D55:D63,"1+VL")*1+COUNTIF(D55:D63,"1+VR+VL")*1+COUNTIF(D55:D63,"VR+1")*1+COUNTIF(D55:D63,"VL+1")*1+COUNTIF(D55:D63,"=2")*2+COUNTIF(D55:D63,"2+VR")*2+COUNTIF(D55:D63,"2+VL")*2+COUNTIF(D55:D63,"VR+2")*2+COUNTIF(D55:D63,"VL+2")*2+COUNTIF(D55:D63,"=3")*3+COUNTIF(D55:D63,"3+VR")*3+COUNTIF(D55:D63,"3+VL")*3+COUNTIF(D55:D63,"VR+3")*3+COUNTIF(D55:D63,"VL+3")*3)+(COUNTIF(D68:D75,"=1")*1+COUNTIF(D68:D75,"1+VR")*1+COUNTIF(D68:D75,"1+VL")*1+COUNTIF(D68:D75,"1+VR+VL")*1+COUNTIF(D68:D75,"VR+1")*1+COUNTIF(D68:D75,"VL+1")*1+COUNTIF(D68:D75,"=2")*2+COUNTIF(D68:D75,"2+VR")*2+COUNTIF(D68:D75,"2+VL")*2+COUNTIF(D68:D75,"VR+2")*2+COUNTIF(D68:D75,"VL+2")*2+COUNTIF(D68:D75,"=3")*3+COUNTIF(D68:D75,"3+VR")*3+COUNTIF(D68:D75,"3+VL")*3+COUNTIF(D68:D75,"VR+3")*3+COUNTIF(D68:D75,"VL+3")*3)+(COUNTIF(D80:D83,"=1")*1+COUNTIF(D80:D83,"1+VR")*1+COUNTIF(D80:D83,"1+VL")*1+COUNTIF(D80:D83,"1+VR+VL")*1+COUNTIF(D80:D83,"VR+1")*1+COUNTIF(D80:D83,"VL+1")*1+COUNTIF(D80:D83,"=2")*2+COUNTIF(D80:D83,"2+VR")*2+COUNTIF(D80:D83,"2+VL")*2+COUNTIF(D80:D83,"VR+2")*2+COUNTIF(D80:D83,"VL+2")*2+COUNTIF(D80:D83,"=3")*3+COUNTIF(D80:D83,"3+VR")*3+COUNTIF(D80:D83,"3+VL")*3+COUNTIF(D80:D83,"VR+3")*3+COUNTIF(D80:D83,"VL+3")*3)+(COUNTIF(D88:D91,"=1")*1+COUNTIF(D88:D91,"1+VR")*1+COUNTIF(D88:D91,"1+VL")*1+COUNTIF(D88:D91,"1+VR+VL")*1+COUNTIF(D88:D91,"VR+1")*1+COUNTIF(D88:D91,"VL+1")*1+COUNTIF(D88:D91,"=2")*2+COUNTIF(D88:D91,"2+VR")*2+COUNTIF(D88:D91,"2+VL")*2+COUNTIF(D88:D91,"VR+2")*2+COUNTIF(D88:D91,"VL+2")*2+COUNTIF(D88:D91,"=3")*3+COUNTIF(D88:D91,"3+VR")*3+COUNTIF(D88:D91,"3+VL")*3+COUNTIF(D88:D91,"VR+3")*3+COUNTIF(D88:D91,"VL+3")*3)+(COUNTIF(D96:D105,"=1")*1+COUNTIF(D96:D105,"1+VR")*1+COUNTIF(D96:D105,"1+VL")*1+COUNTIF(D96:D105,"1+VR+VL")*1+COUNTIF(D96:D105,"VR+1")*1+COUNTIF(D96:D105,"VL+1")*1+COUNTIF(D96:D105,"=2")*2+COUNTIF(D96:D105,"2+VR")*2+COUNTIF(D96:D105,"2+VL")*2+COUNTIF(D96:D105,"VR+2")*2+COUNTIF(D96:D105,"VL+2")*2+COUNTIF(D96:D105,"=3")*3+COUNTIF(D96:D105,"3+VR")*3+COUNTIF(D96:D105,"3+VL")*3+COUNTIF(D96:D105,"VR+3")*3+COUNTIF(D96:D105,"VL+3")*3)+(COUNTIF(D110:D115,"=1")*1+COUNTIF(D110:D115,"1+VR")*1+COUNTIF(D110:D115,"1+VL")*1+COUNTIF(D110:D115,"1+VR+VL")*1+COUNTIF(D110:D115,"VR+1")*1+COUNTIF(D110:D115,"VL+1")*1+COUNTIF(D110:D115,"=2")*2+COUNTIF(D110:D115,"2+VR")*2+COUNTIF(D110:D115,"2+VL")*2+COUNTIF(D110:D115,"VR+2")*2+COUNTIF(D110:D115,"VL+2")*2+COUNTIF(D110:D115,"=3")*3+COUNTIF(D110:D115,"3+VR")*3+COUNTIF(D110:D115,"3+VL")*3+COUNTIF(D110:D115,"VR+3")*3+COUNTIF(D110:D115,"VL+3")*3)+(COUNTIF(D120:D125,"=1")*1+COUNTIF(D120:D125,"1+VR")*1+COUNTIF(D120:D125,"1+VL")*1+COUNTIF(D120:D125,"1+VR+VL")*1+COUNTIF(D120:D125,"VR+1")*1+COUNTIF(D120:D125,"VL+1")*1+COUNTIF(D120:D125,"=2")*2+COUNTIF(D120:D125,"2+VR")*2+COUNTIF(D120:D125,"2+VL")*2+COUNTIF(D120:D125,"VR+2")*2+COUNTIF(D120:D125,"VL+2")*2+COUNTIF(D120:D125,"=3")*3+COUNTIF(D120:D125,"3+VR")*3+COUNTIF(D120:D125,"3+VL")*3+COUNTIF(D120:D125,"VR+3")*3+COUNTIF(D120:D125,"VL+3")*3)+(COUNTIF(D130:D131,"=1")*1+COUNTIF(D130:D131,"1+VR")*1+COUNTIF(D130:D131,"1+VL")*1+COUNTIF(D130:D131,"1+VR+VL")*1+COUNTIF(D130:D131,"VR+1")*1+COUNTIF(D130:D131,"VL+1")*1+COUNTIF(D130:D131,"=2")*2+COUNTIF(D130:D131,"2+VR")*2+COUNTIF(D130:D131,"2+VL")*2+COUNTIF(D130:D131,"VR+2")*2+COUNTIF(D130:D131,"VL+2")*2+COUNTIF(D130:D131,"=3")*3+COUNTIF(D130:D131,"3+VR")*3+COUNTIF(D130:D131,"3+VL")*3+COUNTIF(D130:D131,"VR+3")*3+COUNTIF(D130:D131,"VL+3")*3)+(COUNTIF(D136:D137,"=1")*1+COUNTIF(D136:D137,"1+VR")*1+COUNTIF(D136:D137,"1+VL")*1+COUNTIF(D136:D137,"1+VR+VL")*1+COUNTIF(D136:D137,"VR+1")*1+COUNTIF(D136:D137,"VL+1")*1+COUNTIF(D136:D137,"=2")*2+COUNTIF(D136:D137,"2+VR")*2+COUNTIF(D136:D137,"2+VL")*2+COUNTIF(D136:D137,"VR+2")*2+COUNTIF(D136:D137,"VL+2")*2+COUNTIF(D136:D137,"=3")*3+COUNTIF(D136:D137,"3+VR")*3+COUNTIF(D136:D137,"3+VL")*3+COUNTIF(D136:D137,"VR+3")*3+COUNTIF(D136:D137,"VL+3")*3)+(COUNTIF(D142:D147,"=1")*1+COUNTIF(D142:D147,"1+VR")*1+COUNTIF(D142:D147,"1+VL")*1+COUNTIF(D142:D147,"1+VR+VL")*1+COUNTIF(D142:D147,"VR+1")*1+COUNTIF(D142:D147,"VL+1")*1+COUNTIF(D142:D147,"=2")*2+COUNTIF(D142:D147,"2+VR")*2+COUNTIF(D142:D147,"2+VL")*2+COUNTIF(D142:D147,"VR+2")*2+COUNTIF(D142:D147,"VL+2")*2+COUNTIF(D142:D147,"=3")*3+COUNTIF(D142:D147,"3+VR")*3+COUNTIF(D142:D147,"3+VL")*3+COUNTIF(D142:D147,"VR+3")*3+COUNTIF(D142:D147,"VL+3")*3)+(COUNTIF(D152:D156,"=1")*1+COUNTIF(D152:D156,"1+VR")*1+COUNTIF(D152:D156,"1+VL")*1+COUNTIF(D152:D156,"1+VR+VL")*1+COUNTIF(D152:D156,"VR+1")*1+COUNTIF(D152:D156,"VL+1")*1+COUNTIF(D152:D156,"=2")*2+COUNTIF(D152:D156,"2+VR")*2+COUNTIF(D152:D156,"2+VL")*2+COUNTIF(D152:D156,"VR+2")*2+COUNTIF(D152:D156,"VL+2")*2+COUNTIF(D152:D156,"=3")*3+COUNTIF(D152:D156,"3+VR")*3+COUNTIF(D152:D156,"3+VL")*3+COUNTIF(D152:D156,"VR+3")*3+COUNTIF(D152:D156,"VL+3")*3)+(COUNTIF(D161:D163,"=1")*1+COUNTIF(D161:D163,"1+VR")*1+COUNTIF(D161:D163,"1+VL")*1+COUNTIF(D161:D163,"1+VR+VL")*1+COUNTIF(D161:D163,"VR+1")*1+COUNTIF(D161:D163,"VL+1")*1+COUNTIF(D161:D163,"=2")*2+COUNTIF(D161:D163,"2+VR")*2+COUNTIF(D161:D163,"2+VL")*2+COUNTIF(D161:D163,"VR+2")*2+COUNTIF(D161:D163,"VL+2")*2+COUNTIF(D161:D163,"=3")*3+COUNTIF(D161:D163,"3+VR")*3+COUNTIF(D161:D163,"3+VL")*3+COUNTIF(D161:D163,"VR+3")*3+COUNTIF(D161:D163,"VL+3")*3)+(COUNTIF(D168:D168,"=1")*1+COUNTIF(D168:D168,"1+VR")*1+COUNTIF(D168:D168,"1+VL")*1+COUNTIF(D168:D168,"1+VR+VL")*1+COUNTIF(D168:D168,"VR+1")*1+COUNTIF(D168:D168,"VL+1")*1+COUNTIF(D168:D168,"=2")*2+COUNTIF(D168:D168,"2+VR")*2+COUNTIF(D168:D168,"2+VL")*2+COUNTIF(D168:D168,"VR+2")*2+COUNTIF(D168:D168,"VL+2")*2+COUNTIF(D168:D168,"=3")*3+COUNTIF(D168:D168,"3+VR")*3+COUNTIF(D168:D168,"3+VL")*3+COUNTIF(D168:D168,"VR+3")*3+COUNTIF(D168:D168,"VL+3")*3)+(COUNTIF(M8:M14,"=1")*1+COUNTIF(M8:M14,"1+VR")*1+COUNTIF(M8:M14,"1+VL")*1+COUNTIF(M8:M14,"1+VR+VL")*1+COUNTIF(M8:M14,"VR+1")*1+COUNTIF(M8:M14,"VL+1")*1+COUNTIF(M8:M14,"=2")*2+COUNTIF(M8:M14,"2+VR")*2+COUNTIF(M8:M14,"2+VL")*2+COUNTIF(M8:M14,"VR+2")*2+COUNTIF(M8:M14,"VL+2")*2+COUNTIF(M8:M14,"=3")*3+COUNTIF(M8:M14,"3+VR")*3+COUNTIF(M8:M14,"3+VL")*3+COUNTIF(M8:M14,"VR+3")*3+COUNTIF(M8:M14,"VL+3")*3)+(COUNTIF(M19:M25,"=1")*1+COUNTIF(M19:M25,"1+VR")*1+COUNTIF(M19:M25,"1+VL")*1+COUNTIF(M19:M25,"1+VR+VL")*1+COUNTIF(M19:M25,"VR+1")*1+COUNTIF(M19:M25,"VL+1")*1+COUNTIF(M19:M25,"=2")*2+COUNTIF(M19:M25,"2+VR")*2+COUNTIF(M19:M25,"2+VL")*2+COUNTIF(M19:M25,"VR+2")*2+COUNTIF(M19:M25,"VL+2")*2+COUNTIF(M19:M25,"=3")*3+COUNTIF(M19:M25,"3+VR")*3+COUNTIF(M19:M25,"3+VL")*3+COUNTIF(M19:M25,"VR+3")*3+COUNTIF(M19:M25,"VL+3")*3) | E3: =(COUNTIF(E8:E16,"=1")*1+COUNTIF(E8:E16,"1+VR")*1+COUNTIF(E8:E16,"1+VL")*1+COUNTIF(E8:E16,"1+VR+VL")*1+COUNTIF(E8:E16,"VR+1")*1+COUNTIF(E8:E16,"VL+1")*1+COUNTIF(E8:E16,"=2")*2+COUNTIF(E8:E16,"2+VR")*2+COUNTIF(E8:E16,"2+VL")*2+COUNTIF(E8:E16,"VR+2")*2+COUNTIF(E8:E16,"VL+2")*2+COUNTIF(E8:E16,"=3")*3+COUNTIF(E8:E16,"3+VR")*3+COUNTIF(E8:E16,"3+VL")*3+COUNTIF(E8:E16,"VR+3")*3+COUNTIF(E8:E16,"VL+3")*3)+(COUNTIF(E21:E25,"=1")*1+COUNTIF(E21:E25,"1+VR")*1+COUNTIF(E21:E25,"1+VL")*1+COUNTIF(E21:E25,"1+VR+VL")*1+COUNTIF(E21:E25,"VR+1")*1+COUNTIF(E21:E25,"VL+1")*1+COUNTIF(E21:E25,"=2")*2+COUNTIF(E21:E25,"2+VR")*2+COUNTIF(E21:E25,"2+VL")*2+COUNTIF(E21:E25,"VR+2")*2+COUNTIF(E21:E25,"VL+2")*2+COUNTIF(E21:E25,"=3")*3+COUNTIF(E21:E25,"3+VR")*3+COUNTIF(E21:E25,"3+VL")*3+COUNTIF(E21:E25,"VR+3")*3+COUNTIF(E21:E25,"VL+3")*3)+(COUNTIF(E30:E37,"=1")*1+COUNTIF(E30:E37,"1+VR")*1+COUNTIF(E30:E37,"1+VL")*1+COUNTIF(E30:E37,"1+VR+VL")*1+COUNTIF(E30:E37,"VR+1")*1+COUNTIF(E30:E37,"VL+1")*1+COUNTIF(E30:E37,"=2")*2+COUNTIF(E30:E37,"2+VR")*2+COUNTIF(E30:E37,"2+VL")*2+COUNTIF(E30:E37,"VR+2")*2+COUNTIF(E30:E37,"VL+2")*2+COUNTIF(E30:E37,"=3")*3+COUNTIF(E30:E37,"3+VR")*3+COUNTIF(E30:E37,"3+VL")*3+COUNTIF(E30:E37,"VR+3")*3+COUNTIF(E30:E37,"VL+3")*3)+(COUNTIF(E42:E50,"=1")*1+COUNTIF(E42:E50,"1+VR")*1+COUNTIF(E42:E50,"1+VL")*1+COUNTIF(E42:E50,"1+VR+VL")*1+COUNTIF(E42:E50,"VR+1")*1+COUNTIF(E42:E50,"VL+1")*1+COUNTIF(E42:E50,"=2")*2+COUNTIF(E42:E50,"2+VR")*2+COUNTIF(E42:E50,"2+VL")*2+COUNTIF(E42:E50,"VR+2")*2+COUNTIF(E42:E50,"VL+2")*2+COUNTIF(E42:E50,"=3")*3+COUNTIF(E42:E50,"3+VR")*3+COUNTIF(E42:E50,"3+VL")*3+COUNTIF(E42:E50,"VR+3")*3+COUNTIF(E42:E50,"VL+3")*3)+(COUNTIF(E55:E63,"=1")*1+COUNTIF(E55:E63,"1+VR")*1+COUNTIF(E55:E63,"1+VL")*1+COUNTIF(E55:E63,"1+VR+VL")*1+COUNTIF(E55:E63,"VR+1")*1+COUNTIF(E55:E63,"VL+1")*1+COUNTIF(E55:E63,"=2")*2+COUNTIF(E55:E63,"2+VR")*2+COUNTIF(E55:E63,"2+VL")*2+COUNTIF(E55:E63,"VR+2")*2+COUNTIF(E55:E63,"VL+2")*2+COUNTIF(E55:E63,"=3")*3+COUNTIF(E55:E63,"3+VR")*3+COUNTIF(E55:E63,"3+VL")*3+COUNTIF(E55:E63,"VR+3")*3+COUNTIF(E55:E63,"VL+3")*3)+(COUNTIF(E68:E75,"=1")*1+COUNTIF(E68:E75,"1+VR")*1+COUNTIF(E68:E75,"1+VL")*1+COUNTIF(E68:E75,"1+VR+VL")*1+COUNTIF(E68:E75,"VR+1")*1+COUNTIF(E68:E75,"VL+1")*1+COUNTIF(E68:E75,"=2")*2+COUNTIF(E68:E75,"2+VR")*2+COUNTIF(E68:E75,"2+VL")*2+COUNTIF(E68:E75,"VR+2")*2+COUNTIF(E68:E75,"VL+2")*2+COUNTIF(E68:E75,"=3")*3+COUNTIF(E68:E75,"3+VR")*3+COUNTIF(E68:E75,"3+VL")*3+COUNTIF(E68:E75,"VR+3")*3+COUNTIF(E68:E75,"VL+3")*3)+(COUNTIF(E80:E83,"=1")*1+COUNTIF(E80:E83,"1+VR")*1+COUNTIF(E80:E83,"1+VL")*1+COUNTIF(E80:E83,"1+VR+VL")*1+COUNTIF(E80:E83,"VR+1")*1+COUNTIF(E80:E83,"VL+1")*1+COUNTIF(E80:E83,"=2")*2+COUNTIF(E80:E83,"2+VR")*2+COUNTIF(E80:E83,"2+VL")*2+COUNTIF(E80:E83,"VR+2")*2+COUNTIF(E80:E83,"VL+2")*2+COUNTIF(E80:E83,"=3")*3+COUNTIF(E80:E83,"3+VR")*3+COUNTIF(E80:E83,"3+VL")*3+COUNTIF(E80:E83,"VR+3")*3+COUNTIF(E80:E83,"VL+3")*3)+(COUNTIF(E88:E91,"=1")*1+COUNTIF(E88:E91,"1+VR")*1+COUNTIF(E88:E91,"1+VL")*1+COUNTIF(E88:E91,"1+VR+VL")*1+COUNTIF(E88:E91,"VR+1")*1+COUNTIF(E88:E91,"VL+1")*1+COUNTIF(E88:E91,"=2")*2+COUNTIF(E88:E91,"2+VR")*2+COUNTIF(E88:E91,"2+VL")*2+COUNTIF(E88:E91,"VR+2")*2+COUNTIF(E88:E91,"VL+2")*2+COUNTIF(E88:E91,"=3")*3+COUNTIF(E88:E91,"3+VR")*3+COUNTIF(E88:E91,"3+VL")*3+COUNTIF(E88:E91,"VR+3")*3+COUNTIF(E88:E91,"VL+3")*3)+(COUNTIF(E96:E105,"=1")*1+COUNTIF(E96:E105,"1+VR")*1+COUNTIF(E96:E105,"1+VL")*1+COUNTIF(E96:E105,"1+VR+VL")*1+COUNTIF(E96:E105,"VR+1")*1+COUNTIF(E96:E105,"VL+1")*1+COUNTIF(E96:E105,"=2")*2+COUNTIF(E96:E105,"2+VR")*2+COUNTIF(E96:E105,"2+VL")*2+COUNTIF(E96:E105,"VR+2")*2+COUNTIF(E96:E105,"VL+2")*2+COUNTIF(E96:E105,"=3")*3+COUNTIF(E96:E105,"3+VR")*3+COUNTIF(E96:E105,"3+VL")*3+COUNTIF(E96:E105,"VR+3")*3+COUNTIF(E96:E105,"VL+3")*3)+(COUNTIF(E110:E115,"=1")*1+COUNTIF(E110:E115,"1+VR")*1+COUNTIF(E110:E115,"1+VL")*1+COUNTIF(E110:E115,"1+VR+VL")*1+COUNTIF(E110:E115,"VR+1")*1+COUNTIF(E110:E115,"VL+1")*1+COUNTIF(E110:E115,"=2")*2+COUNTIF(E110:E115,"2+VR")*2+COUNTIF(E110:E115,"2+VL")*2+COUNTIF(E110:E115,"VR+2")*2+COUNTIF(E110:E115,"VL+2")*2+COUNTIF(E110:E115,"=3")*3+COUNTIF(E110:E115,"3+VR")*3+COUNTIF(E110:E115,"3+VL")*3+COUNTIF(E110:E115,"VR+3")*3+COUNTIF(E110:E115,"VL+3")*3)+(COUNTIF(E120:E125,"=1")*1+COUNTIF(E120:E125,"1+VR")*1+COUNTIF(E120:E125,"1+VL")*1+COUNTIF(E120:E125,"1+VR+VL")*1+COUNTIF(E120:E125,"VR+1")*1+COUNTIF(E120:E125,"VL+1")*1+COUNTIF(E120:E125,"=2")*2+COUNTIF(E120:E125,"2+VR")*2+COUNTIF(E120:E125,"2+VL")*2+COUNTIF(E120:E125,"VR+2")*2+COUNTIF(E120:E125,"VL+2")*2+COUNTIF(E120:E125,"=3")*3+COUNTIF(E120:E125,"3+VR")*3+COUNTIF(E120:E125,"3+VL")*3+COUNTIF(E120:E125,"VR+3")*3+COUNTIF(E120:E125,"VL+3")*3)+(COUNTIF(E130:E131,"=1")*1+COUNTIF(E130:E131,"1+VR")*1+COUNTIF(E130:E131,"1+VL")*1+COUNTIF(E130:E131,"1+VR+VL")*1+COUNTIF(E130:E131,"VR+1")*1+COUNTIF(E130:E131,"VL+1")*1+COUNTIF(E130:E131,"=2")*2+COUNTIF(E130:E131,"2+VR")*2+COUNTIF(E130:E131,"2+VL")*2+COUNTIF(E130:E131,"VR+2")*2+COUNTIF(E130:E131,"VL+2")*2+COUNTIF(E130:E131,"=3")*3+COUNTIF(E130:E131,"3+VR")*3+COUNTIF(E130:E131,"3+VL")*3+COUNTIF(E130:E131,"VR+3")*3+COUNTIF(E130:E131,"VL+3")*3)+(COUNTIF(E136:E137,"=1")*1+COUNTIF(E136:E137,"1+VR")*1+COUNTIF(E136:E137,"1+VL")*1+COUNTIF(E136:E137,"1+VR+VL")*1+COUNTIF(E136:E137,"VR+1")*1+COUNTIF(E136:E137,"VL+1")*1+COUNTIF(E136:E137,"=2")*2+COUNTIF(E136:E137,"2+VR")*2+COUNTIF(E136:E137,"2+VL")*2+COUNTIF(E136:E137,"VR+2")*2+COUNTIF(E136:E137,"VL+2")*2+COUNTIF(E136:E137,"=3")*3+COUNTIF(E136:E137,"3+VR")*3+COUNTIF(E136:E137,"3+VL")*3+COUNTIF(E136:E137,"VR+3")*3+COUNTIF(E136:E137,"VL+3")*3)+(COUNTIF(E142:E147,"=1")*1+COUNTIF(E142:E147,"1+VR")*1+COUNTIF(E142:E147,"1+VL")*1+COUNTIF(E142:E147,"1+VR+VL")*1+COUNTIF(E142:E147,"VR+1")*1+COUNTIF(E142:E147,"VL+1")*1+COUNTIF(E142:E147,"=2")*2+COUNTIF(E142:E147,"2+VR")*2+COUNTIF(E142:E147,"2+VL")*2+COUNTIF(E142:E147,"VR+2")*2+COUNTIF(E142:E147,"VL+2")*2+COUNTIF(E142:E147,"=3")*3+COUNTIF(E142:E147,"3+VR")*3+COUNTIF(E142:E147,"3+VL")*3+COUNTIF(E142:E147,"VR+3")*3+COUNTIF(E142:E147,"VL+3")*3)+(COUNTIF(E152:E156,"=1")*1+COUNTIF(E152:E156,"1+VR")*1+COUNTIF(E152:E156,"1+VL")*1+COUNTIF(E152:E156,"1+VR+VL")*1+COUNTIF(E152:E156,"VR+1")*1+COUNTIF(E152:E156,"VL+1")*1+COUNTIF(E152:E156,"=2")*2+COUNTIF(E152:E156,"2+VR")*2+COUNTIF(E152:E156,"2+VL")*2+COUNTIF(E152:E156,"VR+2")*2+COUNTIF(E152:E156,"VL+2")*2+COUNTIF(E152:E156,"=3")*3+COUNTIF(E152:E156,"3+VR")*3+COUNTIF(E152:E156,"3+VL")*3+COUNTIF(E152:E156,"VR+3")*3+COUNTIF(E152:E156,"VL+3")*3)+(COUNTIF(E161:E163,"=1")*1+COUNTIF(E161:E163,"1+VR")*1+COUNTIF(E161:E163,"1+VL")*1+COUNTIF(E161:E163,"1+VR+VL")*1+COUNTIF(E161:E163,"VR+1")*1+COUNTIF(E161:E163,"VL+1")*1+COUNTIF(E161:E163,"=2")*2+COUNTIF(E161:E163,"2+VR")*2+COUNTIF(E161:E163,"2+VL")*2+COUNTIF(E161:E163,"VR+2")*2+COUNTIF(E161:E163,"VL+2")*2+COUNTIF(E161:E163,"=3")*3+COUNTIF(E161:E163,"3+VR")*3+COUNTIF(E161:E163,"3+VL")*3+COUNTIF(E161:E163,"VR+3")*3+COUNTIF(E161:E163,"VL+3")*3)+(COUNTIF(E168:E168,"=1")*1+COUNTIF(E168:E168,"1+VR")*1+COUNTIF(E168:E168,"1+VL")*1+COUNTIF(E168:E168,"1+VR+VL")*1+COUNTIF(E168:E168,"VR+1")*1+COUNTIF(E168:E168,"VL+1")*1+COUNTIF(E168:E168,"=2")*2+COUNTIF(E168:E168,"2+VR")*2+COUNTIF(E168:E168,"2+VL")*2+COUNTIF(E168:E168,"VR+2")*2+COUNTIF(E168:E168,"VL+2")*2+COUNTIF(E168:E168,"=3")*3+COUNTIF(E168:E168,"3+VR")*3+COUNTIF(E168:E168,"3+VL")*3+COUNTIF(E168:E168,"VR+3")*3+COUNTIF(E168:E168,"VL+3")*3)+(COUNTIF(N8:N14,"=1")*1+COUNTIF(N8:N14,"1+VR")*1+COUNTIF(N8:N14,"1+VL")*1+COUNTIF(N8:N14,"1+VR+VL")*1+COUNTIF(N8:N14,"VR+1")*1+COUNTIF(N8:N14,"VL+1")*1+COUNTIF(N8:N14,"=2")*2+COUNTIF(N8:N14,"2+VR")*2+COUNTIF(N8:N14,"2+VL")*2+COUNTIF(N8:N14,"VR+2")*2+COUNTIF(N8:N14,"VL+2")*2+COUNTIF(N8:N14,"=3")*3+COUNTIF(N8:N14,"3+VR")*3+COUNTIF(N8:N14,"3+VL")*3+COUNTIF(N8:N14,"VR+3")*3+COUNTIF(N8:N14,"VL+3")*3)+(COUNTIF(N19:N25,"=1")*1+COUNTIF(N19:N25,"1+VR")*1+COUNTIF(N19:N25,"1+VL")*1+COUNTIF(N19:N25,"1+VR+VL")*1+COUNTIF(N19:N25,"VR+1")*1+COUNTIF(N19:N25,"VL+1")*1+COUNTIF(N19:N25,"=2")*2+COUNTIF(N19:N25,"2+VR")*2+COUNTIF(N19:N25,"2+VL")*2+COUNTIF(N19:N25,"VR+2")*2+COUNTIF(N19:N25,"VL+2")*2+COUNTIF(N19:N25,"=3")*3+COUNTIF(N19:N25,"3+VR")*3+COUNTIF(N19:N25,"3+VL")*3+COUNTIF(N19:N25,"VR+3")*3+COUNTIF(N19:N25,"VL+3")*3) | F3: =(COUNTIF(F8:F16,"=1")*1+COUNTIF(F8:F16,"1+VR")*1+COUNTIF(F8:F16,"1+VL")*1+COUNTIF(F8:F16,"1+VR+VL")*1+COUNTIF(F8:F16,"VR+1")*1+COUNTIF(F8:F16,"VL+1")*1+COUNTIF(F8:F16,"=2")*2+COUNTIF(F8:F16,"2+VR")*2+COUNTIF(F8:F16,"2+VL")*2+COUNTIF(F8:F16,"VR+2")*2+COUNTIF(F8:F16,"VL+2")*2+COUNTIF(F8:F16,"=3")*3+COUNTIF(F8:F16,"3+VR")*3+COUNTIF(F8:F16,"3+VL")*3+COUNTIF(F8:F16,"VR+3")*3+COUNTIF(F8:F16,"VL+3")*3)+(COUNTIF(F21:F25,"=1")*1+COUNTIF(F21:F25,"1+VR")*1+COUNTIF(F21:F25,"1+VL")*1+COUNTIF(F21:F25,"1+VR+VL")*1+COUNTIF(F21:F25,"VR+1")*1+COUNTIF(F21:F25,"VL+1")*1+COUNTIF(F21:F25,"=2")*2+COUNTIF(F21:F25,"2+VR")*2+COUNTIF(F21:F25,"2+VL")*2+COUNTIF(F21:F25,"VR+2")*2+COUNTIF(F21:F25,"VL+2")*2+COUNTIF(F21:F25,"=3")*3+COUNTIF(F21:F25,"3+VR")*3+COUNTIF(F21:F25,"3+VL")*3+COUNTIF(F21:F25,"VR+3")*3+COUNTIF(F21:F25,"VL+3")*3)+(COUNTIF(F30:F37,"=1")*1+COUNTIF(F30:F37,"1+VR")*1+COUNTIF(F30:F37,"1+VL")*1+COUNTIF(F30:F37,"1+VR+VL")*1+COUNTIF(F30:F37,"VR+1")*1+COUNTIF(F30:F37,"VL+1")*1+COUNTIF(F30:F37,"=2")*2+COUNTIF(F30:F37,"2+VR")*2+COUNTIF(F30:F37,"2+VL")*2+COUNTIF(F30:F37,"VR+2")*2+COUNTIF(F30:F37,"VL+2")*2+COUNTIF(F30:F37,"=3")*3+COUNTIF(F30:F37,"3+VR")*3+COUNTIF(F30:F37,"3+VL")*3+COUNTIF(F30:F37,"VR+3")*3+COUNTIF(F30:F37,"VL+3")*3)+(COUNTIF(F42:F50,"=1")*1+COUNTIF(F42:F50,"1+VR")*1+COUNTIF(F42:F50,"1+VL")*1+COUNTIF(F42:F50,"1+VR+VL")*1+COUNTIF(F42:F50,"VR+1")*1+COUNTIF(F42:F50,"VL+1")*1+COUNTIF(F42:F50,"=2")*2+COUNTIF(F42:F50,"2+VR")*2+COUNTIF(F42:F50,"2+VL")*2+COUNTIF(F42:F50,"VR+2")*2+COUNTIF(F42:F50,"VL+2")*2+COUNTIF(F42:F50,"=3")*3+COUNTIF(F42:F50,"3+VR")*3+COUNTIF(F42:F50,"3+VL")*3+COUNTIF(F42:F50,"VR+3")*3+COUNTIF(F42:F50,"VL+3")*3)+(COUNTIF(F55:F63,"=1")*1+COUNTIF(F55:F63,"1+VR")*1+COUNTIF(F55:F63,"1+VL")*1+COUNTIF(F55:F63,"1+VR+VL")*1+COUNTIF(F55:F63,"VR+1")*1+COUNTIF(F55:F63,"VL+1")*1+COUNTIF(F55:F63,"=2")*2+COUNTIF(F55:F63,"2+VR")*2+COUNTIF(F55:F63,"2+VL")*2+COUNTIF(F55:F63,"VR+2")*2+COUNTIF(F55:F63,"VL+2")*2+COUNTIF(F55:F63,"=3")*3+COUNTIF(F55:F63,"3+VR")*3+COUNTIF(F55:F63,"3+VL")*3+COUNTIF(F55:F63,"VR+3")*3+COUNTIF(F55:F63,"VL+3")*3)+(COUNTIF(F68:F75,"=1")*1+COUNTIF(F68:F75,"1+VR")*1+COUNTIF(F68:F75,"1+VL")*1+COUNTIF(F68:F75,"1+VR+VL")*1+COUNTIF(F68:F75,"VR+1")*1+COUNTIF(F68:F75,"VL+1")*1+COUNTIF(F68:F75,"=2")*2+COUNTIF(F68:F75,"2+VR")*2+COUNTIF(F68:F75,"2+VL")*2+COUNTIF(F68:F75,"VR+2")*2+COUNTIF(F68:F75,"VL+2")*2+COUNTIF(F68:F75,"=3")*3+COUNTIF(F68:F75,"3+VR")*3+COUNTIF(F68:F75,"3+VL")*3+COUNTIF(F68:F75,"VR+3")*3+COUNTIF(F68:F75,"VL+3")*3)+(COUNTIF(F80:F83,"=1")*1+COUNTIF(F80:F83,"1+VR")*1+COUNTIF(F80:F83,"1+VL")*1+COUNTIF(F80:F83,"1+VR+VL")*1+COUNTIF(F80:F83,"VR+1")*1+COUNTIF(F80:F83,"VL+1")*1+COUNTIF(F80:F83,"=2")*2+COUNTIF(F80:F83,"2+VR")*2+COUNTIF(F80:F83,"2+VL")*2+COUNTIF(F80:F83,"VR+2")*2+COUNTIF(F80:F83,"VL+2")*2+COUNTIF(F80:F83,"=3")*3+COUNTIF(F80:F83,"3+VR")*3+COUNTIF(F80:F83,"3+VL")*3+COUNTIF(F80:F83,"VR+3")*3+COUNTIF(F80:F83,"VL+3")*3)+(COUNTIF(F88:F91,"=1")*1+COUNTIF(F88:F91,"1+VR")*1+COUNTIF(F88:F91,"1+VL")*1+COUNTIF(F88:F91,"1+VR+VL")*1+COUNTIF(F88:F91,"VR+1")*1+COUNTIF(F88:F91,"VL+1")*1+COUNTIF(F88:F91,"=2")*2+COUNTIF(F88:F91,"2+VR")*2+COUNTIF(F88:F91,"2+VL")*2+COUNTIF(F88:F91,"VR+2")*2+COUNTIF(F88:F91,"VL+2")*2+COUNTIF(F88:F91,"=3")*3+COUNTIF(F88:F91,"3+VR")*3+COUNTIF(F88:F91,"3+VL")*3+COUNTIF(F88:F91,"VR+3")*3+COUNTIF(F88:F91,"VL+3")*3)+(COUNTIF(F96:F105,"=1")*1+COUNTIF(F96:F105,"1+VR")*1+COUNTIF(F96:F105,"1+VL")*1+COUNTIF(F96:F105,"1+VR+VL")*1+COUNTIF(F96:F105,"VR+1")*1+COUNTIF(F96:F105,"VL+1")*1+COUNTIF(F96:F105,"=2")*2+COUNTIF(F96:F105,"2+VR")*2+COUNTIF(F96:F105,"2+VL")*2+COUNTIF(F96:F105,"VR+2")*2+COUNTIF(F96:F105,"VL+2")*2+COUNTIF(F96:F105,"=3")*3+COUNTIF(F96:F105,"3+VR")*3+COUNTIF(F96:F105,"3+VL")*3+COUNTIF(F96:F105,"VR+3")*3+COUNTIF(F96:F105,"VL+3")*3)+(COUNTIF(F110:F115,"=1")*1+COUNTIF(F110:F115,"1+VR")*1+COUNTIF(F110:F115,"1+VL")*1+COUNTIF(F110:F115,"1+VR+VL")*1+COUNTIF(F110:F115,"VR+1")*1+COUNTIF(F110:F115,"VL+1")*1+COUNTIF(F110:F115,"=2")*2+COUNTIF(F110:F115,"2+VR")*2+COUNTIF(F110:F115,"2+VL")*2+COUNTIF(F110:F115,"VR+2")*2+COUNTIF(F110:F115,"VL+2")*2+COUNTIF(F110:F115,"=3")*3+COUNTIF(F110:F115,"3+VR")*3+COUNTIF(F110:F115,"3+VL")*3+COUNTIF(F110:F115,"VR+3")*3+COUNTIF(F110:F115,"VL+3")*3)+(COUNTIF(F120:F125,"=1")*1+COUNTIF(F120:F125,"1+VR")*1+COUNTIF(F120:F125,"1+VL")*1+COUNTIF(F120:F125,"1+VR+VL")*1+COUNTIF(F120:F125,"VR+1")*1+COUNTIF(F120:F125,"VL+1")*1+COUNTIF(F120:F125,"=2")*2+COUNTIF(F120:F125,"2+VR")*2+COUNTIF(F120:F125,"2+VL")*2+COUNTIF(F120:F125,"VR+2")*2+COUNTIF(F120:F125,"VL+2")*2+COUNTIF(F120:F125,"=3")*3+COUNTIF(F120:F125,"3+VR")*3+COUNTIF(F120:F125,"3+VL")*3+COUNTIF(F120:F125,"VR+3")*3+COUNTIF(F120:F125,"VL+3")*3)+(COUNTIF(F130:F131,"=1")*1+COUNTIF(F130:F131,"1+VR")*1+COUNTIF(F130:F131,"1+VL")*1+COUNTIF(F130:F131,"1+VR+VL")*1+COUNTIF(F130:F131,"VR+1")*1+COUNTIF(F130:F131,"VL+1")*1+COUNTIF(F130:F131,"=2")*2+COUNTIF(F130:F131,"2+VR")*2+COUNTIF(F130:F131,"2+VL")*2+COUNTIF(F130:F131,"VR+2")*2+COUNTIF(F130:F131,"VL+2")*2+COUNTIF(F130:F131,"=3")*3+COUNTIF(F130:F131,"3+VR")*3+COUNTIF(F130:F131,"3+VL")*3+COUNTIF(F130:F131,"VR+3")*3+COUNTIF(F130:F131,"VL+3")*3)+(COUNTIF(F136:F137,"=1")*1+COUNTIF(F136:F137,"1+VR")*1+COUNTIF(F136:F137,"1+VL")*1+COUNTIF(F136:F137,"1+VR+VL")*1+COUNTIF(F136:F137,"VR+1")*1+COUNTIF(F136:F137,"VL+1")*1+COUNTIF(F136:F137,"=2")*2+COUNTIF(F136:F137,"2+VR")*2+COUNTIF(F136:F137,"2+VL")*2+COUNTIF(F136:F137,"VR+2")*2+COUNTIF(F136:F137,"VL+2")*2+COUNTIF(F136:F137,"=3")*3+COUNTIF(F136:F137,"3+VR")*3+COUNTIF(F136:F137,"3+VL")*3+COUNTIF(F136:F137,"VR+3")*3+COUNTIF(F136:F137,"VL+3")*3)+(COUNTIF(F142:F147,"=1")*1+COUNTIF(F142:F147,"1+VR")*1+COUNTIF(F142:F147,"1+VL")*1+COUNTIF(F142:F147,"1+VR+VL")*1+COUNTIF(F142:F147,"VR+1")*1+COUNTIF(F142:F147,"VL+1")*1+COUNTIF(F142:F147,"=2")*2+COUNTIF(F142:F147,"2+VR")*2+COUNTIF(F142:F147,"2+VL")*2+COUNTIF(F142:F147,"VR+2")*2+COUNTIF(F142:F147,"VL+2")*2+COUNTIF(F142:F147,"=3")*3+COUNTIF(F142:F147,"3+VR")*3+COUNTIF(F142:F147,"3+VL")*3+COUNTIF(F142:F147,"VR+3")*3+COUNTIF(F142:F147,"VL+3")*3)+(COUNTIF(F152:F156,"=1")*1+COUNTIF(F152:F156,"1+VR")*1+COUNTIF(F152:F156,"1+VL")*1+COUNTIF(F152:F156,"1+VR+VL")*1+COUNTIF(F152:F156,"VR+1")*1+COUNTIF(F152:F156,"VL+1")*1+COUNTIF(F152:F156,"=2")*2+COUNTIF(F152:F156,"2+VR")*2+COUNTIF(F152:F156,"2+VL")*2+COUNTIF(F152:F156,"VR+2")*2+COUNTIF(F152:F156,"VL+2")*2+COUNTIF(F152:F156,"=3")*3+COUNTIF(F152:F156,"3+VR")*3+COUNTIF(F152:F156,"3+VL")*3+COUNTIF(F152:F156,"VR+3")*3+COUNTIF(F152:F156,"VL+3")*3)+(COUNTIF(F161:F163,"=1")*1+COUNTIF(F161:F163,"1+VR")*1+COUNTIF(F161:F163,"1+VL")*1+COUNTIF(F161:F163,"1+VR+VL")*1+COUNTIF(F161:F163,"VR+1")*1+COUNTIF(F161:F163,"VL+1")*1+COUNTIF(F161:F163,"=2")*2+COUNTIF(F161:F163,"2+VR")*2+COUNTIF(F161:F163,"2+VL")*2+COUNTIF(F161:F163,"VR+2")*2+COUNTIF(F161:F163,"VL+2")*2+COUNTIF(F161:F163,"=3")*3+COUNTIF(F161:F163,"3+VR")*3+COUNTIF(F161:F163,"3+VL")*3+COUNTIF(F161:F163,"VR+3")*3+COUNTIF(F161:F163,"VL+3")*3)+(COUNTIF(F168:F168,"=1")*1+COUNTIF(F168:F168,"1+VR")*1+COUNTIF(F168:F168,"1+VL")*1+COUNTIF(F168:F168,"1+VR+VL")*1+COUNTIF(F168:F168,"VR+1")*1+COUNTIF(F168:F168,"VL+1")*1+COUNTIF(F168:F168,"=2")*2+COUNTIF(F168:F168,"2+VR")*2+COUNTIF(F168:F168,"2+VL")*2+COUNTIF(F168:F168,"VR+2")*2+COUNTIF(F168:F168,"VL+2")*2+COUNTIF(F168:F168,"=3")*3+COUNTIF(F168:F168,"3+VR")*3+COUNTIF(F168:F168,"3+VL")*3+COUNTIF(F168:F168,"VR+3")*3+COUNTIF(F168:F168,"VL+3")*3)+(COUNTIF(O8:O14,"=1")*1+COUNTIF(O8:O14,"1+VR")*1+COUNTIF(O8:O14,"1+VL")*1+COUNTIF(O8:O14,"1+VR+VL")*1+COUNTIF(O8:O14,"VR+1")*1+COUNTIF(O8:O14,"VL+1")*1+COUNTIF(O8:O14,"=2")*2+COUNTIF(O8:O14,"2+VR")*2+COUNTIF(O8:O14,"2+VL")*2+COUNTIF(O8:O14,"VR+2")*2+COUNTIF(O8:O14,"VL+2")*2+COUNTIF(O8:O14,"=3")*3+COUNTIF(O8:O14,"3+VR")*3+COUNTIF(O8:O14,"3+VL")*3+COUNTIF(O8:O14,"VR+3")*3+COUNTIF(O8:O14,"VL+3")*3)+(COUNTIF(O19:O25,"=1")*1+COUNTIF(O19:O25,"1+VR")*1+COUNTIF(O19:O25,"1+VL")*1+COUNTIF(O19:O25,"1+VR+VL")*1+COUNTIF(O19:O25,"VR+1")*1+COUNTIF(O19:O25,"VL+1")*1+COUNTIF(O19:O25,"=2")*2+COUNTIF(O19:O25,"2+VR")*2+COUNTIF(O19:O25,"2+VL")*2+COUNTIF(O19:O25,"VR+2")*2+COUNTIF(O19:O25,"VL+2")*2+COUNTIF(O19:O25,"=3")*3+COUNTIF(O19:O25,"3+VR")*3+COUNTIF(O19:O25,"3+VL")*3+COUNTIF(O19:O25,"VR+3")*3+COUNTIF(O19:O25,"VL+3")*3) | G3: =(COUNTIF(G8:G16,"=1")*1+COUNTIF(G8:G16,"1+VR")*1+COUNTIF(G8:G16,"1+VL")*1+COUNTIF(G8:G16,"1+VR+VL")*1+COUNTIF(G8:G16,"VR+1")*1+COUNTIF(G8:G16,"VL+1")*1+COUNTIF(G8:G16,"=2")*2+COUNTIF(G8:G16,"2+VR")*2+COUNTIF(G8:G16,"2+VL")*2+COUNTIF(G8:G16,"VR+2")*2+COUNTIF(G8:G16,"VL+2")*2+COUNTIF(G8:G16,"=3")*3+COUNTIF(G8:G16,"3+VR")*3+COUNTIF(G8:G16,"3+VL")*3+COUNTIF(G8:G16,"VR+3")*3+COUNTIF(G8:G16,"VL+3")*3)+(COUNTIF(G21:G25,"=1")*1+COUNTIF(G21:G25,"1+VR")*1+COUNTIF(G21:G25,"1+VL")*1+COUNTIF(G21:G25,"1+VR+VL")*1+COUNTIF(G21:G25,"VR+1")*1+COUNTIF(G21:G25,"VL+1")*1+COUNTIF(G21:G25,"=2")*2+COUNTIF(G21:G25,"2+VR")*2+COUNTIF(G21:G25,"2+VL")*2+COUNTIF(G21:G25,"VR+2")*2+COUNTIF(G21:G25,"VL+2")*2+COUNTIF(G21:G25,"=3")*3+COUNTIF(G21:G25,"3+VR")*3+COUNTIF(G21:G25,"3+VL")*3+COUNTIF(G21:G25,"VR+3")*3+COUNTIF(G21:G25,"VL+3")*3)+(COUNTIF(G30:G37,"=1")*1+COUNTIF(G30:G37,"1+VR")*1+COUNTIF(G30:G37,"1+VL")*1+COUNTIF(G30:G37,"1+VR+VL")*1+COUNTIF(G30:G37,"VR+1")*1+COUNTIF(G30:G37,"VL+1")*1+COUNTIF(G30:G37,"=2")*2+COUNTIF(G30:G37,"2+VR")*2+COUNTIF(G30:G37,"2+VL")*2+COUNTIF(G30:G37,"VR+2")*2+COUNTIF(G30:G37,"VL+2")*2+COUNTIF(G30:G37,"=3")*3+COUNTIF(G30:G37,"3+VR")*3+COUNTIF(G30:G37,"3+VL")*3+COUNTIF(G30:G37,"VR+3")*3+COUNTIF(G30:G37,"VL+3")*3)+(COUNTIF(G42:G50,"=1")*1+COUNTIF(G42:G50,"1+VR")*1+COUNTIF(G42:G50,"1+VL")*1+COUNTIF(G42:G50,"1+VR+VL")*1+COUNTIF(G42:G50,"VR+1")*1+COUNTIF(G42:G50,"VL+1")*1+COUNTIF(G42:G50,"=2")*2+COUNTIF(G42:G50,"2+VR")*2+COUNTIF(G42:G50,"2+VL")*2+COUNTIF(G42:G50,"VR+2")*2+COUNTIF(G42:G50,"VL+2")*2+COUNTIF(G42:G50,"=3")*3+COUNTIF(G42:G50,"3+VR")*3+COUNTIF(G42:G50,"3+VL")*3+COUNTIF(G42:G50,"VR+3")*3+COUNTIF(G42:G50,"VL+3")*3)+(COUNTIF(G55:G63,"=1")*1+COUNTIF(G55:G63,"1+VR")*1+COUNTIF(G55:G63,"1+VL")*1+COUNTIF(G55:G63,"1+VR+VL")*1+COUNTIF(G55:G63,"VR+1")*1+COUNTIF(G55:G63,"VL+1")*1+COUNTIF(G55:G63,"=2")*2+COUNTIF(G55:G63,"2+VR")*2+COUNTIF(G55:G63,"2+VL")*2+COUNTIF(G55:G63,"VR+2")*2+COUNTIF(G55:G63,"VL+2")*2+COUNTIF(G55:G63,"=3")*3+COUNTIF(G55:G63,"3+VR")*3+COUNTIF(G55:G63,"3+VL")*3+COUNTIF(G55:G63,"VR+3")*3+COUNTIF(G55:G63,"VL+3")*3)+(COUNTIF(G68:G75,"=1")*1+COUNTIF(G68:G75,"1+VR")*1+COUNTIF(G68:G75,"1+VL")*1+COUNTIF(G68:G75,"1+VR+VL")*1+COUNTIF(G68:G75,"VR+1")*1+COUNTIF(G68:G75,"VL+1")*1+COUNTIF(G68:G75,"=2")*2+COUNTIF(G68:G75,"2+VR")*2+COUNTIF(G68:G75,"2+VL")*2+COUNTIF(G68:G75,"VR+2")*2+COUNTIF(G68:G75,"VL+2")*2+COUNTIF(G68:G75,"=3")*3+COUNTIF(G68:G75,"3+VR")*3+COUNTIF(G68:G75,"3+VL")*3+COUNTIF(G68:G75,"VR+3")*3+COUNTIF(G68:G75,"VL+3")*3)+(COUNTIF(G80:G83,"=1")*1+COUNTIF(G80:G83,"1+VR")*1+COUNTIF(G80:G83,"1+VL")*1+COUNTIF(G80:G83,"1+VR+VL")*1+COUNTIF(G80:G83,"VR+1")*1+COUNTIF(G80:G83,"VL+1")*1+COUNTIF(G80:G83,"=2")*2+COUNTIF(G80:G83,"2+VR")*2+COUNTIF(G80:G83,"2+VL")*2+COUNTIF(G80:G83,"VR+2")*2+COUNTIF(G80:G83,"VL+2")*2+COUNTIF(G80:G83,"=3")*3+COUNTIF(G80:G83,"3+VR")*3+COUNTIF(G80:G83,"3+VL")*3+COUNTIF(G80:G83,"VR+3")*3+COUNTIF(G80:G83,"VL+3")*3)+(COUNTIF(G88:G91,"=1")*1+COUNTIF(G88:G91,"1+VR")*1+COUNTIF(G88:G91,"1+VL")*1+COUNTIF(G88:G91,"1+VR+VL")*1+COUNTIF(G88:G91,"VR+1")*1+COUNTIF(G88:G91,"VL+1")*1+COUNTIF(G88:G91,"=2")*2+COUNTIF(G88:G91,"2+VR")*2+COUNTIF(G88:G91,"2+VL")*2+COUNTIF(G88:G91,"VR+2")*2+COUNTIF(G88:G91,"VL+2")*2+COUNTIF(G88:G91,"=3")*3+COUNTIF(G88:G91,"3+VR")*3+COUNTIF(G88:G91,"3+VL")*3+COUNTIF(G88:G91,"VR+3")*3+COUNTIF(G88:G91,"VL+3")*3)+(COUNTIF(G96:G105,"=1")*1+COUNTIF(G96:G105,"1+VR")*1+COUNTIF(G96:G105,"1+VL")*1+COUNTIF(G96:G105,"1+VR+VL")*1+COUNTIF(G96:G105,"VR+1")*1+COUNTIF(G96:G105,"VL+1")*1+COUNTIF(G96:G105,"=2")*2+COUNTIF(G96:G105,"2+VR")*2+COUNTIF(G96:G105,"2+VL")*2+COUNTIF(G96:G105,"VR+2")*2+COUNTIF(G96:G105,"VL+2")*2+COUNTIF(G96:G105,"=3")*3+COUNTIF(G96:G105,"3+VR")*3+COUNTIF(G96:G105,"3+VL")*3+COUNTIF(G96:G105,"VR+3")*3+COUNTIF(G96:G105,"VL+3")*3)+(COUNTIF(G110:G115,"=1")*1+COUNTIF(G110:G115,"1+VR")*1+COUNTIF(G110:G115,"1+VL")*1+COUNTIF(G110:G115,"1+VR+VL")*1+COUNTIF(G110:G115,"VR+1")*1+COUNTIF(G110:G115,"VL+1")*1+COUNTIF(G110:G115,"=2")*2+COUNTIF(G110:G115,"2+VR")*2+COUNTIF(G110:G115,"2+VL")*2+COUNTIF(G110:G115,"VR+2")*2+COUNTIF(G110:G115,"VL+2")*2+COUNTIF(G110:G115,"=3")*3+COUNTIF(G110:G115,"3+VR")*3+COUNTIF(G110:G115,"3+VL")*3+COUNTIF(G110:G115,"VR+3")*3+COUNTIF(G110:G115,"VL+3")*3)+(COUNTIF(G120:G125,"=1")*1+COUNTIF(G120:G125,"1+VR")*1+COUNTIF(G120:G125,"1+VL")*1+COUNTIF(G120:G125,"1+VR+VL")*1+COUNTIF(G120:G125,"VR+1")*1+COUNTIF(G120:G125,"VL+1")*1+COUNTIF(G120:G125,"=2")*2+COUNTIF(G120:G125,"2+VR")*2+COUNTIF(G120:G125,"2+VL")*2+COUNTIF(G120:G125,"VR+2")*2+COUNTIF(G120:G125,"VL+2")*2+COUNTIF(G120:G125,"=3")*3+COUNTIF(G120:G125,"3+VR")*3+COUNTIF(G120:G125,"3+VL")*3+COUNTIF(G120:G125,"VR+3")*3+COUNTIF(G120:G125,"VL+3")*3)+(COUNTIF(G130:G131,"=1")*1+COUNTIF(G130:G131,"1+VR")*1+COUNTIF(G130:G131,"1+VL")*1+COUNTIF(G130:G131,"1+VR+VL")*1+COUNTIF(G130:G131,"VR+1")*1+COUNTIF(G130:G131,"VL+1")*1+COUNTIF(G130:G131,"=2")*2+COUNTIF(G130:G131,"2+VR")*2+COUNTIF(G130:G131,"2+VL")*2+COUNTIF(G130:G131,"VR+2")*2+COUNTIF(G130:G131,"VL+2")*2+COUNTIF(G130:G131,"=3")*3+COUNTIF(G130:G131,"3+VR")*3+COUNTIF(G130:G131,"3+VL")*3+COUNTIF(G130:G131,"VR+3")*3+COUNTIF(G130:G131,"VL+3")*3)+(COUNTIF(G136:G137,"=1")*1+COUNTIF(G136:G137,"1+VR")*1+COUNTIF(G136:G137,"1+VL")*1+COUNTIF(G136:G137,"1+VR+VL")*1+COUNTIF(G136:G137,"VR+1")*1+COUNTIF(G136:G137,"VL+1")*1+COUNTIF(G136:G137,"=2")*2+COUNTIF(G136:G137,"2+VR")*2+COUNTIF(G136:G137,"2+VL")*2+COUNTIF(G136:G137,"VR+2")*2+COUNTIF(G136:G137,"VL+2")*2+COUNTIF(G136:G137,"=3")*3+COUNTIF(G136:G137,"3+VR")*3+COUNTIF(G136:G137,"3+VL")*3+COUNTIF(G136:G137,"VR+3")*3+COUNTIF(G136:G137,"VL+3")*3)+(COUNTIF(G142:G147,"=1")*1+COUNTIF(G142:G147,"1+VR")*1+COUNTIF(G142:G147,"1+VL")*1+COUNTIF(G142:G147,"1+VR+VL")*1+COUNTIF(G142:G147,"VR+1")*1+COUNTIF(G142:G147,"VL+1")*1+COUNTIF(G142:G147,"=2")*2+COUNTIF(G142:G147,"2+VR")*2+COUNTIF(G142:G147,"2+VL")*2+COUNTIF(G142:G147,"VR+2")*2+COUNTIF(G142:G147,"VL+2")*2+COUNTIF(G142:G147,"=3")*3+COUNTIF(G142:G147,"3+VR")*3+COUNTIF(G142:G147,"3+VL")*3+COUNTIF(G142:G147,"VR+3")*3+COUNTIF(G142:G147,"VL+3")*3)+(COUNTIF(G152:G156,"=1")*1+COUNTIF(G152:G156,"1+VR")*1+COUNTIF(G152:G156,"1+VL")*1+COUNTIF(G152:G156,"1+VR+VL")*1+COUNTIF(G152:G156,"VR+1")*1+COUNTIF(G152:G156,"VL+1")*1+COUNTIF(G152:G156,"=2")*2+COUNTIF(G152:G156,"2+VR")*2+COUNTIF(G152:G156,"2+VL")*2+COUNTIF(G152:G156,"VR+2")*2+COUNTIF(G152:G156,"VL+2")*2+COUNTIF(G152:G156,"=3")*3+COUNTIF(G152:G156,"3+VR")*3+COUNTIF(G152:G156,"3+VL")*3+COUNTIF(G152:G156,"VR+3")*3+COUNTIF(G152:G156,"VL+3")*3)+(COUNTIF(G161:G163,"=1")*1+COUNTIF(G161:G163,"1+VR")*1+COUNTIF(G161:G163,"1+VL")*1+COUNTIF(G161:G163,"1+VR+VL")*1+COUNTIF(G161:G163,"VR+1")*1+COUNTIF(G161:G163,"VL+1")*1+COUNTIF(G161:G163,"=2")*2+COUNTIF(G161:G163,"2+VR")*2+COUNTIF(G161:G163,"2+VL")*2+COUNTIF(G161:G163,"VR+2")*2+COUNTIF(G161:G163,"VL+2")*2+COUNTIF(G161:G163,"=3")*3+COUNTIF(G161:G163,"3+VR")*3+COUNTIF(G161:G163,"3+VL")*3+COUNTIF(G161:G163,"VR+3")*3+COUNTIF(G161:G163,"VL+3")*3)+(COUNTIF(G168:G168,"=1")*1+COUNTIF(G168:G168,"1+VR")*1+COUNTIF(G168:G168,"1+VL")*1+COUNTIF(G168:G168,"1+VR+VL")*1+COUNTIF(G168:G168,"VR+1")*1+COUNTIF(G168:G168,"VL+1")*1+COUNTIF(G168:G168,"=2")*2+COUNTIF(G168:G168,"2+VR")*2+COUNTIF(G168:G168,"2+VL")*2+COUNTIF(G168:G168,"VR+2")*2+COUNTIF(G168:G168,"VL+2")*2+COUNTIF(G168:G168,"=3")*3+COUNTIF(G168:G168,"3+VR")*3+COUNTIF(G168:G168,"3+VL")*3+COUNTIF(G168:G168,"VR+3")*3+COUNTIF(G168:G168,"VL+3")*3)+(COUNTIF(P8:P14,"=1")*1+COUNTIF(P8:P14,"1+VR")*1+COUNTIF(P8:P14,"1+VL")*1+COUNTIF(P8:P14,"1+VR+VL")*1+COUNTIF(P8:P14,"VR+1")*1+COUNTIF(P8:P14,"VL+1")*1+COUNTIF(P8:P14,"=2")*2+COUNTIF(P8:P14,"2+VR")*2+COUNTIF(P8:P14,"2+VL")*2+COUNTIF(P8:P14,"VR+2")*2+COUNTIF(P8:P14,"VL+2")*2+COUNTIF(P8:P14,"=3")*3+COUNTIF(P8:P14,"3+VR")*3+COUNTIF(P8:P14,"3+VL")*3+COUNTIF(P8:P14,"VR+3")*3+COUNTIF(P8:P14,"VL+3")*3)+(COUNTIF(P19:P25,"=1")*1+COUNTIF(P19:P25,"1+VR")*1+COUNTIF(P19:P25,"1+VL")*1+COUNTIF(P19:P25,"1+VR+VL")*1+COUNTIF(P19:P25,"VR+1")*1+COUNTIF(P19:P25,"VL+1")*1+COUNTIF(P19:P25,"=2")*2+COUNTIF(P19:P25,"2+VR")*2+COUNTIF(P19:P25,"2+VL")*2+COUNTIF(P19:P25,"VR+2")*2+COUNTIF(P19:P25,"VL+2")*2+COUNTIF(P19:P25,"=3")*3+COUNTIF(P19:P25,"3+VR")*3+COUNTIF(P19:P25,"3+VL")*3+COUNTIF(P19:P25,"VR+3")*3+COUNTIF(P19:P25,"VL+3")*3) | H3: =(COUNTIF(H8:H16,"=1")*1+COUNTIF(H8:H16,"1+VR")*1+COUNTIF(H8:H16,"1+VL")*1+COUNTIF(H8:H16,"1+VR+VL")*1+COUNTIF(H8:H16,"VR+1")*1+COUNTIF(H8:H16,"VL+1")*1+COUNTIF(H8:H16,"=2")*2+COUNTIF(H8:H16,"2+VR")*2+COUNTIF(H8:H16,"2+VL")*2+COUNTIF(H8:H16,"VR+2")*2+COUNTIF(H8:H16,"VL+2")*2+COUNTIF(H8:H16,"=3")*3+COUNTIF(H8:H16,"3+VR")*3+COUNTIF(H8:H16,"3+VL")*3+COUNTIF(H8:H16,"VR+3")*3+COUNTIF(H8:H16,"VL+3")*3)+(COUNTIF(H21:H25,"=1")*1+COUNTIF(H21:H25,"1+VR")*1+COUNTIF(H21:H25,"1+VL")*1+COUNTIF(H21:H25,"1+VR+VL")*1+COUNTIF(H21:H25,"VR+1")*1+COUNTIF(H21:H25,"VL+1")*1+COUNTIF(H21:H25,"=2")*2+COUNTIF(H21:H25,"2+VR")*2+COUNTIF(H21:H25,"2+VL")*2+COUNTIF(H21:H25,"VR+2")*2+COUNTIF(H21:H25,"VL+2")*2+COUNTIF(H21:H25,"=3")*3+COUNTIF(H21:H25,"3+VR")*3+COUNTIF(H21:H25,"3+VL")*3+COUNTIF(H21:H25,"VR+3")*3+COUNTIF(H21:H25,"VL+3")*3)+(COUNTIF(H30:H37,"=1")*1+COUNTIF(H30:H37,"1+VR")*1+COUNTIF(H30:H37,"1+VL")*1+COUNTIF(H30:H37,"1+VR+VL")*1+COUNTIF(H30:H37,"VR+1")*1+COUNTIF(H30:H37,"VL+1")*1+COUNTIF(H30:H37,"=2")*2+COUNTIF(H30:H37,"2+VR")*2+COUNTIF(H30:H37,"2+VL")*2+COUNTIF(H30:H37,"VR+2")*2+COUNTIF(H30:H37,"VL+2")*2+COUNTIF(H30:H37,"=3")*3+COUNTIF(H30:H37,"3+VR")*3+COUNTIF(H30:H37,"3+VL")*3+COUNTIF(H30:H37,"VR+3")*3+COUNTIF(H30:H37,"VL+3")*3)+(COUNTIF(H42:H50,"=1")*1+COUNTIF(H42:H50,"1+VR")*1+COUNTIF(H42:H50,"1+VL")*1+COUNTIF(H42:H50,"1+VR+VL")*1+COUNTIF(H42:H50,"VR+1")*1+COUNTIF(H42:H50,"VL+1")*1+COUNTIF(H42:H50,"=2")*2+COUNTIF(H42:H50,"2+VR")*2+COUNTIF(H42:H50,"2+VL")*2+COUNTIF(H42:H50,"VR+2")*2+COUNTIF(H42:H50,"VL+2")*2+COUNTIF(H42:H50,"=3")*3+COUNTIF(H42:H50,"3+VR")*3+COUNTIF(H42:H50,"3+VL")*3+COUNTIF(H42:H50,"VR+3")*3+COUNTIF(H42:H50,"VL+3")*3)+(COUNTIF(H55:H63,"=1")*1+COUNTIF(H55:H63,"1+VR")*1+COUNTIF(H55:H63,"1+VL")*1+COUNTIF(H55:H63,"1+VR+VL")*1+COUNTIF(H55:H63,"VR+1")*1+COUNTIF(H55:H63,"VL+1")*1+COUNTIF(H55:H63,"=2")*2+COUNTIF(H55:H63,"2+VR")*2+COUNTIF(H55:H63,"2+VL")*2+COUNTIF(H55:H63,"VR+2")*2+COUNTIF(H55:H63,"VL+2")*2+COUNTIF(H55:H63,"=3")*3+COUNTIF(H55:H63,"3+VR")*3+COUNTIF(H55:H63,"3+VL")*3+COUNTIF(H55:H63,"VR+3")*3+COUNTIF(H55:H63,"VL+3")*3)+(COUNTIF(H68:H75,"=1")*1+COUNTIF(H68:H75,"1+VR")*1+COUNTIF(H68:H75,"1+VL")*1+COUNTIF(H68:H75,"1+VR+VL")*1+COUNTIF(H68:H75,"VR+1")*1+COUNTIF(H68:H75,"VL+1")*1+COUNTIF(H68:H75,"=2")*2+COUNTIF(H68:H75,"2+VR")*2+COUNTIF(H68:H75,"2+VL")*2+COUNTIF(H68:H75,"VR+2")*2+COUNTIF(H68:H75,"VL+2")*2+COUNTIF(H68:H75,"=3")*3+COUNTIF(H68:H75,"3+VR")*3+COUNTIF(H68:H75,"3+VL")*3+COUNTIF(H68:H75,"VR+3")*3+COUNTIF(H68:H75,"VL+3")*3)+(COUNTIF(H80:H83,"=1")*1+COUNTIF(H80:H83,"1+VR")*1+COUNTIF(H80:H83,"1+VL")*1+COUNTIF(H80:H83,"1+VR+VL")*1+COUNTIF(H80:H83,"VR+1")*1+COUNTIF(H80:H83,"VL+1")*1+COUNTIF(H80:H83,"=2")*2+COUNTIF(H80:H83,"2+VR")*2+COUNTIF(H80:H83,"2+VL")*2+COUNTIF(H80:H83,"VR+2")*2+COUNTIF(H80:H83,"VL+2")*2+COUNTIF(H80:H83,"=3")*3+COUNTIF(H80:H83,"3+VR")*3+COUNTIF(H80:H83,"3+VL")*3+COUNTIF(H80:H83,"VR+3")*3+COUNTIF(H80:H83,"VL+3")*3)+(COUNTIF(H88:H91,"=1")*1+COUNTIF(H88:H91,"1+VR")*1+COUNTIF(H88:H91,"1+VL")*1+COUNTIF(H88:H91,"1+VR+VL")*1+COUNTIF(H88:H91,"VR+1")*1+COUNTIF(H88:H91,"VL+1")*1+COUNTIF(H88:H91,"=2")*2+COUNTIF(H88:H91,"2+VR")*2+COUNTIF(H88:H91,"2+VL")*2+COUNTIF(H88:H91,"VR+2")*2+COUNTIF(H88:H91,"VL+2")*2+COUNTIF(H88:H91,"=3")*3+COUNTIF(H88:H91,"3+VR")*3+COUNTIF(H88:H91,"3+VL")*3+COUNTIF(H88:H91,"VR+3")*3+COUNTIF(H88:H91,"VL+3")*3)+(COUNTIF(H96:H105,"=1")*1+COUNTIF(H96:H105,"1+VR")*1+COUNTIF(H96:H105,"1+VL")*1+COUNTIF(H96:H105,"1+VR+VL")*1+COUNTIF(H96:H105,"VR+1")*1+COUNTIF(H96:H105,"VL+1")*1+COUNTIF(H96:H105,"=2")*2+COUNTIF(H96:H105,"2+VR")*2+COUNTIF(H96:H105,"2+VL")*2+COUNTIF(H96:H105,"VR+2")*2+COUNTIF(H96:H105,"VL+2")*2+COUNTIF(H96:H105,"=3")*3+COUNTIF(H96:H105,"3+VR")*3+COUNTIF(H96:H105,"3+VL")*3+COUNTIF(H96:H105,"VR+3")*3+COUNTIF(H96:H105,"VL+3")*3)+(COUNTIF(H110:H115,"=1")*1+COUNTIF(H110:H115,"1+VR")*1+COUNTIF(H110:H115,"1+VL")*1+COUNTIF(H110:H115,"1+VR+VL")*1+COUNTIF(H110:H115,"VR+1")*1+COUNTIF(H110:H115,"VL+1")*1+COUNTIF(H110:H115,"=2")*2+COUNTIF(H110:H115,"2+VR")*2+COUNTIF(H110:H115,"2+VL")*2+COUNTIF(H110:H115,"VR+2")*2+COUNTIF(H110:H115,"VL+2")*2+COUNTIF(H110:H115,"=3")*3+COUNTIF(H110:H115,"3+VR")*3+COUNTIF(H110:H115,"3+VL")*3+COUNTIF(H110:H115,"VR+3")*3+COUNTIF(H110:H115,"VL+3")*3)+(COUNTIF(H120:H125,"=1")*1+COUNTIF(H120:H125,"1+VR")*1+COUNTIF(H120:H125,"1+VL")*1+COUNTIF(H120:H125,"1+VR+VL")*1+COUNTIF(H120:H125,"VR+1")*1+COUNTIF(H120:H125,"VL+1")*1+COUNTIF(H120:H125,"=2")*2+COUNTIF(H120:H125,"2+VR")*2+COUNTIF(H120:H125,"2+VL")*2+COUNTIF(H120:H125,"VR+2")*2+COUNTIF(H120:H125,"VL+2")*2+COUNTIF(H120:H125,"=3")*3+COUNTIF(H120:H125,"3+VR")*3+COUNTIF(H120:H125,"3+VL")*3+COUNTIF(H120:H125,"VR+3")*3+COUNTIF(H120:H125,"VL+3")*3)+(COUNTIF(H130:H131,"=1")*1+COUNTIF(H130:H131,"1+VR")*1+COUNTIF(H130:H131,"1+VL")*1+COUNTIF(H130:H131,"1+VR+VL")*1+COUNTIF(H130:H131,"VR+1")*1+COUNTIF(H130:H131,"VL+1")*1+COUNTIF(H130:H131,"=2")*2+COUNTIF(H130:H131,"2+VR")*2+COUNTIF(H130:H131,"2+VL")*2+COUNTIF(H130:H131,"VR+2")*2+COUNTIF(H130:H131,"VL+2")*2+COUNTIF(H130:H131,"=3")*3+COUNTIF(H130:H131,"3+VR")*3+COUNTIF(H130:H131,"3+VL")*3+COUNTIF(H130:H131,"VR+3")*3+COUNTIF(H130:H131,"VL+3")*3)+(COUNTIF(H136:H137,"=1")*1+COUNTIF(H136:H137,"1+VR")*1+COUNTIF(H136:H137,"1+VL")*1+COUNTIF(H136:H137,"1+VR+VL")*1+COUNTIF(H136:H137,"VR+1")*1+COUNTIF(H136:H137,"VL+1")*1+COUNTIF(H136:H137,"=2")*2+COUNTIF(H136:H137,"2+VR")*2+COUNTIF(H136:H137,"2+VL")*2+COUNTIF(H136:H137,"VR+2")*2+COUNTIF(H136:H137,"VL+2")*2+COUNTIF(H136:H137,"=3")*3+COUNTIF(H136:H137,"3+VR")*3+COUNTIF(H136:H137,"3+VL")*3+COUNTIF(H136:H137,"VR+3")*3+COUNTIF(H136:H137,"VL+3")*3)+(COUNTIF(H142:H147,"=1")*1+COUNTIF(H142:H147,"1+VR")*1+COUNTIF(H142:H147,"1+VL")*1+COUNTIF(H142:H147,"1+VR+VL")*1+COUNTIF(H142:H147,"VR+1")*1+COUNTIF(H142:H147,"VL+1")*1+COUNTIF(H142:H147,"=2")*2+COUNTIF(H142:H147,"2+VR")*2+COUNTIF(H142:H147,"2+VL")*2+COUNTIF(H142:H147,"VR+2")*2+COUNTIF(H142:H147,"VL+2")*2+COUNTIF(H142:H147,"=3")*3+COUNTIF(H142:H147,"3+VR")*3+COUNTIF(H142:H147,"3+VL")*3+COUNTIF(H142:H147,"VR+3")*3+COUNTIF(H142:H147,"VL+3")*3)+(COUNTIF(H152:H156,"=1")*1+COUNTIF(H152:H156,"1+VR")*1+COUNTIF(H152:H156,"1+VL")*1+COUNTIF(H152:H156,"1+VR+VL")*1+COUNTIF(H152:H156,"VR+1")*1+COUNTIF(H152:H156,"VL+1")*1+COUNTIF(H152:H156,"=2")*2+COUNTIF(H152:H156,"2+VR")*2+COUNTIF(H152:H156,"2+VL")*2+COUNTIF(H152:H156,"VR+2")*2+COUNTIF(H152:H156,"VL+2")*2+COUNTIF(H152:H156,"=3")*3+COUNTIF(H152:H156,"3+VR")*3+COUNTIF(H152:H156,"3+VL")*3+COUNTIF(H152:H156,"VR+3")*3+COUNTIF(H152:H156,"VL+3")*3)+(COUNTIF(H161:H163,"=1")*1+COUNTIF(H161:H163,"1+VR")*1+COUNTIF(H161:H163,"1+VL")*1+COUNTIF(H161:H163,"1+VR+VL")*1+COUNTIF(H161:H163,"VR+1")*1+COUNTIF(H161:H163,"VL+1")*1+COUNTIF(H161:H163,"=2")*2+COUNTIF(H161:H163,"2+VR")*2+COUNTIF(H161:H163,"2+VL")*2+COUNTIF(H161:H163,"VR+2")*2+COUNTIF(H161:H163,"VL+2")*2+COUNTIF(H161:H163,"=3")*3+COUNTIF(H161:H163,"3+VR")*3+COUNTIF(H161:H163,"3+VL")*3+COUNTIF(H161:H163,"VR+3")*3+COUNTIF(H161:H163,"VL+3")*3)+(COUNTIF(H168:H168,"=1")*1+COUNTIF(H168:H168,"1+VR")*1+COUNTIF(H168:H168,"1+VL")*1+COUNTIF(H168:H168,"1+VR+VL")*1+COUNTIF(H168:H168,"VR+1")*1+COUNTIF(H168:H168,"VL+1")*1+COUNTIF(H168:H168,"=2")*2+COUNTIF(H168:H168,"2+VR")*2+COUNTIF(H168:H168,"2+VL")*2+COUNTIF(H168:H168,"VR+2")*2+COUNTIF(H168:H168,"VL+2")*2+COUNTIF(H168:H168,"=3")*3+COUNTIF(H168:H168,"3+VR")*3+COUNTIF(H168:H168,"3+VL")*3+COUNTIF(H168:H168,"VR+3")*3+COUNTIF(H168:H168,"VL+3")*3)+(COUNTIF(Q8:Q14,"=1")*1+COUNTIF(Q8:Q14,"1+VR")*1+COUNTIF(Q8:Q14,"1+VL")*1+COUNTIF(Q8:Q14,"1+VR+VL")*1+COUNTIF(Q8:Q14,"VR+1")*1+COUNTIF(Q8:Q14,"VL+1")*1+COUNTIF(Q8:Q14,"=2")*2+COUNTIF(Q8:Q14,"2+VR")*2+COUNTIF(Q8:Q14,"2+VL")*2+COUNTIF(Q8:Q14,"VR+2")*2+COUNTIF(Q8:Q14,"VL+2")*2+COUNTIF(Q8:Q14,"=3")*3+COUNTIF(Q8:Q14,"3+VR")*3+COUNTIF(Q8:Q14,"3+VL")*3+COUNTIF(Q8:Q14,"VR+3")*3+COUNTIF(Q8:Q14,"VL+3")*3)+(COUNTIF(Q19:Q25,"=1")*1+COUNTIF(Q19:Q25,"1+VR")*1+COUNTIF(Q19:Q25,"1+VL")*1+COUNTIF(Q19:Q25,"1+VR+VL")*1+COUNTIF(Q19:Q25,"VR+1")*1+COUNTIF(Q19:Q25,"VL+1")*1+COUNTIF(Q19:Q25,"=2")*2+COUNTIF(Q19:Q25,"2+VR")*2+COUNTIF(Q19:Q25,"2+VL")*2+COUNTIF(Q19:Q25,"VR+2")*2+COUNTIF(Q19:Q25,"VL+2")*2+COUNTIF(Q19:Q25,"=3")*3+COUNTIF(Q19:Q25,"3+VR")*3+COUNTIF(Q19:Q25,"3+VL")*3+COUNTIF(Q19:Q25,"VR+3")*3+COUNTIF(Q19:Q25,"VL+3")*3)
A4: VR | B4: =(COUNTIF(B8:B16,"=VR")+COUNTIF(B8:B16,"1+VR")+COUNTIF(B8:B16,"2+VR")+COUNTIF(B8:B16,"3+VR")+COUNTIF(B8:B16,"VR+1")+COUNTIF(B8:B16,"VR+2")+COUNTIF(B8:B16,"VR+3")+COUNTIF(B8:B16,"1+VR+VL")+COUNTIF(B8:B16,"VR+VL+1"))+(COUNTIF(B21:B25,"=VR")+COUNTIF(B21:B25,"1+VR")+COUNTIF(B21:B25,"2+VR")+COUNTIF(B21:B25,"3+VR")+COUNTIF(B21:B25,"VR+1")+COUNTIF(B21:B25,"VR+2")+COUNTIF(B21:B25,"VR+3")+COUNTIF(B21:B25,"1+VR+VL")+COUNTIF(B21:B25,"VR+VL+1"))+(COUNTIF(B30:B37,"=VR")+COUNTIF(B30:B37,"1+VR")+COUNTIF(B30:B37,"2+VR")+COUNTIF(B30:B37,"3+VR")+COUNTIF(B30:B37,"VR+1")+COUNTIF(B30:B37,"VR+2")+COUNTIF(B30:B37,"VR+3")+COUNTIF(B30:B37,"1+VR+VL")+COUNTIF(B30:B37,"VR+VL+1"))+(COUNTIF(B42:B50,"=VR")+COUNTIF(B42:B50,"1+VR")+COUNTIF(B42:B50,"2+VR")+COUNTIF(B42:B50,"3+VR")+COUNTIF(B42:B50,"VR+1")+COUNTIF(B42:B50,"VR+2")+COUNTIF(B42:B50,"VR+3")+COUNTIF(B42:B50,"1+VR+VL")+COUNTIF(B42:B50,"VR+VL+1"))+(COUNTIF(B55:B63,"=VR")+COUNTIF(B55:B63,"1+VR")+COUNTIF(B55:B63,"2+VR")+COUNTIF(B55:B63,"3+VR")+COUNTIF(B55:B63,"VR+1")+COUNTIF(B55:B63,"VR+2")+COUNTIF(B55:B63,"VR+3")+COUNTIF(B55:B63,"1+VR+VL")+COUNTIF(B55:B63,"VR+VL+1"))+(COUNTIF(B68:B75,"=VR")+COUNTIF(B68:B75,"1+VR")+COUNTIF(B68:B75,"2+VR")+COUNTIF(B68:B75,"3+VR")+COUNTIF(B68:B75,"VR+1")+COUNTIF(B68:B75,"VR+2")+COUNTIF(B68:B75,"VR+3")+COUNTIF(B68:B75,"1+VR+VL")+COUNTIF(B68:B75,"VR+VL+1"))+(COUNTIF(B80:B83,"=VR")+COUNTIF(B80:B83,"1+VR")+COUNTIF(B80:B83,"2+VR")+COUNTIF(B80:B83,"3+VR")+COUNTIF(B80:B83,"VR+1")+COUNTIF(B80:B83,"VR+2")+COUNTIF(B80:B83,"VR+3")+COUNTIF(B80:B83,"1+VR+VL")+COUNTIF(B80:B83,"VR+VL+1"))+(COUNTIF(B88:B91,"=VR")+COUNTIF(B88:B91,"1+VR")+COUNTIF(B88:B91,"2+VR")+COUNTIF(B88:B91,"3+VR")+COUNTIF(B88:B91,"VR+1")+COUNTIF(B88:B91,"VR+2")+COUNTIF(B88:B91,"VR+3")+COUNTIF(B88:B91,"1+VR+VL")+COUNTIF(B88:B91,"VR+VL+1"))+(COUNTIF(B96:B105,"=VR")+COUNTIF(B96:B105,"1+VR")+COUNTIF(B96:B105,"2+VR")+COUNTIF(B96:B105,"3+VR")+COUNTIF(B96:B105,"VR+1")+COUNTIF(B96:B105,"VR+2")+COUNTIF(B96:B105,"VR+3")+COUNTIF(B96:B105,"1+VR+VL")+COUNTIF(B96:B105,"VR+VL+1"))+(COUNTIF(B110:B115,"=VR")+COUNTIF(B110:B115,"1+VR")+COUNTIF(B110:B115,"2+VR")+COUNTIF(B110:B115,"3+VR")+COUNTIF(B110:B115,"VR+1")+COUNTIF(B110:B115,"VR+2")+COUNTIF(B110:B115,"VR+3")+COUNTIF(B110:B115,"1+VR+VL")+COUNTIF(B110:B115,"VR+VL+1"))+(COUNTIF(B120:B125,"=VR")+COUNTIF(B120:B125,"1+VR")+COUNTIF(B120:B125,"2+VR")+COUNTIF(B120:B125,"3+VR")+COUNTIF(B120:B125,"VR+1")+COUNTIF(B120:B125,"VR+2")+COUNTIF(B120:B125,"VR+3")+COUNTIF(B120:B125,"1+VR+VL")+COUNTIF(B120:B125,"VR+VL+1"))+(COUNTIF(B130:B131,"=VR")+COUNTIF(B130:B131,"1+VR")+COUNTIF(B130:B131,"2+VR")+COUNTIF(B130:B131,"3+VR")+COUNTIF(B130:B131,"VR+1")+COUNTIF(B130:B131,"VR+2")+COUNTIF(B130:B131,"VR+3")+COUNTIF(B130:B131,"1+VR+VL")+COUNTIF(B130:B131,"VR+VL+1"))+(COUNTIF(B136:B137,"=VR")+COUNTIF(B136:B137,"1+VR")+COUNTIF(B136:B137,"2+VR")+COUNTIF(B136:B137,"3+VR")+COUNTIF(B136:B137,"VR+1")+COUNTIF(B136:B137,"VR+2")+COUNTIF(B136:B137,"VR+3")+COUNTIF(B136:B137,"1+VR+VL")+COUNTIF(B136:B137,"VR+VL+1"))+(COUNTIF(B142:B147,"=VR")+COUNTIF(B142:B147,"1+VR")+COUNTIF(B142:B147,"2+VR")+COUNTIF(B142:B147,"3+VR")+COUNTIF(B142:B147,"VR+1")+COUNTIF(B142:B147,"VR+2")+COUNTIF(B142:B147,"VR+3")+COUNTIF(B142:B147,"1+VR+VL")+COUNTIF(B142:B147,"VR+VL+1"))+(COUNTIF(B152:B156,"=VR")+COUNTIF(B152:B156,"1+VR")+COUNTIF(B152:B156,"2+VR")+COUNTIF(B152:B156,"3+VR")+COUNTIF(B152:B156,"VR+1")+COUNTIF(B152:B156,"VR+2")+COUNTIF(B152:B156,"VR+3")+COUNTIF(B152:B156,"1+VR+VL")+COUNTIF(B152:B156,"VR+VL+1"))+(COUNTIF(B161:B163,"=VR")+COUNTIF(B161:B163,"1+VR")+COUNTIF(B161:B163,"2+VR")+COUNTIF(B161:B163,"3+VR")+COUNTIF(B161:B163,"VR+1")+COUNTIF(B161:B163,"VR+2")+COUNTIF(B161:B163,"VR+3")+COUNTIF(B161:B163,"1+VR+VL")+COUNTIF(B161:B163,"VR+VL+1"))+(COUNTIF(B168:B168,"=VR")+COUNTIF(B168:B168,"1+VR")+COUNTIF(B168:B168,"2+VR")+COUNTIF(B168:B168,"3+VR")+COUNTIF(B168:B168,"VR+1")+COUNTIF(B168:B168,"VR+2")+COUNTIF(B168:B168,"VR+3")+COUNTIF(B168:B168,"1+VR+VL")+COUNTIF(B168:B168,"VR+VL+1"))+(COUNTIF(K8:K14,"=VR")+COUNTIF(K8:K14,"1+VR")+COUNTIF(K8:K14,"2+VR")+COUNTIF(K8:K14,"3+VR")+COUNTIF(K8:K14,"VR+1")+COUNTIF(K8:K14,"VR+2")+COUNTIF(K8:K14,"VR+3")+COUNTIF(K8:K14,"1+VR+VL")+COUNTIF(K8:K14,"VR+VL+1"))+(COUNTIF(K19:K25,"=VR")+COUNTIF(K19:K25,"1+VR")+COUNTIF(K19:K25,"2+VR")+COUNTIF(K19:K25,"3+VR")+COUNTIF(K19:K25,"VR+1")+COUNTIF(K19:K25,"VR+2")+COUNTIF(K19:K25,"VR+3")+COUNTIF(K19:K25,"1+VR+VL")+COUNTIF(K19:K25,"VR+VL+1")) | C4: =(COUNTIF(C8:C16,"=VR")+COUNTIF(C8:C16,"1+VR")+COUNTIF(C8:C16,"2+VR")+COUNTIF(C8:C16,"3+VR")+COUNTIF(C8:C16,"VR+1")+COUNTIF(C8:C16,"VR+2")+COUNTIF(C8:C16,"VR+3")+COUNTIF(C8:C16,"1+VR+VL")+COUNTIF(C8:C16,"VR+VL+1"))+(COUNTIF(C21:C25,"=VR")+COUNTIF(C21:C25,"1+VR")+COUNTIF(C21:C25,"2+VR")+COUNTIF(C21:C25,"3+VR")+COUNTIF(C21:C25,"VR+1")+COUNTIF(C21:C25,"VR+2")+COUNTIF(C21:C25,"VR+3")+COUNTIF(C21:C25,"1+VR+VL")+COUNTIF(C21:C25,"VR+VL+1"))+(COUNTIF(C30:C37,"=VR")+COUNTIF(C30:C37,"1+VR")+COUNTIF(C30:C37,"2+VR")+COUNTIF(C30:C37,"3+VR")+COUNTIF(C30:C37,"VR+1")+COUNTIF(C30:C37,"VR+2")+COUNTIF(C30:C37,"VR+3")+COUNTIF(C30:C37,"1+VR+VL")+COUNTIF(C30:C37,"VR+VL+1"))+(COUNTIF(C42:C50,"=VR")+COUNTIF(C42:C50,"1+VR")+COUNTIF(C42:C50,"2+VR")+COUNTIF(C42:C50,"3+VR")+COUNTIF(C42:C50,"VR+1")+COUNTIF(C42:C50,"VR+2")+COUNTIF(C42:C50,"VR+3")+COUNTIF(C42:C50,"1+VR+VL")+COUNTIF(C42:C50,"VR+VL+1"))+(COUNTIF(C55:C63,"=VR")+COUNTIF(C55:C63,"1+VR")+COUNTIF(C55:C63,"2+VR")+COUNTIF(C55:C63,"3+VR")+COUNTIF(C55:C63,"VR+1")+COUNTIF(C55:C63,"VR+2")+COUNTIF(C55:C63,"VR+3")+COUNTIF(C55:C63,"1+VR+VL")+COUNTIF(C55:C63,"VR+VL+1"))+(COUNTIF(C68:C75,"=VR")+COUNTIF(C68:C75,"1+VR")+COUNTIF(C68:C75,"2+VR")+COUNTIF(C68:C75,"3+VR")+COUNTIF(C68:C75,"VR+1")+COUNTIF(C68:C75,"VR+2")+COUNTIF(C68:C75,"VR+3")+COUNTIF(C68:C75,"1+VR+VL")+COUNTIF(C68:C75,"VR+VL+1"))+(COUNTIF(C80:C83,"=VR")+COUNTIF(C80:C83,"1+VR")+COUNTIF(C80:C83,"2+VR")+COUNTIF(C80:C83,"3+VR")+COUNTIF(C80:C83,"VR+1")+COUNTIF(C80:C83,"VR+2")+COUNTIF(C80:C83,"VR+3")+COUNTIF(C80:C83,"1+VR+VL")+COUNTIF(C80:C83,"VR+VL+1"))+(COUNTIF(C88:C91,"=VR")+COUNTIF(C88:C91,"1+VR")+COUNTIF(C88:C91,"2+VR")+COUNTIF(C88:C91,"3+VR")+COUNTIF(C88:C91,"VR+1")+COUNTIF(C88:C91,"VR+2")+COUNTIF(C88:C91,"VR+3")+COUNTIF(C88:C91,"1+VR+VL")+COUNTIF(C88:C91,"VR+VL+1"))+(COUNTIF(C96:C105,"=VR")+COUNTIF(C96:C105,"1+VR")+COUNTIF(C96:C105,"2+VR")+COUNTIF(C96:C105,"3+VR")+COUNTIF(C96:C105,"VR+1")+COUNTIF(C96:C105,"VR+2")+COUNTIF(C96:C105,"VR+3")+COUNTIF(C96:C105,"1+VR+VL")+COUNTIF(C96:C105,"VR+VL+1"))+(COUNTIF(C110:C115,"=VR")+COUNTIF(C110:C115,"1+VR")+COUNTIF(C110:C115,"2+VR")+COUNTIF(C110:C115,"3+VR")+COUNTIF(C110:C115,"VR+1")+COUNTIF(C110:C115,"VR+2")+COUNTIF(C110:C115,"VR+3")+COUNTIF(C110:C115,"1+VR+VL")+COUNTIF(C110:C115,"VR+VL+1"))+(COUNTIF(C120:C125,"=VR")+COUNTIF(C120:C125,"1+VR")+COUNTIF(C120:C125,"2+VR")+COUNTIF(C120:C125,"3+VR")+COUNTIF(C120:C125,"VR+1")+COUNTIF(C120:C125,"VR+2")+COUNTIF(C120:C125,"VR+3")+COUNTIF(C120:C125,"1+VR+VL")+COUNTIF(C120:C125,"VR+VL+1"))+(COUNTIF(C130:C131,"=VR")+COUNTIF(C130:C131,"1+VR")+COUNTIF(C130:C131,"2+VR")+COUNTIF(C130:C131,"3+VR")+COUNTIF(C130:C131,"VR+1")+COUNTIF(C130:C131,"VR+2")+COUNTIF(C130:C131,"VR+3")+COUNTIF(C130:C131,"1+VR+VL")+COUNTIF(C130:C131,"VR+VL+1"))+(COUNTIF(C136:C137,"=VR")+COUNTIF(C136:C137,"1+VR")+COUNTIF(C136:C137,"2+VR")+COUNTIF(C136:C137,"3+VR")+COUNTIF(C136:C137,"VR+1")+COUNTIF(C136:C137,"VR+2")+COUNTIF(C136:C137,"VR+3")+COUNTIF(C136:C137,"1+VR+VL")+COUNTIF(C136:C137,"VR+VL+1"))+(COUNTIF(C142:C147,"=VR")+COUNTIF(C142:C147,"1+VR")+COUNTIF(C142:C147,"2+VR")+COUNTIF(C142:C147,"3+VR")+COUNTIF(C142:C147,"VR+1")+COUNTIF(C142:C147,"VR+2")+COUNTIF(C142:C147,"VR+3")+COUNTIF(C142:C147,"1+VR+VL")+COUNTIF(C142:C147,"VR+VL+1"))+(COUNTIF(C152:C156,"=VR")+COUNTIF(C152:C156,"1+VR")+COUNTIF(C152:C156,"2+VR")+COUNTIF(C152:C156,"3+VR")+COUNTIF(C152:C156,"VR+1")+COUNTIF(C152:C156,"VR+2")+COUNTIF(C152:C156,"VR+3")+COUNTIF(C152:C156,"1+VR+VL")+COUNTIF(C152:C156,"VR+VL+1"))+(COUNTIF(C161:C163,"=VR")+COUNTIF(C161:C163,"1+VR")+COUNTIF(C161:C163,"2+VR")+COUNTIF(C161:C163,"3+VR")+COUNTIF(C161:C163,"VR+1")+COUNTIF(C161:C163,"VR+2")+COUNTIF(C161:C163,"VR+3")+COUNTIF(C161:C163,"1+VR+VL")+COUNTIF(C161:C163,"VR+VL+1"))+(COUNTIF(C168:C168,"=VR")+COUNTIF(C168:C168,"1+VR")+COUNTIF(C168:C168,"2+VR")+COUNTIF(C168:C168,"3+VR")+COUNTIF(C168:C168,"VR+1")+COUNTIF(C168:C168,"VR+2")+COUNTIF(C168:C168,"VR+3")+COUNTIF(C168:C168,"1+VR+VL")+COUNTIF(C168:C168,"VR+VL+1"))+(COUNTIF(L8:L14,"=VR")+COUNTIF(L8:L14,"1+VR")+COUNTIF(L8:L14,"2+VR")+COUNTIF(L8:L14,"3+VR")+COUNTIF(L8:L14,"VR+1")+COUNTIF(L8:L14,"VR+2")+COUNTIF(L8:L14,"VR+3")+COUNTIF(L8:L14,"1+VR+VL")+COUNTIF(L8:L14,"VR+VL+1"))+(COUNTIF(L19:L25,"=VR")+COUNTIF(L19:L25,"1+VR")+COUNTIF(L19:L25,"2+VR")+COUNTIF(L19:L25,"3+VR")+COUNTIF(L19:L25,"VR+1")+COUNTIF(L19:L25,"VR+2")+COUNTIF(L19:L25,"VR+3")+COUNTIF(L19:L25,"1+VR+VL")+COUNTIF(L19:L25,"VR+VL+1")) | D4: =(COUNTIF(D8:D16,"=VR")+COUNTIF(D8:D16,"1+VR")+COUNTIF(D8:D16,"2+VR")+COUNTIF(D8:D16,"3+VR")+COUNTIF(D8:D16,"VR+1")+COUNTIF(D8:D16,"VR+2")+COUNTIF(D8:D16,"VR+3")+COUNTIF(D8:D16,"1+VR+VL")+COUNTIF(D8:D16,"VR+VL+1"))+(COUNTIF(D21:D25,"=VR")+COUNTIF(D21:D25,"1+VR")+COUNTIF(D21:D25,"2+VR")+COUNTIF(D21:D25,"3+VR")+COUNTIF(D21:D25,"VR+1")+COUNTIF(D21:D25,"VR+2")+COUNTIF(D21:D25,"VR+3")+COUNTIF(D21:D25,"1+VR+VL")+COUNTIF(D21:D25,"VR+VL+1"))+(COUNTIF(D30:D37,"=VR")+COUNTIF(D30:D37,"1+VR")+COUNTIF(D30:D37,"2+VR")+COUNTIF(D30:D37,"3+VR")+COUNTIF(D30:D37,"VR+1")+COUNTIF(D30:D37,"VR+2")+COUNTIF(D30:D37,"VR+3")+COUNTIF(D30:D37,"1+VR+VL")+COUNTIF(D30:D37,"VR+VL+1"))+(COUNTIF(D42:D50,"=VR")+COUNTIF(D42:D50,"1+VR")+COUNTIF(D42:D50,"2+VR")+COUNTIF(D42:D50,"3+VR")+COUNTIF(D42:D50,"VR+1")+COUNTIF(D42:D50,"VR+2")+COUNTIF(D42:D50,"VR+3")+COUNTIF(D42:D50,"1+VR+VL")+COUNTIF(D42:D50,"VR+VL+1"))+(COUNTIF(D55:D63,"=VR")+COUNTIF(D55:D63,"1+VR")+COUNTIF(D55:D63,"2+VR")+COUNTIF(D55:D63,"3+VR")+COUNTIF(D55:D63,"VR+1")+COUNTIF(D55:D63,"VR+2")+COUNTIF(D55:D63,"VR+3")+COUNTIF(D55:D63,"1+VR+VL")+COUNTIF(D55:D63,"VR+VL+1"))+(COUNTIF(D68:D75,"=VR")+COUNTIF(D68:D75,"1+VR")+COUNTIF(D68:D75,"2+VR")+COUNTIF(D68:D75,"3+VR")+COUNTIF(D68:D75,"VR+1")+COUNTIF(D68:D75,"VR+2")+COUNTIF(D68:D75,"VR+3")+COUNTIF(D68:D75,"1+VR+VL")+COUNTIF(D68:D75,"VR+VL+1"))+(COUNTIF(D80:D83,"=VR")+COUNTIF(D80:D83,"1+VR")+COUNTIF(D80:D83,"2+VR")+COUNTIF(D80:D83,"3+VR")+COUNTIF(D80:D83,"VR+1")+COUNTIF(D80:D83,"VR+2")+COUNTIF(D80:D83,"VR+3")+COUNTIF(D80:D83,"1+VR+VL")+COUNTIF(D80:D83,"VR+VL+1"))+(COUNTIF(D88:D91,"=VR")+COUNTIF(D88:D91,"1+VR")+COUNTIF(D88:D91,"2+VR")+COUNTIF(D88:D91,"3+VR")+COUNTIF(D88:D91,"VR+1")+COUNTIF(D88:D91,"VR+2")+COUNTIF(D88:D91,"VR+3")+COUNTIF(D88:D91,"1+VR+VL")+COUNTIF(D88:D91,"VR+VL+1"))+(COUNTIF(D96:D105,"=VR")+COUNTIF(D96:D105,"1+VR")+COUNTIF(D96:D105,"2+VR")+COUNTIF(D96:D105,"3+VR")+COUNTIF(D96:D105,"VR+1")+COUNTIF(D96:D105,"VR+2")+COUNTIF(D96:D105,"VR+3")+COUNTIF(D96:D105,"1+VR+VL")+COUNTIF(D96:D105,"VR+VL+1"))+(COUNTIF(D110:D115,"=VR")+COUNTIF(D110:D115,"1+VR")+COUNTIF(D110:D115,"2+VR")+COUNTIF(D110:D115,"3+VR")+COUNTIF(D110:D115,"VR+1")+COUNTIF(D110:D115,"VR+2")+COUNTIF(D110:D115,"VR+3")+COUNTIF(D110:D115,"1+VR+VL")+COUNTIF(D110:D115,"VR+VL+1"))+(COUNTIF(D120:D125,"=VR")+COUNTIF(D120:D125,"1+VR")+COUNTIF(D120:D125,"2+VR")+COUNTIF(D120:D125,"3+VR")+COUNTIF(D120:D125,"VR+1")+COUNTIF(D120:D125,"VR+2")+COUNTIF(D120:D125,"VR+3")+COUNTIF(D120:D125,"1+VR+VL")+COUNTIF(D120:D125,"VR+VL+1"))+(COUNTIF(D130:D131,"=VR")+COUNTIF(D130:D131,"1+VR")+COUNTIF(D130:D131,"2+VR")+COUNTIF(D130:D131,"3+VR")+COUNTIF(D130:D131,"VR+1")+COUNTIF(D130:D131,"VR+2")+COUNTIF(D130:D131,"VR+3")+COUNTIF(D130:D131,"1+VR+VL")+COUNTIF(D130:D131,"VR+VL+1"))+(COUNTIF(D136:D137,"=VR")+COUNTIF(D136:D137,"1+VR")+COUNTIF(D136:D137,"2+VR")+COUNTIF(D136:D137,"3+VR")+COUNTIF(D136:D137,"VR+1")+COUNTIF(D136:D137,"VR+2")+COUNTIF(D136:D137,"VR+3")+COUNTIF(D136:D137,"1+VR+VL")+COUNTIF(D136:D137,"VR+VL+1"))+(COUNTIF(D142:D147,"=VR")+COUNTIF(D142:D147,"1+VR")+COUNTIF(D142:D147,"2+VR")+COUNTIF(D142:D147,"3+VR")+COUNTIF(D142:D147,"VR+1")+COUNTIF(D142:D147,"VR+2")+COUNTIF(D142:D147,"VR+3")+COUNTIF(D142:D147,"1+VR+VL")+COUNTIF(D142:D147,"VR+VL+1"))+(COUNTIF(D152:D156,"=VR")+COUNTIF(D152:D156,"1+VR")+COUNTIF(D152:D156,"2+VR")+COUNTIF(D152:D156,"3+VR")+COUNTIF(D152:D156,"VR+1")+COUNTIF(D152:D156,"VR+2")+COUNTIF(D152:D156,"VR+3")+COUNTIF(D152:D156,"1+VR+VL")+COUNTIF(D152:D156,"VR+VL+1"))+(COUNTIF(D161:D163,"=VR")+COUNTIF(D161:D163,"1+VR")+COUNTIF(D161:D163,"2+VR")+COUNTIF(D161:D163,"3+VR")+COUNTIF(D161:D163,"VR+1")+COUNTIF(D161:D163,"VR+2")+COUNTIF(D161:D163,"VR+3")+COUNTIF(D161:D163,"1+VR+VL")+COUNTIF(D161:D163,"VR+VL+1"))+(COUNTIF(D168:D168,"=VR")+COUNTIF(D168:D168,"1+VR")+COUNTIF(D168:D168,"2+VR")+COUNTIF(D168:D168,"3+VR")+COUNTIF(D168:D168,"VR+1")+COUNTIF(D168:D168,"VR+2")+COUNTIF(D168:D168,"VR+3")+COUNTIF(D168:D168,"1+VR+VL")+COUNTIF(D168:D168,"VR+VL+1"))+(COUNTIF(M8:M14,"=VR")+COUNTIF(M8:M14,"1+VR")+COUNTIF(M8:M14,"2+VR")+COUNTIF(M8:M14,"3+VR")+COUNTIF(M8:M14,"VR+1")+COUNTIF(M8:M14,"VR+2")+COUNTIF(M8:M14,"VR+3")+COUNTIF(M8:M14,"1+VR+VL")+COUNTIF(M8:M14,"VR+VL+1"))+(COUNTIF(M19:M25,"=VR")+COUNTIF(M19:M25,"1+VR")+COUNTIF(M19:M25,"2+VR")+COUNTIF(M19:M25,"3+VR")+COUNTIF(M19:M25,"VR+1")+COUNTIF(M19:M25,"VR+2")+COUNTIF(M19:M25,"VR+3")+COUNTIF(M19:M25,"1+VR+VL")+COUNTIF(M19:M25,"VR+VL+1")) | E4: =(COUNTIF(E8:E16,"=VR")+COUNTIF(E8:E16,"1+VR")+COUNTIF(E8:E16,"2+VR")+COUNTIF(E8:E16,"3+VR")+COUNTIF(E8:E16,"VR+1")+COUNTIF(E8:E16,"VR+2")+COUNTIF(E8:E16,"VR+3")+COUNTIF(E8:E16,"1+VR+VL")+COUNTIF(E8:E16,"VR+VL+1"))+(COUNTIF(E21:E25,"=VR")+COUNTIF(E21:E25,"1+VR")+COUNTIF(E21:E25,"2+VR")+COUNTIF(E21:E25,"3+VR")+COUNTIF(E21:E25,"VR+1")+COUNTIF(E21:E25,"VR+2")+COUNTIF(E21:E25,"VR+3")+COUNTIF(E21:E25,"1+VR+VL")+COUNTIF(E21:E25,"VR+VL+1"))+(COUNTIF(E30:E37,"=VR")+COUNTIF(E30:E37,"1+VR")+COUNTIF(E30:E37,"2+VR")+COUNTIF(E30:E37,"3+VR")+COUNTIF(E30:E37,"VR+1")+COUNTIF(E30:E37,"VR+2")+COUNTIF(E30:E37,"VR+3")+COUNTIF(E30:E37,"1+VR+VL")+COUNTIF(E30:E37,"VR+VL+1"))+(COUNTIF(E42:E50,"=VR")+COUNTIF(E42:E50,"1+VR")+COUNTIF(E42:E50,"2+VR")+COUNTIF(E42:E50,"3+VR")+COUNTIF(E42:E50,"VR+1")+COUNTIF(E42:E50,"VR+2")+COUNTIF(E42:E50,"VR+3")+COUNTIF(E42:E50,"1+VR+VL")+COUNTIF(E42:E50,"VR+VL+1"))+(COUNTIF(E55:E63,"=VR")+COUNTIF(E55:E63,"1+VR")+COUNTIF(E55:E63,"2+VR")+COUNTIF(E55:E63,"3+VR")+COUNTIF(E55:E63,"VR+1")+COUNTIF(E55:E63,"VR+2")+COUNTIF(E55:E63,"VR+3")+COUNTIF(E55:E63,"1+VR+VL")+COUNTIF(E55:E63,"VR+VL+1"))+(COUNTIF(E68:E75,"=VR")+COUNTIF(E68:E75,"1+VR")+COUNTIF(E68:E75,"2+VR")+COUNTIF(E68:E75,"3+VR")+COUNTIF(E68:E75,"VR+1")+COUNTIF(E68:E75,"VR+2")+COUNTIF(E68:E75,"VR+3")+COUNTIF(E68:E75,"1+VR+VL")+COUNTIF(E68:E75,"VR+VL+1"))+(COUNTIF(E80:E83,"=VR")+COUNTIF(E80:E83,"1+VR")+COUNTIF(E80:E83,"2+VR")+COUNTIF(E80:E83,"3+VR")+COUNTIF(E80:E83,"VR+1")+COUNTIF(E80:E83,"VR+2")+COUNTIF(E80:E83,"VR+3")+COUNTIF(E80:E83,"1+VR+VL")+COUNTIF(E80:E83,"VR+VL+1"))+(COUNTIF(E88:E91,"=VR")+COUNTIF(E88:E91,"1+VR")+COUNTIF(E88:E91,"2+VR")+COUNTIF(E88:E91,"3+VR")+COUNTIF(E88:E91,"VR+1")+COUNTIF(E88:E91,"VR+2")+COUNTIF(E88:E91,"VR+3")+COUNTIF(E88:E91,"1+VR+VL")+COUNTIF(E88:E91,"VR+VL+1"))+(COUNTIF(E96:E105,"=VR")+COUNTIF(E96:E105,"1+VR")+COUNTIF(E96:E105,"2+VR")+COUNTIF(E96:E105,"3+VR")+COUNTIF(E96:E105,"VR+1")+COUNTIF(E96:E105,"VR+2")+COUNTIF(E96:E105,"VR+3")+COUNTIF(E96:E105,"1+VR+VL")+COUNTIF(E96:E105,"VR+VL+1"))+(COUNTIF(E110:E115,"=VR")+COUNTIF(E110:E115,"1+VR")+COUNTIF(E110:E115,"2+VR")+COUNTIF(E110:E115,"3+VR")+COUNTIF(E110:E115,"VR+1")+COUNTIF(E110:E115,"VR+2")+COUNTIF(E110:E115,"VR+3")+COUNTIF(E110:E115,"1+VR+VL")+COUNTIF(E110:E115,"VR+VL+1"))+(COUNTIF(E120:E125,"=VR")+COUNTIF(E120:E125,"1+VR")+COUNTIF(E120:E125,"2+VR")+COUNTIF(E120:E125,"3+VR")+COUNTIF(E120:E125,"VR+1")+COUNTIF(E120:E125,"VR+2")+COUNTIF(E120:E125,"VR+3")+COUNTIF(E120:E125,"1+VR+VL")+COUNTIF(E120:E125,"VR+VL+1"))+(COUNTIF(E130:E131,"=VR")+COUNTIF(E130:E131,"1+VR")+COUNTIF(E130:E131,"2+VR")+COUNTIF(E130:E131,"3+VR")+COUNTIF(E130:E131,"VR+1")+COUNTIF(E130:E131,"VR+2")+COUNTIF(E130:E131,"VR+3")+COUNTIF(E130:E131,"1+VR+VL")+COUNTIF(E130:E131,"VR+VL+1"))+(COUNTIF(E136:E137,"=VR")+COUNTIF(E136:E137,"1+VR")+COUNTIF(E136:E137,"2+VR")+COUNTIF(E136:E137,"3+VR")+COUNTIF(E136:E137,"VR+1")+COUNTIF(E136:E137,"VR+2")+COUNTIF(E136:E137,"VR+3")+COUNTIF(E136:E137,"1+VR+VL")+COUNTIF(E136:E137,"VR+VL+1"))+(COUNTIF(E142:E147,"=VR")+COUNTIF(E142:E147,"1+VR")+COUNTIF(E142:E147,"2+VR")+COUNTIF(E142:E147,"3+VR")+COUNTIF(E142:E147,"VR+1")+COUNTIF(E142:E147,"VR+2")+COUNTIF(E142:E147,"VR+3")+COUNTIF(E142:E147,"1+VR+VL")+COUNTIF(E142:E147,"VR+VL+1"))+(COUNTIF(E152:E156,"=VR")+COUNTIF(E152:E156,"1+VR")+COUNTIF(E152:E156,"2+VR")+COUNTIF(E152:E156,"3+VR")+COUNTIF(E152:E156,"VR+1")+COUNTIF(E152:E156,"VR+2")+COUNTIF(E152:E156,"VR+3")+COUNTIF(E152:E156,"1+VR+VL")+COUNTIF(E152:E156,"VR+VL+1"))+(COUNTIF(E161:E163,"=VR")+COUNTIF(E161:E163,"1+VR")+COUNTIF(E161:E163,"2+VR")+COUNTIF(E161:E163,"3+VR")+COUNTIF(E161:E163,"VR+1")+COUNTIF(E161:E163,"VR+2")+COUNTIF(E161:E163,"VR+3")+COUNTIF(E161:E163,"1+VR+VL")+COUNTIF(E161:E163,"VR+VL+1"))+(COUNTIF(E168:E168,"=VR")+COUNTIF(E168:E168,"1+VR")+COUNTIF(E168:E168,"2+VR")+COUNTIF(E168:E168,"3+VR")+COUNTIF(E168:E168,"VR+1")+COUNTIF(E168:E168,"VR+2")+COUNTIF(E168:E168,"VR+3")+COUNTIF(E168:E168,"1+VR+VL")+COUNTIF(E168:E168,"VR+VL+1"))+(COUNTIF(N8:N14,"=VR")+COUNTIF(N8:N14,"1+VR")+COUNTIF(N8:N14,"2+VR")+COUNTIF(N8:N14,"3+VR")+COUNTIF(N8:N14,"VR+1")+COUNTIF(N8:N14,"VR+2")+COUNTIF(N8:N14,"VR+3")+COUNTIF(N8:N14,"1+VR+VL")+COUNTIF(N8:N14,"VR+VL+1"))+(COUNTIF(N19:N25,"=VR")+COUNTIF(N19:N25,"1+VR")+COUNTIF(N19:N25,"2+VR")+COUNTIF(N19:N25,"3+VR")+COUNTIF(N19:N25,"VR+1")+COUNTIF(N19:N25,"VR+2")+COUNTIF(N19:N25,"VR+3")+COUNTIF(N19:N25,"1+VR+VL")+COUNTIF(N19:N25,"VR+VL+1")) | F4: =(COUNTIF(F8:F16,"=VR")+COUNTIF(F8:F16,"1+VR")+COUNTIF(F8:F16,"2+VR")+COUNTIF(F8:F16,"3+VR")+COUNTIF(F8:F16,"VR+1")+COUNTIF(F8:F16,"VR+2")+COUNTIF(F8:F16,"VR+3")+COUNTIF(F8:F16,"1+VR+VL")+COUNTIF(F8:F16,"VR+VL+1"))+(COUNTIF(F21:F25,"=VR")+COUNTIF(F21:F25,"1+VR")+COUNTIF(F21:F25,"2+VR")+COUNTIF(F21:F25,"3+VR")+COUNTIF(F21:F25,"VR+1")+COUNTIF(F21:F25,"VR+2")+COUNTIF(F21:F25,"VR+3")+COUNTIF(F21:F25,"1+VR+VL")+COUNTIF(F21:F25,"VR+VL+1"))+(COUNTIF(F30:F37,"=VR")+COUNTIF(F30:F37,"1+VR")+COUNTIF(F30:F37,"2+VR")+COUNTIF(F30:F37,"3+VR")+COUNTIF(F30:F37,"VR+1")+COUNTIF(F30:F37,"VR+2")+COUNTIF(F30:F37,"VR+3")+COUNTIF(F30:F37,"1+VR+VL")+COUNTIF(F30:F37,"VR+VL+1"))+(COUNTIF(F42:F50,"=VR")+COUNTIF(F42:F50,"1+VR")+COUNTIF(F42:F50,"2+VR")+COUNTIF(F42:F50,"3+VR")+COUNTIF(F42:F50,"VR+1")+COUNTIF(F42:F50,"VR+2")+COUNTIF(F42:F50,"VR+3")+COUNTIF(F42:F50,"1+VR+VL")+COUNTIF(F42:F50,"VR+VL+1"))+(COUNTIF(F55:F63,"=VR")+COUNTIF(F55:F63,"1+VR")+COUNTIF(F55:F63,"2+VR")+COUNTIF(F55:F63,"3+VR")+COUNTIF(F55:F63,"VR+1")+COUNTIF(F55:F63,"VR+2")+COUNTIF(F55:F63,"VR+3")+COUNTIF(F55:F63,"1+VR+VL")+COUNTIF(F55:F63,"VR+VL+1"))+(COUNTIF(F68:F75,"=VR")+COUNTIF(F68:F75,"1+VR")+COUNTIF(F68:F75,"2+VR")+COUNTIF(F68:F75,"3+VR")+COUNTIF(F68:F75,"VR+1")+COUNTIF(F68:F75,"VR+2")+COUNTIF(F68:F75,"VR+3")+COUNTIF(F68:F75,"1+VR+VL")+COUNTIF(F68:F75,"VR+VL+1"))+(COUNTIF(F80:F83,"=VR")+COUNTIF(F80:F83,"1+VR")+COUNTIF(F80:F83,"2+VR")+COUNTIF(F80:F83,"3+VR")+COUNTIF(F80:F83,"VR+1")+COUNTIF(F80:F83,"VR+2")+COUNTIF(F80:F83,"VR+3")+COUNTIF(F80:F83,"1+VR+VL")+COUNTIF(F80:F83,"VR+VL+1"))+(COUNTIF(F88:F91,"=VR")+COUNTIF(F88:F91,"1+VR")+COUNTIF(F88:F91,"2+VR")+COUNTIF(F88:F91,"3+VR")+COUNTIF(F88:F91,"VR+1")+COUNTIF(F88:F91,"VR+2")+COUNTIF(F88:F91,"VR+3")+COUNTIF(F88:F91,"1+VR+VL")+COUNTIF(F88:F91,"VR+VL+1"))+(COUNTIF(F96:F105,"=VR")+COUNTIF(F96:F105,"1+VR")+COUNTIF(F96:F105,"2+VR")+COUNTIF(F96:F105,"3+VR")+COUNTIF(F96:F105,"VR+1")+COUNTIF(F96:F105,"VR+2")+COUNTIF(F96:F105,"VR+3")+COUNTIF(F96:F105,"1+VR+VL")+COUNTIF(F96:F105,"VR+VL+1"))+(COUNTIF(F110:F115,"=VR")+COUNTIF(F110:F115,"1+VR")+COUNTIF(F110:F115,"2+VR")+COUNTIF(F110:F115,"3+VR")+COUNTIF(F110:F115,"VR+1")+COUNTIF(F110:F115,"VR+2")+COUNTIF(F110:F115,"VR+3")+COUNTIF(F110:F115,"1+VR+VL")+COUNTIF(F110:F115,"VR+VL+1"))+(COUNTIF(F120:F125,"=VR")+COUNTIF(F120:F125,"1+VR")+COUNTIF(F120:F125,"2+VR")+COUNTIF(F120:F125,"3+VR")+COUNTIF(F120:F125,"VR+1")+COUNTIF(F120:F125,"VR+2")+COUNTIF(F120:F125,"VR+3")+COUNTIF(F120:F125,"1+VR+VL")+COUNTIF(F120:F125,"VR+VL+1"))+(COUNTIF(F130:F131,"=VR")+COUNTIF(F130:F131,"1+VR")+COUNTIF(F130:F131,"2+VR")+COUNTIF(F130:F131,"3+VR")+COUNTIF(F130:F131,"VR+1")+COUNTIF(F130:F131,"VR+2")+COUNTIF(F130:F131,"VR+3")+COUNTIF(F130:F131,"1+VR+VL")+COUNTIF(F130:F131,"VR+VL+1"))+(COUNTIF(F136:F137,"=VR")+COUNTIF(F136:F137,"1+VR")+COUNTIF(F136:F137,"2+VR")+COUNTIF(F136:F137,"3+VR")+COUNTIF(F136:F137,"VR+1")+COUNTIF(F136:F137,"VR+2")+COUNTIF(F136:F137,"VR+3")+COUNTIF(F136:F137,"1+VR+VL")+COUNTIF(F136:F137,"VR+VL+1"))+(COUNTIF(F142:F147,"=VR")+COUNTIF(F142:F147,"1+VR")+COUNTIF(F142:F147,"2+VR")+COUNTIF(F142:F147,"3+VR")+COUNTIF(F142:F147,"VR+1")+COUNTIF(F142:F147,"VR+2")+COUNTIF(F142:F147,"VR+3")+COUNTIF(F142:F147,"1+VR+VL")+COUNTIF(F142:F147,"VR+VL+1"))+(COUNTIF(F152:F156,"=VR")+COUNTIF(F152:F156,"1+VR")+COUNTIF(F152:F156,"2+VR")+COUNTIF(F152:F156,"3+VR")+COUNTIF(F152:F156,"VR+1")+COUNTIF(F152:F156,"VR+2")+COUNTIF(F152:F156,"VR+3")+COUNTIF(F152:F156,"1+VR+VL")+COUNTIF(F152:F156,"VR+VL+1"))+(COUNTIF(F161:F163,"=VR")+COUNTIF(F161:F163,"1+VR")+COUNTIF(F161:F163,"2+VR")+COUNTIF(F161:F163,"3+VR")+COUNTIF(F161:F163,"VR+1")+COUNTIF(F161:F163,"VR+2")+COUNTIF(F161:F163,"VR+3")+COUNTIF(F161:F163,"1+VR+VL")+COUNTIF(F161:F163,"VR+VL+1"))+(COUNTIF(F168:F168,"=VR")+COUNTIF(F168:F168,"1+VR")+COUNTIF(F168:F168,"2+VR")+COUNTIF(F168:F168,"3+VR")+COUNTIF(F168:F168,"VR+1")+COUNTIF(F168:F168,"VR+2")+COUNTIF(F168:F168,"VR+3")+COUNTIF(F168:F168,"1+VR+VL")+COUNTIF(F168:F168,"VR+VL+1"))+(COUNTIF(O8:O14,"=VR")+COUNTIF(O8:O14,"1+VR")+COUNTIF(O8:O14,"2+VR")+COUNTIF(O8:O14,"3+VR")+COUNTIF(O8:O14,"VR+1")+COUNTIF(O8:O14,"VR+2")+COUNTIF(O8:O14,"VR+3")+COUNTIF(O8:O14,"1+VR+VL")+COUNTIF(O8:O14,"VR+VL+1"))+(COUNTIF(O19:O25,"=VR")+COUNTIF(O19:O25,"1+VR")+COUNTIF(O19:O25,"2+VR")+COUNTIF(O19:O25,"3+VR")+COUNTIF(O19:O25,"VR+1")+COUNTIF(O19:O25,"VR+2")+COUNTIF(O19:O25,"VR+3")+COUNTIF(O19:O25,"1+VR+VL")+COUNTIF(O19:O25,"VR+VL+1")) | G4: =(COUNTIF(G8:G16,"=VR")+COUNTIF(G8:G16,"1+VR")+COUNTIF(G8:G16,"2+VR")+COUNTIF(G8:G16,"3+VR")+COUNTIF(G8:G16,"VR+1")+COUNTIF(G8:G16,"VR+2")+COUNTIF(G8:G16,"VR+3")+COUNTIF(G8:G16,"1+VR+VL")+COUNTIF(G8:G16,"VR+VL+1"))+(COUNTIF(G21:G25,"=VR")+COUNTIF(G21:G25,"1+VR")+COUNTIF(G21:G25,"2+VR")+COUNTIF(G21:G25,"3+VR")+COUNTIF(G21:G25,"VR+1")+COUNTIF(G21:G25,"VR+2")+COUNTIF(G21:G25,"VR+3")+COUNTIF(G21:G25,"1+VR+VL")+COUNTIF(G21:G25,"VR+VL+1"))+(COUNTIF(G30:G37,"=VR")+COUNTIF(G30:G37,"1+VR")+COUNTIF(G30:G37,"2+VR")+COUNTIF(G30:G37,"3+VR")+COUNTIF(G30:G37,"VR+1")+COUNTIF(G30:G37,"VR+2")+COUNTIF(G30:G37,"VR+3")+COUNTIF(G30:G37,"1+VR+VL")+COUNTIF(G30:G37,"VR+VL+1"))+(COUNTIF(G42:G50,"=VR")+COUNTIF(G42:G50,"1+VR")+COUNTIF(G42:G50,"2+VR")+COUNTIF(G42:G50,"3+VR")+COUNTIF(G42:G50,"VR+1")+COUNTIF(G42:G50,"VR+2")+COUNTIF(G42:G50,"VR+3")+COUNTIF(G42:G50,"1+VR+VL")+COUNTIF(G42:G50,"VR+VL+1"))+(COUNTIF(G55:G63,"=VR")+COUNTIF(G55:G63,"1+VR")+COUNTIF(G55:G63,"2+VR")+COUNTIF(G55:G63,"3+VR")+COUNTIF(G55:G63,"VR+1")+COUNTIF(G55:G63,"VR+2")+COUNTIF(G55:G63,"VR+3")+COUNTIF(G55:G63,"1+VR+VL")+COUNTIF(G55:G63,"VR+VL+1"))+(COUNTIF(G68:G75,"=VR")+COUNTIF(G68:G75,"1+VR")+COUNTIF(G68:G75,"2+VR")+COUNTIF(G68:G75,"3+VR")+COUNTIF(G68:G75,"VR+1")+COUNTIF(G68:G75,"VR+2")+COUNTIF(G68:G75,"VR+3")+COUNTIF(G68:G75,"1+VR+VL")+COUNTIF(G68:G75,"VR+VL+1"))+(COUNTIF(G80:G83,"=VR")+COUNTIF(G80:G83,"1+VR")+COUNTIF(G80:G83,"2+VR")+COUNTIF(G80:G83,"3+VR")+COUNTIF(G80:G83,"VR+1")+COUNTIF(G80:G83,"VR+2")+COUNTIF(G80:G83,"VR+3")+COUNTIF(G80:G83,"1+VR+VL")+COUNTIF(G80:G83,"VR+VL+1"))+(COUNTIF(G88:G91,"=VR")+COUNTIF(G88:G91,"1+VR")+COUNTIF(G88:G91,"2+VR")+COUNTIF(G88:G91,"3+VR")+COUNTIF(G88:G91,"VR+1")+COUNTIF(G88:G91,"VR+2")+COUNTIF(G88:G91,"VR+3")+COUNTIF(G88:G91,"1+VR+VL")+COUNTIF(G88:G91,"VR+VL+1"))+(COUNTIF(G96:G105,"=VR")+COUNTIF(G96:G105,"1+VR")+COUNTIF(G96:G105,"2+VR")+COUNTIF(G96:G105,"3+VR")+COUNTIF(G96:G105,"VR+1")+COUNTIF(G96:G105,"VR+2")+COUNTIF(G96:G105,"VR+3")+COUNTIF(G96:G105,"1+VR+VL")+COUNTIF(G96:G105,"VR+VL+1"))+(COUNTIF(G110:G115,"=VR")+COUNTIF(G110:G115,"1+VR")+COUNTIF(G110:G115,"2+VR")+COUNTIF(G110:G115,"3+VR")+COUNTIF(G110:G115,"VR+1")+COUNTIF(G110:G115,"VR+2")+COUNTIF(G110:G115,"VR+3")+COUNTIF(G110:G115,"1+VR+VL")+COUNTIF(G110:G115,"VR+VL+1"))+(COUNTIF(G120:G125,"=VR")+COUNTIF(G120:G125,"1+VR")+COUNTIF(G120:G125,"2+VR")+COUNTIF(G120:G125,"3+VR")+COUNTIF(G120:G125,"VR+1")+COUNTIF(G120:G125,"VR+2")+COUNTIF(G120:G125,"VR+3")+COUNTIF(G120:G125,"1+VR+VL")+COUNTIF(G120:G125,"VR+VL+1"))+(COUNTIF(G130:G131,"=VR")+COUNTIF(G130:G131,"1+VR")+COUNTIF(G130:G131,"2+VR")+COUNTIF(G130:G131,"3+VR")+COUNTIF(G130:G131,"VR+1")+COUNTIF(G130:G131,"VR+2")+COUNTIF(G130:G131,"VR+3")+COUNTIF(G130:G131,"1+VR+VL")+COUNTIF(G130:G131,"VR+VL+1"))+(COUNTIF(G136:G137,"=VR")+COUNTIF(G136:G137,"1+VR")+COUNTIF(G136:G137,"2+VR")+COUNTIF(G136:G137,"3+VR")+COUNTIF(G136:G137,"VR+1")+COUNTIF(G136:G137,"VR+2")+COUNTIF(G136:G137,"VR+3")+COUNTIF(G136:G137,"1+VR+VL")+COUNTIF(G136:G137,"VR+VL+1"))+(COUNTIF(G142:G147,"=VR")+COUNTIF(G142:G147,"1+VR")+COUNTIF(G142:G147,"2+VR")+COUNTIF(G142:G147,"3+VR")+COUNTIF(G142:G147,"VR+1")+COUNTIF(G142:G147,"VR+2")+COUNTIF(G142:G147,"VR+3")+COUNTIF(G142:G147,"1+VR+VL")+COUNTIF(G142:G147,"VR+VL+1"))+(COUNTIF(G152:G156,"=VR")+COUNTIF(G152:G156,"1+VR")+COUNTIF(G152:G156,"2+VR")+COUNTIF(G152:G156,"3+VR")+COUNTIF(G152:G156,"VR+1")+COUNTIF(G152:G156,"VR+2")+COUNTIF(G152:G156,"VR+3")+COUNTIF(G152:G156,"1+VR+VL")+COUNTIF(G152:G156,"VR+VL+1"))+(COUNTIF(G161:G163,"=VR")+COUNTIF(G161:G163,"1+VR")+COUNTIF(G161:G163,"2+VR")+COUNTIF(G161:G163,"3+VR")+COUNTIF(G161:G163,"VR+1")+COUNTIF(G161:G163,"VR+2")+COUNTIF(G161:G163,"VR+3")+COUNTIF(G161:G163,"1+VR+VL")+COUNTIF(G161:G163,"VR+VL+1"))+(COUNTIF(G168:G168,"=VR")+COUNTIF(G168:G168,"1+VR")+COUNTIF(G168:G168,"2+VR")+COUNTIF(G168:G168,"3+VR")+COUNTIF(G168:G168,"VR+1")+COUNTIF(G168:G168,"VR+2")+COUNTIF(G168:G168,"VR+3")+COUNTIF(G168:G168,"1+VR+VL")+COUNTIF(G168:G168,"VR+VL+1"))+(COUNTIF(P8:P14,"=VR")+COUNTIF(P8:P14,"1+VR")+COUNTIF(P8:P14,"2+VR")+COUNTIF(P8:P14,"3+VR")+COUNTIF(P8:P14,"VR+1")+COUNTIF(P8:P14,"VR+2")+COUNTIF(P8:P14,"VR+3")+COUNTIF(P8:P14,"1+VR+VL")+COUNTIF(P8:P14,"VR+VL+1"))+(COUNTIF(P19:P25,"=VR")+COUNTIF(P19:P25,"1+VR")+COUNTIF(P19:P25,"2+VR")+COUNTIF(P19:P25,"3+VR")+COUNTIF(P19:P25,"VR+1")+COUNTIF(P19:P25,"VR+2")+COUNTIF(P19:P25,"VR+3")+COUNTIF(P19:P25,"1+VR+VL")+COUNTIF(P19:P25,"VR+VL+1")) | H4: =(COUNTIF(H8:H16,"=VR")+COUNTIF(H8:H16,"1+VR")+COUNTIF(H8:H16,"2+VR")+COUNTIF(H8:H16,"3+VR")+COUNTIF(H8:H16,"VR+1")+COUNTIF(H8:H16,"VR+2")+COUNTIF(H8:H16,"VR+3")+COUNTIF(H8:H16,"1+VR+VL")+COUNTIF(H8:H16,"VR+VL+1"))+(COUNTIF(H21:H25,"=VR")+COUNTIF(H21:H25,"1+VR")+COUNTIF(H21:H25,"2+VR")+COUNTIF(H21:H25,"3+VR")+COUNTIF(H21:H25,"VR+1")+COUNTIF(H21:H25,"VR+2")+COUNTIF(H21:H25,"VR+3")+COUNTIF(H21:H25,"1+VR+VL")+COUNTIF(H21:H25,"VR+VL+1"))+(COUNTIF(H30:H37,"=VR")+COUNTIF(H30:H37,"1+VR")+COUNTIF(H30:H37,"2+VR")+COUNTIF(H30:H37,"3+VR")+COUNTIF(H30:H37,"VR+1")+COUNTIF(H30:H37,"VR+2")+COUNTIF(H30:H37,"VR+3")+COUNTIF(H30:H37,"1+VR+VL")+COUNTIF(H30:H37,"VR+VL+1"))+(COUNTIF(H42:H50,"=VR")+COUNTIF(H42:H50,"1+VR")+COUNTIF(H42:H50,"2+VR")+COUNTIF(H42:H50,"3+VR")+COUNTIF(H42:H50,"VR+1")+COUNTIF(H42:H50,"VR+2")+COUNTIF(H42:H50,"VR+3")+COUNTIF(H42:H50,"1+VR+VL")+COUNTIF(H42:H50,"VR+VL+1"))+(COUNTIF(H55:H63,"=VR")+COUNTIF(H55:H63,"1+VR")+COUNTIF(H55:H63,"2+VR")+COUNTIF(H55:H63,"3+VR")+COUNTIF(H55:H63,"VR+1")+COUNTIF(H55:H63,"VR+2")+COUNTIF(H55:H63,"VR+3")+COUNTIF(H55:H63,"1+VR+VL")+COUNTIF(H55:H63,"VR+VL+1"))+(COUNTIF(H68:H75,"=VR")+COUNTIF(H68:H75,"1+VR")+COUNTIF(H68:H75,"2+VR")+COUNTIF(H68:H75,"3+VR")+COUNTIF(H68:H75,"VR+1")+COUNTIF(H68:H75,"VR+2")+COUNTIF(H68:H75,"VR+3")+COUNTIF(H68:H75,"1+VR+VL")+COUNTIF(H68:H75,"VR+VL+1"))+(COUNTIF(H80:H83,"=VR")+COUNTIF(H80:H83,"1+VR")+COUNTIF(H80:H83,"2+VR")+COUNTIF(H80:H83,"3+VR")+COUNTIF(H80:H83,"VR+1")+COUNTIF(H80:H83,"VR+2")+COUNTIF(H80:H83,"VR+3")+COUNTIF(H80:H83,"1+VR+VL")+COUNTIF(H80:H83,"VR+VL+1"))+(COUNTIF(H88:H91,"=VR")+COUNTIF(H88:H91,"1+VR")+COUNTIF(H88:H91,"2+VR")+COUNTIF(H88:H91,"3+VR")+COUNTIF(H88:H91,"VR+1")+COUNTIF(H88:H91,"VR+2")+COUNTIF(H88:H91,"VR+3")+COUNTIF(H88:H91,"1+VR+VL")+COUNTIF(H88:H91,"VR+VL+1"))+(COUNTIF(H96:H105,"=VR")+COUNTIF(H96:H105,"1+VR")+COUNTIF(H96:H105,"2+VR")+COUNTIF(H96:H105,"3+VR")+COUNTIF(H96:H105,"VR+1")+COUNTIF(H96:H105,"VR+2")+COUNTIF(H96:H105,"VR+3")+COUNTIF(H96:H105,"1+VR+VL")+COUNTIF(H96:H105,"VR+VL+1"))+(COUNTIF(H110:H115,"=VR")+COUNTIF(H110:H115,"1+VR")+COUNTIF(H110:H115,"2+VR")+COUNTIF(H110:H115,"3+VR")+COUNTIF(H110:H115,"VR+1")+COUNTIF(H110:H115,"VR+2")+COUNTIF(H110:H115,"VR+3")+COUNTIF(H110:H115,"1+VR+VL")+COUNTIF(H110:H115,"VR+VL+1"))+(COUNTIF(H120:H125,"=VR")+COUNTIF(H120:H125,"1+VR")+COUNTIF(H120:H125,"2+VR")+COUNTIF(H120:H125,"3+VR")+COUNTIF(H120:H125,"VR+1")+COUNTIF(H120:H125,"VR+2")+COUNTIF(H120:H125,"VR+3")+COUNTIF(H120:H125,"1+VR+VL")+COUNTIF(H120:H125,"VR+VL+1"))+(COUNTIF(H130:H131,"=VR")+COUNTIF(H130:H131,"1+VR")+COUNTIF(H130:H131,"2+VR")+COUNTIF(H130:H131,"3+VR")+COUNTIF(H130:H131,"VR+1")+COUNTIF(H130:H131,"VR+2")+COUNTIF(H130:H131,"VR+3")+COUNTIF(H130:H131,"1+VR+VL")+COUNTIF(H130:H131,"VR+VL+1"))+(COUNTIF(H136:H137,"=VR")+COUNTIF(H136:H137,"1+VR")+COUNTIF(H136:H137,"2+VR")+COUNTIF(H136:H137,"3+VR")+COUNTIF(H136:H137,"VR+1")+COUNTIF(H136:H137,"VR+2")+COUNTIF(H136:H137,"VR+3")+COUNTIF(H136:H137,"1+VR+VL")+COUNTIF(H136:H137,"VR+VL+1"))+(COUNTIF(H142:H147,"=VR")+COUNTIF(H142:H147,"1+VR")+COUNTIF(H142:H147,"2+VR")+COUNTIF(H142:H147,"3+VR")+COUNTIF(H142:H147,"VR+1")+COUNTIF(H142:H147,"VR+2")+COUNTIF(H142:H147,"VR+3")+COUNTIF(H142:H147,"1+VR+VL")+COUNTIF(H142:H147,"VR+VL+1"))+(COUNTIF(H152:H156,"=VR")+COUNTIF(H152:H156,"1+VR")+COUNTIF(H152:H156,"2+VR")+COUNTIF(H152:H156,"3+VR")+COUNTIF(H152:H156,"VR+1")+COUNTIF(H152:H156,"VR+2")+COUNTIF(H152:H156,"VR+3")+COUNTIF(H152:H156,"1+VR+VL")+COUNTIF(H152:H156,"VR+VL+1"))+(COUNTIF(H161:H163,"=VR")+COUNTIF(H161:H163,"1+VR")+COUNTIF(H161:H163,"2+VR")+COUNTIF(H161:H163,"3+VR")+COUNTIF(H161:H163,"VR+1")+COUNTIF(H161:H163,"VR+2")+COUNTIF(H161:H163,"VR+3")+COUNTIF(H161:H163,"1+VR+VL")+COUNTIF(H161:H163,"VR+VL+1"))+(COUNTIF(H168:H168,"=VR")+COUNTIF(H168:H168,"1+VR")+COUNTIF(H168:H168,"2+VR")+COUNTIF(H168:H168,"3+VR")+COUNTIF(H168:H168,"VR+1")+COUNTIF(H168:H168,"VR+2")+COUNTIF(H168:H168,"VR+3")+COUNTIF(H168:H168,"1+VR+VL")+COUNTIF(H168:H168,"VR+VL+1"))+(COUNTIF(Q8:Q14,"=VR")+COUNTIF(Q8:Q14,"1+VR")+COUNTIF(Q8:Q14,"2+VR")+COUNTIF(Q8:Q14,"3+VR")+COUNTIF(Q8:Q14,"VR+1")+COUNTIF(Q8:Q14,"VR+2")+COUNTIF(Q8:Q14,"VR+3")+COUNTIF(Q8:Q14,"1+VR+VL")+COUNTIF(Q8:Q14,"VR+VL+1"))+(COUNTIF(Q19:Q25,"=VR")+COUNTIF(Q19:Q25,"1+VR")+COUNTIF(Q19:Q25,"2+VR")+COUNTIF(Q19:Q25,"3+VR")+COUNTIF(Q19:Q25,"VR+1")+COUNTIF(Q19:Q25,"VR+2")+COUNTIF(Q19:Q25,"VR+3")+COUNTIF(Q19:Q25,"1+VR+VL")+COUNTIF(Q19:Q25,"VR+VL+1"))
A5: VL | B5: =(COUNTIF(B8:B16,"=VL")+COUNTIF(B8:B16,"1+VL")+COUNTIF(B8:B16,"2+VL")+COUNTIF(B8:B16,"3+VL")+COUNTIF(B8:B16,"VL+1")+COUNTIF(B8:B16,"VL+2")+COUNTIF(B8:B16,"VL+3")+COUNTIF(B8:B16,"1+VR+VL")+COUNTIF(B8:B16,"VR+VL+1"))+(COUNTIF(B21:B25,"=VL")+COUNTIF(B21:B25,"1+VL")+COUNTIF(B21:B25,"2+VL")+COUNTIF(B21:B25,"3+VL")+COUNTIF(B21:B25,"VL+1")+COUNTIF(B21:B25,"VL+2")+COUNTIF(B21:B25,"VL+3")+COUNTIF(B21:B25,"1+VR+VL")+COUNTIF(B21:B25,"VR+VL+1"))+(COUNTIF(B30:B37,"=VL")+COUNTIF(B30:B37,"1+VL")+COUNTIF(B30:B37,"2+VL")+COUNTIF(B30:B37,"3+VL")+COUNTIF(B30:B37,"VL+1")+COUNTIF(B30:B37,"VL+2")+COUNTIF(B30:B37,"VL+3")+COUNTIF(B30:B37,"1+VR+VL")+COUNTIF(B30:B37,"VR+VL+1"))+(COUNTIF(B42:B50,"=VL")+COUNTIF(B42:B50,"1+VL")+COUNTIF(B42:B50,"2+VL")+COUNTIF(B42:B50,"3+VL")+COUNTIF(B42:B50,"VL+1")+COUNTIF(B42:B50,"VL+2")+COUNTIF(B42:B50,"VL+3")+COUNTIF(B42:B50,"1+VR+VL")+COUNTIF(B42:B50,"VR+VL+1"))+(COUNTIF(B55:B63,"=VL")+COUNTIF(B55:B63,"1+VL")+COUNTIF(B55:B63,"2+VL")+COUNTIF(B55:B63,"3+VL")+COUNTIF(B55:B63,"VL+1")+COUNTIF(B55:B63,"VL+2")+COUNTIF(B55:B63,"VL+3")+COUNTIF(B55:B63,"1+VR+VL")+COUNTIF(B55:B63,"VR+VL+1"))+(COUNTIF(B68:B75,"=VL")+COUNTIF(B68:B75,"1+VL")+COUNTIF(B68:B75,"2+VL")+COUNTIF(B68:B75,"3+VL")+COUNTIF(B68:B75,"VL+1")+COUNTIF(B68:B75,"VL+2")+COUNTIF(B68:B75,"VL+3")+COUNTIF(B68:B75,"1+VR+VL")+COUNTIF(B68:B75,"VR+VL+1"))+(COUNTIF(B80:B83,"=VL")+COUNTIF(B80:B83,"1+VL")+COUNTIF(B80:B83,"2+VL")+COUNTIF(B80:B83,"3+VL")+COUNTIF(B80:B83,"VL+1")+COUNTIF(B80:B83,"VL+2")+COUNTIF(B80:B83,"VL+3")+COUNTIF(B80:B83,"1+VR+VL")+COUNTIF(B80:B83,"VR+VL+1"))+(COUNTIF(B88:B91,"=VL")+COUNTIF(B88:B91,"1+VL")+COUNTIF(B88:B91,"2+VL")+COUNTIF(B88:B91,"3+VL")+COUNTIF(B88:B91,"VL+1")+COUNTIF(B88:B91,"VL+2")+COUNTIF(B88:B91,"VL+3")+COUNTIF(B88:B91,"1+VR+VL")+COUNTIF(B88:B91,"VR+VL+1"))+(COUNTIF(B96:B105,"=VL")+COUNTIF(B96:B105,"1+VL")+COUNTIF(B96:B105,"2+VL")+COUNTIF(B96:B105,"3+VL")+COUNTIF(B96:B105,"VL+1")+COUNTIF(B96:B105,"VL+2")+COUNTIF(B96:B105,"VL+3")+COUNTIF(B96:B105,"1+VR+VL")+COUNTIF(B96:B105,"VR+VL+1"))+(COUNTIF(B110:B115,"=VL")+COUNTIF(B110:B115,"1+VL")+COUNTIF(B110:B115,"2+VL")+COUNTIF(B110:B115,"3+VL")+COUNTIF(B110:B115,"VL+1")+COUNTIF(B110:B115,"VL+2")+COUNTIF(B110:B115,"VL+3")+COUNTIF(B110:B115,"1+VR+VL")+COUNTIF(B110:B115,"VR+VL+1"))+(COUNTIF(B120:B125,"=VL")+COUNTIF(B120:B125,"1+VL")+COUNTIF(B120:B125,"2+VL")+COUNTIF(B120:B125,"3+VL")+COUNTIF(B120:B125,"VL+1")+COUNTIF(B120:B125,"VL+2")+COUNTIF(B120:B125,"VL+3")+COUNTIF(B120:B125,"1+VR+VL")+COUNTIF(B120:B125,"VR+VL+1"))+(COUNTIF(B130:B131,"=VL")+COUNTIF(B130:B131,"1+VL")+COUNTIF(B130:B131,"2+VL")+COUNTIF(B130:B131,"3+VL")+COUNTIF(B130:B131,"VL+1")+COUNTIF(B130:B131,"VL+2")+COUNTIF(B130:B131,"VL+3")+COUNTIF(B130:B131,"1+VR+VL")+COUNTIF(B130:B131,"VR+VL+1"))+(COUNTIF(B136:B137,"=VL")+COUNTIF(B136:B137,"1+VL")+COUNTIF(B136:B137,"2+VL")+COUNTIF(B136:B137,"3+VL")+COUNTIF(B136:B137,"VL+1")+COUNTIF(B136:B137,"VL+2")+COUNTIF(B136:B137,"VL+3")+COUNTIF(B136:B137,"1+VR+VL")+COUNTIF(B136:B137,"VR+VL+1"))+(COUNTIF(B142:B147,"=VL")+COUNTIF(B142:B147,"1+VL")+COUNTIF(B142:B147,"2+VL")+COUNTIF(B142:B147,"3+VL")+COUNTIF(B142:B147,"VL+1")+COUNTIF(B142:B147,"VL+2")+COUNTIF(B142:B147,"VL+3")+COUNTIF(B142:B147,"1+VR+VL")+COUNTIF(B142:B147,"VR+VL+1"))+(COUNTIF(B152:B156,"=VL")+COUNTIF(B152:B156,"1+VL")+COUNTIF(B152:B156,"2+VL")+COUNTIF(B152:B156,"3+VL")+COUNTIF(B152:B156,"VL+1")+COUNTIF(B152:B156,"VL+2")+COUNTIF(B152:B156,"VL+3")+COUNTIF(B152:B156,"1+VR+VL")+COUNTIF(B152:B156,"VR+VL+1"))+(COUNTIF(B161:B163,"=VL")+COUNTIF(B161:B163,"1+VL")+COUNTIF(B161:B163,"2+VL")+COUNTIF(B161:B163,"3+VL")+COUNTIF(B161:B163,"VL+1")+COUNTIF(B161:B163,"VL+2")+COUNTIF(B161:B163,"VL+3")+COUNTIF(B161:B163,"1+VR+VL")+COUNTIF(B161:B163,"VR+VL+1"))+(COUNTIF(B168:B168,"=VL")+COUNTIF(B168:B168,"1+VL")+COUNTIF(B168:B168,"2+VL")+COUNTIF(B168:B168,"3+VL")+COUNTIF(B168:B168,"VL+1")+COUNTIF(B168:B168,"VL+2")+COUNTIF(B168:B168,"VL+3")+COUNTIF(B168:B168,"1+VR+VL")+COUNTIF(B168:B168,"VR+VL+1"))+(COUNTIF(K8:K14,"=VL")+COUNTIF(K8:K14,"1+VL")+COUNTIF(K8:K14,"2+VL")+COUNTIF(K8:K14,"3+VL")+COUNTIF(K8:K14,"VL+1")+COUNTIF(K8:K14,"VL+2")+COUNTIF(K8:K14,"VL+3")+COUNTIF(K8:K14,"1+VR+VL")+COUNTIF(K8:K14,"VR+VL+1"))+(COUNTIF(K19:K25,"=VL")+COUNTIF(K19:K25,"1+VL")+COUNTIF(K19:K25,"2+VL")+COUNTIF(K19:K25,"3+VL")+COUNTIF(K19:K25,"VL+1")+COUNTIF(K19:K25,"VL+2")+COUNTIF(K19:K25,"VL+3")+COUNTIF(K19:K25,"1+VR+VL")+COUNTIF(K19:K25,"VR+VL+1")) | C5: =(COUNTIF(C8:C16,"=VL")+COUNTIF(C8:C16,"1+VL")+COUNTIF(C8:C16,"2+VL")+COUNTIF(C8:C16,"3+VL")+COUNTIF(C8:C16,"VL+1")+COUNTIF(C8:C16,"VL+2")+COUNTIF(C8:C16,"VL+3")+COUNTIF(C8:C16,"1+VR+VL")+COUNTIF(C8:C16,"VR+VL+1"))+(COUNTIF(C21:C25,"=VL")+COUNTIF(C21:C25,"1+VL")+COUNTIF(C21:C25,"2+VL")+COUNTIF(C21:C25,"3+VL")+COUNTIF(C21:C25,"VL+1")+COUNTIF(C21:C25,"VL+2")+COUNTIF(C21:C25,"VL+3")+COUNTIF(C21:C25,"1+VR+VL")+COUNTIF(C21:C25,"VR+VL+1"))+(COUNTIF(C30:C37,"=VL")+COUNTIF(C30:C37,"1+VL")+COUNTIF(C30:C37,"2+VL")+COUNTIF(C30:C37,"3+VL")+COUNTIF(C30:C37,"VL+1")+COUNTIF(C30:C37,"VL+2")+COUNTIF(C30:C37,"VL+3")+COUNTIF(C30:C37,"1+VR+VL")+COUNTIF(C30:C37,"VR+VL+1"))+(COUNTIF(C42:C50,"=VL")+COUNTIF(C42:C50,"1+VL")+COUNTIF(C42:C50,"2+VL")+COUNTIF(C42:C50,"3+VL")+COUNTIF(C42:C50,"VL+1")+COUNTIF(C42:C50,"VL+2")+COUNTIF(C42:C50,"VL+3")+COUNTIF(C42:C50,"1+VR+VL")+COUNTIF(C42:C50,"VR+VL+1"))+(COUNTIF(C55:C63,"=VL")+COUNTIF(C55:C63,"1+VL")+COUNTIF(C55:C63,"2+VL")+COUNTIF(C55:C63,"3+VL")+COUNTIF(C55:C63,"VL+1")+COUNTIF(C55:C63,"VL+2")+COUNTIF(C55:C63,"VL+3")+COUNTIF(C55:C63,"1+VR+VL")+COUNTIF(C55:C63,"VR+VL+1"))+(COUNTIF(C68:C75,"=VL")+COUNTIF(C68:C75,"1+VL")+COUNTIF(C68:C75,"2+VL")+COUNTIF(C68:C75,"3+VL")+COUNTIF(C68:C75,"VL+1")+COUNTIF(C68:C75,"VL+2")+COUNTIF(C68:C75,"VL+3")+COUNTIF(C68:C75,"1+VR+VL")+COUNTIF(C68:C75,"VR+VL+1"))+(COUNTIF(C80:C83,"=VL")+COUNTIF(C80:C83,"1+VL")+COUNTIF(C80:C83,"2+VL")+COUNTIF(C80:C83,"3+VL")+COUNTIF(C80:C83,"VL+1")+COUNTIF(C80:C83,"VL+2")+COUNTIF(C80:C83,"VL+3")+COUNTIF(C80:C83,"1+VR+VL")+COUNTIF(C80:C83,"VR+VL+1"))+(COUNTIF(C88:C91,"=VL")+COUNTIF(C88:C91,"1+VL")+COUNTIF(C88:C91,"2+VL")+COUNTIF(C88:C91,"3+VL")+COUNTIF(C88:C91,"VL+1")+COUNTIF(C88:C91,"VL+2")+COUNTIF(C88:C91,"VL+3")+COUNTIF(C88:C91,"1+VR+VL")+COUNTIF(C88:C91,"VR+VL+1"))+(COUNTIF(C96:C105,"=VL")+COUNTIF(C96:C105,"1+VL")+COUNTIF(C96:C105,"2+VL")+COUNTIF(C96:C105,"3+VL")+COUNTIF(C96:C105,"VL+1")+COUNTIF(C96:C105,"VL+2")+COUNTIF(C96:C105,"VL+3")+COUNTIF(C96:C105,"1+VR+VL")+COUNTIF(C96:C105,"VR+VL+1"))+(COUNTIF(C110:C115,"=VL")+COUNTIF(C110:C115,"1+VL")+COUNTIF(C110:C115,"2+VL")+COUNTIF(C110:C115,"3+VL")+COUNTIF(C110:C115,"VL+1")+COUNTIF(C110:C115,"VL+2")+COUNTIF(C110:C115,"VL+3")+COUNTIF(C110:C115,"1+VR+VL")+COUNTIF(C110:C115,"VR+VL+1"))+(COUNTIF(C120:C125,"=VL")+COUNTIF(C120:C125,"1+VL")+COUNTIF(C120:C125,"2+VL")+COUNTIF(C120:C125,"3+VL")+COUNTIF(C120:C125,"VL+1")+COUNTIF(C120:C125,"VL+2")+COUNTIF(C120:C125,"VL+3")+COUNTIF(C120:C125,"1+VR+VL")+COUNTIF(C120:C125,"VR+VL+1"))+(COUNTIF(C130:C131,"=VL")+COUNTIF(C130:C131,"1+VL")+COUNTIF(C130:C131,"2+VL")+COUNTIF(C130:C131,"3+VL")+COUNTIF(C130:C131,"VL+1")+COUNTIF(C130:C131,"VL+2")+COUNTIF(C130:C131,"VL+3")+COUNTIF(C130:C131,"1+VR+VL")+COUNTIF(C130:C131,"VR+VL+1"))+(COUNTIF(C136:C137,"=VL")+COUNTIF(C136:C137,"1+VL")+COUNTIF(C136:C137,"2+VL")+COUNTIF(C136:C137,"3+VL")+COUNTIF(C136:C137,"VL+1")+COUNTIF(C136:C137,"VL+2")+COUNTIF(C136:C137,"VL+3")+COUNTIF(C136:C137,"1+VR+VL")+COUNTIF(C136:C137,"VR+VL+1"))+(COUNTIF(C142:C147,"=VL")+COUNTIF(C142:C147,"1+VL")+COUNTIF(C142:C147,"2+VL")+COUNTIF(C142:C147,"3+VL")+COUNTIF(C142:C147,"VL+1")+COUNTIF(C142:C147,"VL+2")+COUNTIF(C142:C147,"VL+3")+COUNTIF(C142:C147,"1+VR+VL")+COUNTIF(C142:C147,"VR+VL+1"))+(COUNTIF(C152:C156,"=VL")+COUNTIF(C152:C156,"1+VL")+COUNTIF(C152:C156,"2+VL")+COUNTIF(C152:C156,"3+VL")+COUNTIF(C152:C156,"VL+1")+COUNTIF(C152:C156,"VL+2")+COUNTIF(C152:C156,"VL+3")+COUNTIF(C152:C156,"1+VR+VL")+COUNTIF(C152:C156,"VR+VL+1"))+(COUNTIF(C161:C163,"=VL")+COUNTIF(C161:C163,"1+VL")+COUNTIF(C161:C163,"2+VL")+COUNTIF(C161:C163,"3+VL")+COUNTIF(C161:C163,"VL+1")+COUNTIF(C161:C163,"VL+2")+COUNTIF(C161:C163,"VL+3")+COUNTIF(C161:C163,"1+VR+VL")+COUNTIF(C161:C163,"VR+VL+1"))+(COUNTIF(C168:C168,"=VL")+COUNTIF(C168:C168,"1+VL")+COUNTIF(C168:C168,"2+VL")+COUNTIF(C168:C168,"3+VL")+COUNTIF(C168:C168,"VL+1")+COUNTIF(C168:C168,"VL+2")+COUNTIF(C168:C168,"VL+3")+COUNTIF(C168:C168,"1+VR+VL")+COUNTIF(C168:C168,"VR+VL+1"))+(COUNTIF(L8:L14,"=VL")+COUNTIF(L8:L14,"1+VL")+COUNTIF(L8:L14,"2+VL")+COUNTIF(L8:L14,"3+VL")+COUNTIF(L8:L14,"VL+1")+COUNTIF(L8:L14,"VL+2")+COUNTIF(L8:L14,"VL+3")+COUNTIF(L8:L14,"1+VR+VL")+COUNTIF(L8:L14,"VR+VL+1"))+(COUNTIF(L19:L25,"=VL")+COUNTIF(L19:L25,"1+VL")+COUNTIF(L19:L25,"2+VL")+COUNTIF(L19:L25,"3+VL")+COUNTIF(L19:L25,"VL+1")+COUNTIF(L19:L25,"VL+2")+COUNTIF(L19:L25,"VL+3")+COUNTIF(L19:L25,"1+VR+VL")+COUNTIF(L19:L25,"VR+VL+1")) | D5: =(COUNTIF(D8:D16,"=VL")+COUNTIF(D8:D16,"1+VL")+COUNTIF(D8:D16,"2+VL")+COUNTIF(D8:D16,"3+VL")+COUNTIF(D8:D16,"VL+1")+COUNTIF(D8:D16,"VL+2")+COUNTIF(D8:D16,"VL+3")+COUNTIF(D8:D16,"1+VR+VL")+COUNTIF(D8:D16,"VR+VL+1"))+(COUNTIF(D21:D25,"=VL")+COUNTIF(D21:D25,"1+VL")+COUNTIF(D21:D25,"2+VL")+COUNTIF(D21:D25,"3+VL")+COUNTIF(D21:D25,"VL+1")+COUNTIF(D21:D25,"VL+2")+COUNTIF(D21:D25,"VL+3")+COUNTIF(D21:D25,"1+VR+VL")+COUNTIF(D21:D25,"VR+VL+1"))+(COUNTIF(D30:D37,"=VL")+COUNTIF(D30:D37,"1+VL")+COUNTIF(D30:D37,"2+VL")+COUNTIF(D30:D37,"3+VL")+COUNTIF(D30:D37,"VL+1")+COUNTIF(D30:D37,"VL+2")+COUNTIF(D30:D37,"VL+3")+COUNTIF(D30:D37,"1+VR+VL")+COUNTIF(D30:D37,"VR+VL+1"))+(COUNTIF(D42:D50,"=VL")+COUNTIF(D42:D50,"1+VL")+COUNTIF(D42:D50,"2+VL")+COUNTIF(D42:D50,"3+VL")+COUNTIF(D42:D50,"VL+1")+COUNTIF(D42:D50,"VL+2")+COUNTIF(D42:D50,"VL+3")+COUNTIF(D42:D50,"1+VR+VL")+COUNTIF(D42:D50,"VR+VL+1"))+(COUNTIF(D55:D63,"=VL")+COUNTIF(D55:D63,"1+VL")+COUNTIF(D55:D63,"2+VL")+COUNTIF(D55:D63,"3+VL")+COUNTIF(D55:D63,"VL+1")+COUNTIF(D55:D63,"VL+2")+COUNTIF(D55:D63,"VL+3")+COUNTIF(D55:D63,"1+VR+VL")+COUNTIF(D55:D63,"VR+VL+1"))+(COUNTIF(D68:D75,"=VL")+COUNTIF(D68:D75,"1+VL")+COUNTIF(D68:D75,"2+VL")+COUNTIF(D68:D75,"3+VL")+COUNTIF(D68:D75,"VL+1")+COUNTIF(D68:D75,"VL+2")+COUNTIF(D68:D75,"VL+3")+COUNTIF(D68:D75,"1+VR+VL")+COUNTIF(D68:D75,"VR+VL+1"))+(COUNTIF(D80:D83,"=VL")+COUNTIF(D80:D83,"1+VL")+COUNTIF(D80:D83,"2+VL")+COUNTIF(D80:D83,"3+VL")+COUNTIF(D80:D83,"VL+1")+COUNTIF(D80:D83,"VL+2")+COUNTIF(D80:D83,"VL+3")+COUNTIF(D80:D83,"1+VR+VL")+COUNTIF(D80:D83,"VR+VL+1"))+(COUNTIF(D88:D91,"=VL")+COUNTIF(D88:D91,"1+VL")+COUNTIF(D88:D91,"2+VL")+COUNTIF(D88:D91,"3+VL")+COUNTIF(D88:D91,"VL+1")+COUNTIF(D88:D91,"VL+2")+COUNTIF(D88:D91,"VL+3")+COUNTIF(D88:D91,"1+VR+VL")+COUNTIF(D88:D91,"VR+VL+1"))+(COUNTIF(D96:D105,"=VL")+COUNTIF(D96:D105,"1+VL")+COUNTIF(D96:D105,"2+VL")+COUNTIF(D96:D105,"3+VL")+COUNTIF(D96:D105,"VL+1")+COUNTIF(D96:D105,"VL+2")+COUNTIF(D96:D105,"VL+3")+COUNTIF(D96:D105,"1+VR+VL")+COUNTIF(D96:D105,"VR+VL+1"))+(COUNTIF(D110:D115,"=VL")+COUNTIF(D110:D115,"1+VL")+COUNTIF(D110:D115,"2+VL")+COUNTIF(D110:D115,"3+VL")+COUNTIF(D110:D115,"VL+1")+COUNTIF(D110:D115,"VL+2")+COUNTIF(D110:D115,"VL+3")+COUNTIF(D110:D115,"1+VR+VL")+COUNTIF(D110:D115,"VR+VL+1"))+(COUNTIF(D120:D125,"=VL")+COUNTIF(D120:D125,"1+VL")+COUNTIF(D120:D125,"2+VL")+COUNTIF(D120:D125,"3+VL")+COUNTIF(D120:D125,"VL+1")+COUNTIF(D120:D125,"VL+2")+COUNTIF(D120:D125,"VL+3")+COUNTIF(D120:D125,"1+VR+VL")+COUNTIF(D120:D125,"VR+VL+1"))+(COUNTIF(D130:D131,"=VL")+COUNTIF(D130:D131,"1+VL")+COUNTIF(D130:D131,"2+VL")+COUNTIF(D130:D131,"3+VL")+COUNTIF(D130:D131,"VL+1")+COUNTIF(D130:D131,"VL+2")+COUNTIF(D130:D131,"VL+3")+COUNTIF(D130:D131,"1+VR+VL")+COUNTIF(D130:D131,"VR+VL+1"))+(COUNTIF(D136:D137,"=VL")+COUNTIF(D136:D137,"1+VL")+COUNTIF(D136:D137,"2+VL")+COUNTIF(D136:D137,"3+VL")+COUNTIF(D136:D137,"VL+1")+COUNTIF(D136:D137,"VL+2")+COUNTIF(D136:D137,"VL+3")+COUNTIF(D136:D137,"1+VR+VL")+COUNTIF(D136:D137,"VR+VL+1"))+(COUNTIF(D142:D147,"=VL")+COUNTIF(D142:D147,"1+VL")+COUNTIF(D142:D147,"2+VL")+COUNTIF(D142:D147,"3+VL")+COUNTIF(D142:D147,"VL+1")+COUNTIF(D142:D147,"VL+2")+COUNTIF(D142:D147,"VL+3")+COUNTIF(D142:D147,"1+VR+VL")+COUNTIF(D142:D147,"VR+VL+1"))+(COUNTIF(D152:D156,"=VL")+COUNTIF(D152:D156,"1+VL")+COUNTIF(D152:D156,"2+VL")+COUNTIF(D152:D156,"3+VL")+COUNTIF(D152:D156,"VL+1")+COUNTIF(D152:D156,"VL+2")+COUNTIF(D152:D156,"VL+3")+COUNTIF(D152:D156,"1+VR+VL")+COUNTIF(D152:D156,"VR+VL+1"))+(COUNTIF(D161:D163,"=VL")+COUNTIF(D161:D163,"1+VL")+COUNTIF(D161:D163,"2+VL")+COUNTIF(D161:D163,"3+VL")+COUNTIF(D161:D163,"VL+1")+COUNTIF(D161:D163,"VL+2")+COUNTIF(D161:D163,"VL+3")+COUNTIF(D161:D163,"1+VR+VL")+COUNTIF(D161:D163,"VR+VL+1"))+(COUNTIF(D168:D168,"=VL")+COUNTIF(D168:D168,"1+VL")+COUNTIF(D168:D168,"2+VL")+COUNTIF(D168:D168,"3+VL")+COUNTIF(D168:D168,"VL+1")+COUNTIF(D168:D168,"VL+2")+COUNTIF(D168:D168,"VL+3")+COUNTIF(D168:D168,"1+VR+VL")+COUNTIF(D168:D168,"VR+VL+1"))+(COUNTIF(M8:M14,"=VL")+COUNTIF(M8:M14,"1+VL")+COUNTIF(M8:M14,"2+VL")+COUNTIF(M8:M14,"3+VL")+COUNTIF(M8:M14,"VL+1")+COUNTIF(M8:M14,"VL+2")+COUNTIF(M8:M14,"VL+3")+COUNTIF(M8:M14,"1+VR+VL")+COUNTIF(M8:M14,"VR+VL+1"))+(COUNTIF(M19:M25,"=VL")+COUNTIF(M19:M25,"1+VL")+COUNTIF(M19:M25,"2+VL")+COUNTIF(M19:M25,"3+VL")+COUNTIF(M19:M25,"VL+1")+COUNTIF(M19:M25,"VL+2")+COUNTIF(M19:M25,"VL+3")+COUNTIF(M19:M25,"1+VR+VL")+COUNTIF(M19:M25,"VR+VL+1")) | E5: =(COUNTIF(E8:E16,"=VL")+COUNTIF(E8:E16,"1+VL")+COUNTIF(E8:E16,"2+VL")+COUNTIF(E8:E16,"3+VL")+COUNTIF(E8:E16,"VL+1")+COUNTIF(E8:E16,"VL+2")+COUNTIF(E8:E16,"VL+3")+COUNTIF(E8:E16,"1+VR+VL")+COUNTIF(E8:E16,"VR+VL+1"))+(COUNTIF(E21:E25,"=VL")+COUNTIF(E21:E25,"1+VL")+COUNTIF(E21:E25,"2+VL")+COUNTIF(E21:E25,"3+VL")+COUNTIF(E21:E25,"VL+1")+COUNTIF(E21:E25,"VL+2")+COUNTIF(E21:E25,"VL+3")+COUNTIF(E21:E25,"1+VR+VL")+COUNTIF(E21:E25,"VR+VL+1"))+(COUNTIF(E30:E37,"=VL")+COUNTIF(E30:E37,"1+VL")+COUNTIF(E30:E37,"2+VL")+COUNTIF(E30:E37,"3+VL")+COUNTIF(E30:E37,"VL+1")+COUNTIF(E30:E37,"VL+2")+COUNTIF(E30:E37,"VL+3")+COUNTIF(E30:E37,"1+VR+VL")+COUNTIF(E30:E37,"VR+VL+1"))+(COUNTIF(E42:E50,"=VL")+COUNTIF(E42:E50,"1+VL")+COUNTIF(E42:E50,"2+VL")+COUNTIF(E42:E50,"3+VL")+COUNTIF(E42:E50,"VL+1")+COUNTIF(E42:E50,"VL+2")+COUNTIF(E42:E50,"VL+3")+COUNTIF(E42:E50,"1+VR+VL")+COUNTIF(E42:E50,"VR+VL+1"))+(COUNTIF(E55:E63,"=VL")+COUNTIF(E55:E63,"1+VL")+COUNTIF(E55:E63,"2+VL")+COUNTIF(E55:E63,"3+VL")+COUNTIF(E55:E63,"VL+1")+COUNTIF(E55:E63,"VL+2")+COUNTIF(E55:E63,"VL+3")+COUNTIF(E55:E63,"1+VR+VL")+COUNTIF(E55:E63,"VR+VL+1"))+(COUNTIF(E68:E75,"=VL")+COUNTIF(E68:E75,"1+VL")+COUNTIF(E68:E75,"2+VL")+COUNTIF(E68:E75,"3+VL")+COUNTIF(E68:E75,"VL+1")+COUNTIF(E68:E75,"VL+2")+COUNTIF(E68:E75,"VL+3")+COUNTIF(E68:E75,"1+VR+VL")+COUNTIF(E68:E75,"VR+VL+1"))+(COUNTIF(E80:E83,"=VL")+COUNTIF(E80:E83,"1+VL")+COUNTIF(E80:E83,"2+VL")+COUNTIF(E80:E83,"3+VL")+COUNTIF(E80:E83,"VL+1")+COUNTIF(E80:E83,"VL+2")+COUNTIF(E80:E83,"VL+3")+COUNTIF(E80:E83,"1+VR+VL")+COUNTIF(E80:E83,"VR+VL+1"))+(COUNTIF(E88:E91,"=VL")+COUNTIF(E88:E91,"1+VL")+COUNTIF(E88:E91,"2+VL")+COUNTIF(E88:E91,"3+VL")+COUNTIF(E88:E91,"VL+1")+COUNTIF(E88:E91,"VL+2")+COUNTIF(E88:E91,"VL+3")+COUNTIF(E88:E91,"1+VR+VL")+COUNTIF(E88:E91,"VR+VL+1"))+(COUNTIF(E96:E105,"=VL")+COUNTIF(E96:E105,"1+VL")+COUNTIF(E96:E105,"2+VL")+COUNTIF(E96:E105,"3+VL")+COUNTIF(E96:E105,"VL+1")+COUNTIF(E96:E105,"VL+2")+COUNTIF(E96:E105,"VL+3")+COUNTIF(E96:E105,"1+VR+VL")+COUNTIF(E96:E105,"VR+VL+1"))+(COUNTIF(E110:E115,"=VL")+COUNTIF(E110:E115,"1+VL")+COUNTIF(E110:E115,"2+VL")+COUNTIF(E110:E115,"3+VL")+COUNTIF(E110:E115,"VL+1")+COUNTIF(E110:E115,"VL+2")+COUNTIF(E110:E115,"VL+3")+COUNTIF(E110:E115,"1+VR+VL")+COUNTIF(E110:E115,"VR+VL+1"))+(COUNTIF(E120:E125,"=VL")+COUNTIF(E120:E125,"1+VL")+COUNTIF(E120:E125,"2+VL")+COUNTIF(E120:E125,"3+VL")+COUNTIF(E120:E125,"VL+1")+COUNTIF(E120:E125,"VL+2")+COUNTIF(E120:E125,"VL+3")+COUNTIF(E120:E125,"1+VR+VL")+COUNTIF(E120:E125,"VR+VL+1"))+(COUNTIF(E130:E131,"=VL")+COUNTIF(E130:E131,"1+VL")+COUNTIF(E130:E131,"2+VL")+COUNTIF(E130:E131,"3+VL")+COUNTIF(E130:E131,"VL+1")+COUNTIF(E130:E131,"VL+2")+COUNTIF(E130:E131,"VL+3")+COUNTIF(E130:E131,"1+VR+VL")+COUNTIF(E130:E131,"VR+VL+1"))+(COUNTIF(E136:E137,"=VL")+COUNTIF(E136:E137,"1+VL")+COUNTIF(E136:E137,"2+VL")+COUNTIF(E136:E137,"3+VL")+COUNTIF(E136:E137,"VL+1")+COUNTIF(E136:E137,"VL+2")+COUNTIF(E136:E137,"VL+3")+COUNTIF(E136:E137,"1+VR+VL")+COUNTIF(E136:E137,"VR+VL+1"))+(COUNTIF(E142:E147,"=VL")+COUNTIF(E142:E147,"1+VL")+COUNTIF(E142:E147,"2+VL")+COUNTIF(E142:E147,"3+VL")+COUNTIF(E142:E147,"VL+1")+COUNTIF(E142:E147,"VL+2")+COUNTIF(E142:E147,"VL+3")+COUNTIF(E142:E147,"1+VR+VL")+COUNTIF(E142:E147,"VR+VL+1"))+(COUNTIF(E152:E156,"=VL")+COUNTIF(E152:E156,"1+VL")+COUNTIF(E152:E156,"2+VL")+COUNTIF(E152:E156,"3+VL")+COUNTIF(E152:E156,"VL+1")+COUNTIF(E152:E156,"VL+2")+COUNTIF(E152:E156,"VL+3")+COUNTIF(E152:E156,"1+VR+VL")+COUNTIF(E152:E156,"VR+VL+1"))+(COUNTIF(E161:E163,"=VL")+COUNTIF(E161:E163,"1+VL")+COUNTIF(E161:E163,"2+VL")+COUNTIF(E161:E163,"3+VL")+COUNTIF(E161:E163,"VL+1")+COUNTIF(E161:E163,"VL+2")+COUNTIF(E161:E163,"VL+3")+COUNTIF(E161:E163,"1+VR+VL")+COUNTIF(E161:E163,"VR+VL+1"))+(COUNTIF(E168:E168,"=VL")+COUNTIF(E168:E168,"1+VL")+COUNTIF(E168:E168,"2+VL")+COUNTIF(E168:E168,"3+VL")+COUNTIF(E168:E168,"VL+1")+COUNTIF(E168:E168,"VL+2")+COUNTIF(E168:E168,"VL+3")+COUNTIF(E168:E168,"1+VR+VL")+COUNTIF(E168:E168,"VR+VL+1"))+(COUNTIF(N8:N14,"=VL")+COUNTIF(N8:N14,"1+VL")+COUNTIF(N8:N14,"2+VL")+COUNTIF(N8:N14,"3+VL")+COUNTIF(N8:N14,"VL+1")+COUNTIF(N8:N14,"VL+2")+COUNTIF(N8:N14,"VL+3")+COUNTIF(N8:N14,"1+VR+VL")+COUNTIF(N8:N14,"VR+VL+1"))+(COUNTIF(N19:N25,"=VL")+COUNTIF(N19:N25,"1+VL")+COUNTIF(N19:N25,"2+VL")+COUNTIF(N19:N25,"3+VL")+COUNTIF(N19:N25,"VL+1")+COUNTIF(N19:N25,"VL+2")+COUNTIF(N19:N25,"VL+3")+COUNTIF(N19:N25,"1+VR+VL")+COUNTIF(N19:N25,"VR+VL+1")) | F5: =(COUNTIF(F8:F16,"=VL")+COUNTIF(F8:F16,"1+VL")+COUNTIF(F8:F16,"2+VL")+COUNTIF(F8:F16,"3+VL")+COUNTIF(F8:F16,"VL+1")+COUNTIF(F8:F16,"VL+2")+COUNTIF(F8:F16,"VL+3")+COUNTIF(F8:F16,"1+VR+VL")+COUNTIF(F8:F16,"VR+VL+1"))+(COUNTIF(F21:F25,"=VL")+COUNTIF(F21:F25,"1+VL")+COUNTIF(F21:F25,"2+VL")+COUNTIF(F21:F25,"3+VL")+COUNTIF(F21:F25,"VL+1")+COUNTIF(F21:F25,"VL+2")+COUNTIF(F21:F25,"VL+3")+COUNTIF(F21:F25,"1+VR+VL")+COUNTIF(F21:F25,"VR+VL+1"))+(COUNTIF(F30:F37,"=VL")+COUNTIF(F30:F37,"1+VL")+COUNTIF(F30:F37,"2+VL")+COUNTIF(F30:F37,"3+VL")+COUNTIF(F30:F37,"VL+1")+COUNTIF(F30:F37,"VL+2")+COUNTIF(F30:F37,"VL+3")+COUNTIF(F30:F37,"1+VR+VL")+COUNTIF(F30:F37,"VR+VL+1"))+(COUNTIF(F42:F50,"=VL")+COUNTIF(F42:F50,"1+VL")+COUNTIF(F42:F50,"2+VL")+COUNTIF(F42:F50,"3+VL")+COUNTIF(F42:F50,"VL+1")+COUNTIF(F42:F50,"VL+2")+COUNTIF(F42:F50,"VL+3")+COUNTIF(F42:F50,"1+VR+VL")+COUNTIF(F42:F50,"VR+VL+1"))+(COUNTIF(F55:F63,"=VL")+COUNTIF(F55:F63,"1+VL")+COUNTIF(F55:F63,"2+VL")+COUNTIF(F55:F63,"3+VL")+COUNTIF(F55:F63,"VL+1")+COUNTIF(F55:F63,"VL+2")+COUNTIF(F55:F63,"VL+3")+COUNTIF(F55:F63,"1+VR+VL")+COUNTIF(F55:F63,"VR+VL+1"))+(COUNTIF(F68:F75,"=VL")+COUNTIF(F68:F75,"1+VL")+COUNTIF(F68:F75,"2+VL")+COUNTIF(F68:F75,"3+VL")+COUNTIF(F68:F75,"VL+1")+COUNTIF(F68:F75,"VL+2")+COUNTIF(F68:F75,"VL+3")+COUNTIF(F68:F75,"1+VR+VL")+COUNTIF(F68:F75,"VR+VL+1"))+(COUNTIF(F80:F83,"=VL")+COUNTIF(F80:F83,"1+VL")+COUNTIF(F80:F83,"2+VL")+COUNTIF(F80:F83,"3+VL")+COUNTIF(F80:F83,"VL+1")+COUNTIF(F80:F83,"VL+2")+COUNTIF(F80:F83,"VL+3")+COUNTIF(F80:F83,"1+VR+VL")+COUNTIF(F80:F83,"VR+VL+1"))+(COUNTIF(F88:F91,"=VL")+COUNTIF(F88:F91,"1+VL")+COUNTIF(F88:F91,"2+VL")+COUNTIF(F88:F91,"3+VL")+COUNTIF(F88:F91,"VL+1")+COUNTIF(F88:F91,"VL+2")+COUNTIF(F88:F91,"VL+3")+COUNTIF(F88:F91,"1+VR+VL")+COUNTIF(F88:F91,"VR+VL+1"))+(COUNTIF(F96:F105,"=VL")+COUNTIF(F96:F105,"1+VL")+COUNTIF(F96:F105,"2+VL")+COUNTIF(F96:F105,"3+VL")+COUNTIF(F96:F105,"VL+1")+COUNTIF(F96:F105,"VL+2")+COUNTIF(F96:F105,"VL+3")+COUNTIF(F96:F105,"1+VR+VL")+COUNTIF(F96:F105,"VR+VL+1"))+(COUNTIF(F110:F115,"=VL")+COUNTIF(F110:F115,"1+VL")+COUNTIF(F110:F115,"2+VL")+COUNTIF(F110:F115,"3+VL")+COUNTIF(F110:F115,"VL+1")+COUNTIF(F110:F115,"VL+2")+COUNTIF(F110:F115,"VL+3")+COUNTIF(F110:F115,"1+VR+VL")+COUNTIF(F110:F115,"VR+VL+1"))+(COUNTIF(F120:F125,"=VL")+COUNTIF(F120:F125,"1+VL")+COUNTIF(F120:F125,"2+VL")+COUNTIF(F120:F125,"3+VL")+COUNTIF(F120:F125,"VL+1")+COUNTIF(F120:F125,"VL+2")+COUNTIF(F120:F125,"VL+3")+COUNTIF(F120:F125,"1+VR+VL")+COUNTIF(F120:F125,"VR+VL+1"))+(COUNTIF(F130:F131,"=VL")+COUNTIF(F130:F131,"1+VL")+COUNTIF(F130:F131,"2+VL")+COUNTIF(F130:F131,"3+VL")+COUNTIF(F130:F131,"VL+1")+COUNTIF(F130:F131,"VL+2")+COUNTIF(F130:F131,"VL+3")+COUNTIF(F130:F131,"1+VR+VL")+COUNTIF(F130:F131,"VR+VL+1"))+(COUNTIF(F136:F137,"=VL")+COUNTIF(F136:F137,"1+VL")+COUNTIF(F136:F137,"2+VL")+COUNTIF(F136:F137,"3+VL")+COUNTIF(F136:F137,"VL+1")+COUNTIF(F136:F137,"VL+2")+COUNTIF(F136:F137,"VL+3")+COUNTIF(F136:F137,"1+VR+VL")+COUNTIF(F136:F137,"VR+VL+1"))+(COUNTIF(F142:F147,"=VL")+COUNTIF(F142:F147,"1+VL")+COUNTIF(F142:F147,"2+VL")+COUNTIF(F142:F147,"3+VL")+COUNTIF(F142:F147,"VL+1")+COUNTIF(F142:F147,"VL+2")+COUNTIF(F142:F147,"VL+3")+COUNTIF(F142:F147,"1+VR+VL")+COUNTIF(F142:F147,"VR+VL+1"))+(COUNTIF(F152:F156,"=VL")+COUNTIF(F152:F156,"1+VL")+COUNTIF(F152:F156,"2+VL")+COUNTIF(F152:F156,"3+VL")+COUNTIF(F152:F156,"VL+1")+COUNTIF(F152:F156,"VL+2")+COUNTIF(F152:F156,"VL+3")+COUNTIF(F152:F156,"1+VR+VL")+COUNTIF(F152:F156,"VR+VL+1"))+(COUNTIF(F161:F163,"=VL")+COUNTIF(F161:F163,"1+VL")+COUNTIF(F161:F163,"2+VL")+COUNTIF(F161:F163,"3+VL")+COUNTIF(F161:F163,"VL+1")+COUNTIF(F161:F163,"VL+2")+COUNTIF(F161:F163,"VL+3")+COUNTIF(F161:F163,"1+VR+VL")+COUNTIF(F161:F163,"VR+VL+1"))+(COUNTIF(F168:F168,"=VL")+COUNTIF(F168:F168,"1+VL")+COUNTIF(F168:F168,"2+VL")+COUNTIF(F168:F168,"3+VL")+COUNTIF(F168:F168,"VL+1")+COUNTIF(F168:F168,"VL+2")+COUNTIF(F168:F168,"VL+3")+COUNTIF(F168:F168,"1+VR+VL")+COUNTIF(F168:F168,"VR+VL+1"))+(COUNTIF(O8:O14,"=VL")+COUNTIF(O8:O14,"1+VL")+COUNTIF(O8:O14,"2+VL")+COUNTIF(O8:O14,"3+VL")+COUNTIF(O8:O14,"VL+1")+COUNTIF(O8:O14,"VL+2")+COUNTIF(O8:O14,"VL+3")+COUNTIF(O8:O14,"1+VR+VL")+COUNTIF(O8:O14,"VR+VL+1"))+(COUNTIF(O19:O25,"=VL")+COUNTIF(O19:O25,"1+VL")+COUNTIF(O19:O25,"2+VL")+COUNTIF(O19:O25,"3+VL")+COUNTIF(O19:O25,"VL+1")+COUNTIF(O19:O25,"VL+2")+COUNTIF(O19:O25,"VL+3")+COUNTIF(O19:O25,"1+VR+VL")+COUNTIF(O19:O25,"VR+VL+1")) | G5: =(COUNTIF(G8:G16,"=VL")+COUNTIF(G8:G16,"1+VL")+COUNTIF(G8:G16,"2+VL")+COUNTIF(G8:G16,"3+VL")+COUNTIF(G8:G16,"VL+1")+COUNTIF(G8:G16,"VL+2")+COUNTIF(G8:G16,"VL+3")+COUNTIF(G8:G16,"1+VR+VL")+COUNTIF(G8:G16,"VR+VL+1"))+(COUNTIF(G21:G25,"=VL")+COUNTIF(G21:G25,"1+VL")+COUNTIF(G21:G25,"2+VL")+COUNTIF(G21:G25,"3+VL")+COUNTIF(G21:G25,"VL+1")+COUNTIF(G21:G25,"VL+2")+COUNTIF(G21:G25,"VL+3")+COUNTIF(G21:G25,"1+VR+VL")+COUNTIF(G21:G25,"VR+VL+1"))+(COUNTIF(G30:G37,"=VL")+COUNTIF(G30:G37,"1+VL")+COUNTIF(G30:G37,"2+VL")+COUNTIF(G30:G37,"3+VL")+COUNTIF(G30:G37,"VL+1")+COUNTIF(G30:G37,"VL+2")+COUNTIF(G30:G37,"VL+3")+COUNTIF(G30:G37,"1+VR+VL")+COUNTIF(G30:G37,"VR+VL+1"))+(COUNTIF(G42:G50,"=VL")+COUNTIF(G42:G50,"1+VL")+COUNTIF(G42:G50,"2+VL")+COUNTIF(G42:G50,"3+VL")+COUNTIF(G42:G50,"VL+1")+COUNTIF(G42:G50,"VL+2")+COUNTIF(G42:G50,"VL+3")+COUNTIF(G42:G50,"1+VR+VL")+COUNTIF(G42:G50,"VR+VL+1"))+(COUNTIF(G55:G63,"=VL")+COUNTIF(G55:G63,"1+VL")+COUNTIF(G55:G63,"2+VL")+COUNTIF(G55:G63,"3+VL")+COUNTIF(G55:G63,"VL+1")+COUNTIF(G55:G63,"VL+2")+COUNTIF(G55:G63,"VL+3")+COUNTIF(G55:G63,"1+VR+VL")+COUNTIF(G55:G63,"VR+VL+1"))+(COUNTIF(G68:G75,"=VL")+COUNTIF(G68:G75,"1+VL")+COUNTIF(G68:G75,"2+VL")+COUNTIF(G68:G75,"3+VL")+COUNTIF(G68:G75,"VL+1")+COUNTIF(G68:G75,"VL+2")+COUNTIF(G68:G75,"VL+3")+COUNTIF(G68:G75,"1+VR+VL")+COUNTIF(G68:G75,"VR+VL+1"))+(COUNTIF(G80:G83,"=VL")+COUNTIF(G80:G83,"1+VL")+COUNTIF(G80:G83,"2+VL")+COUNTIF(G80:G83,"3+VL")+COUNTIF(G80:G83,"VL+1")+COUNTIF(G80:G83,"VL+2")+COUNTIF(G80:G83,"VL+3")+COUNTIF(G80:G83,"1+VR+VL")+COUNTIF(G80:G83,"VR+VL+1"))+(COUNTIF(G88:G91,"=VL")+COUNTIF(G88:G91,"1+VL")+COUNTIF(G88:G91,"2+VL")+COUNTIF(G88:G91,"3+VL")+COUNTIF(G88:G91,"VL+1")+COUNTIF(G88:G91,"VL+2")+COUNTIF(G88:G91,"VL+3")+COUNTIF(G88:G91,"1+VR+VL")+COUNTIF(G88:G91,"VR+VL+1"))+(COUNTIF(G96:G105,"=VL")+COUNTIF(G96:G105,"1+VL")+COUNTIF(G96:G105,"2+VL")+COUNTIF(G96:G105,"3+VL")+COUNTIF(G96:G105,"VL+1")+COUNTIF(G96:G105,"VL+2")+COUNTIF(G96:G105,"VL+3")+COUNTIF(G96:G105,"1+VR+VL")+COUNTIF(G96:G105,"VR+VL+1"))+(COUNTIF(G110:G115,"=VL")+COUNTIF(G110:G115,"1+VL")+COUNTIF(G110:G115,"2+VL")+COUNTIF(G110:G115,"3+VL")+COUNTIF(G110:G115,"VL+1")+COUNTIF(G110:G115,"VL+2")+COUNTIF(G110:G115,"VL+3")+COUNTIF(G110:G115,"1+VR+VL")+COUNTIF(G110:G115,"VR+VL+1"))+(COUNTIF(G120:G125,"=VL")+COUNTIF(G120:G125,"1+VL")+COUNTIF(G120:G125,"2+VL")+COUNTIF(G120:G125,"3+VL")+COUNTIF(G120:G125,"VL+1")+COUNTIF(G120:G125,"VL+2")+COUNTIF(G120:G125,"VL+3")+COUNTIF(G120:G125,"1+VR+VL")+COUNTIF(G120:G125,"VR+VL+1"))+(COUNTIF(G130:G131,"=VL")+COUNTIF(G130:G131,"1+VL")+COUNTIF(G130:G131,"2+VL")+COUNTIF(G130:G131,"3+VL")+COUNTIF(G130:G131,"VL+1")+COUNTIF(G130:G131,"VL+2")+COUNTIF(G130:G131,"VL+3")+COUNTIF(G130:G131,"1+VR+VL")+COUNTIF(G130:G131,"VR+VL+1"))+(COUNTIF(G136:G137,"=VL")+COUNTIF(G136:G137,"1+VL")+COUNTIF(G136:G137,"2+VL")+COUNTIF(G136:G137,"3+VL")+COUNTIF(G136:G137,"VL+1")+COUNTIF(G136:G137,"VL+2")+COUNTIF(G136:G137,"VL+3")+COUNTIF(G136:G137,"1+VR+VL")+COUNTIF(G136:G137,"VR+VL+1"))+(COUNTIF(G142:G147,"=VL")+COUNTIF(G142:G147,"1+VL")+COUNTIF(G142:G147,"2+VL")+COUNTIF(G142:G147,"3+VL")+COUNTIF(G142:G147,"VL+1")+COUNTIF(G142:G147,"VL+2")+COUNTIF(G142:G147,"VL+3")+COUNTIF(G142:G147,"1+VR+VL")+COUNTIF(G142:G147,"VR+VL+1"))+(COUNTIF(G152:G156,"=VL")+COUNTIF(G152:G156,"1+VL")+COUNTIF(G152:G156,"2+VL")+COUNTIF(G152:G156,"3+VL")+COUNTIF(G152:G156,"VL+1")+COUNTIF(G152:G156,"VL+2")+COUNTIF(G152:G156,"VL+3")+COUNTIF(G152:G156,"1+VR+VL")+COUNTIF(G152:G156,"VR+VL+1"))+(COUNTIF(G161:G163,"=VL")+COUNTIF(G161:G163,"1+VL")+COUNTIF(G161:G163,"2+VL")+COUNTIF(G161:G163,"3+VL")+COUNTIF(G161:G163,"VL+1")+COUNTIF(G161:G163,"VL+2")+COUNTIF(G161:G163,"VL+3")+COUNTIF(G161:G163,"1+VR+VL")+COUNTIF(G161:G163,"VR+VL+1"))+(COUNTIF(G168:G168,"=VL")+COUNTIF(G168:G168,"1+VL")+COUNTIF(G168:G168,"2+VL")+COUNTIF(G168:G168,"3+VL")+COUNTIF(G168:G168,"VL+1")+COUNTIF(G168:G168,"VL+2")+COUNTIF(G168:G168,"VL+3")+COUNTIF(G168:G168,"1+VR+VL")+COUNTIF(G168:G168,"VR+VL+1"))+(COUNTIF(P8:P14,"=VL")+COUNTIF(P8:P14,"1+VL")+COUNTIF(P8:P14,"2+VL")+COUNTIF(P8:P14,"3+VL")+COUNTIF(P8:P14,"VL+1")+COUNTIF(P8:P14,"VL+2")+COUNTIF(P8:P14,"VL+3")+COUNTIF(P8:P14,"1+VR+VL")+COUNTIF(P8:P14,"VR+VL+1"))+(COUNTIF(P19:P25,"=VL")+COUNTIF(P19:P25,"1+VL")+COUNTIF(P19:P25,"2+VL")+COUNTIF(P19:P25,"3+VL")+COUNTIF(P19:P25,"VL+1")+COUNTIF(P19:P25,"VL+2")+COUNTIF(P19:P25,"VL+3")+COUNTIF(P19:P25,"1+VR+VL")+COUNTIF(P19:P25,"VR+VL+1")) | H5: =(COUNTIF(H8:H16,"=VL")+COUNTIF(H8:H16,"1+VL")+COUNTIF(H8:H16,"2+VL")+COUNTIF(H8:H16,"3+VL")+COUNTIF(H8:H16,"VL+1")+COUNTIF(H8:H16,"VL+2")+COUNTIF(H8:H16,"VL+3")+COUNTIF(H8:H16,"1+VR+VL")+COUNTIF(H8:H16,"VR+VL+1"))+(COUNTIF(H21:H25,"=VL")+COUNTIF(H21:H25,"1+VL")+COUNTIF(H21:H25,"2+VL")+COUNTIF(H21:H25,"3+VL")+COUNTIF(H21:H25,"VL+1")+COUNTIF(H21:H25,"VL+2")+COUNTIF(H21:H25,"VL+3")+COUNTIF(H21:H25,"1+VR+VL")+COUNTIF(H21:H25,"VR+VL+1"))+(COUNTIF(H30:H37,"=VL")+COUNTIF(H30:H37,"1+VL")+COUNTIF(H30:H37,"2+VL")+COUNTIF(H30:H37,"3+VL")+COUNTIF(H30:H37,"VL+1")+COUNTIF(H30:H37,"VL+2")+COUNTIF(H30:H37,"VL+3")+COUNTIF(H30:H37,"1+VR+VL")+COUNTIF(H30:H37,"VR+VL+1"))+(COUNTIF(H42:H50,"=VL")+COUNTIF(H42:H50,"1+VL")+COUNTIF(H42:H50,"2+VL")+COUNTIF(H42:H50,"3+VL")+COUNTIF(H42:H50,"VL+1")+COUNTIF(H42:H50,"VL+2")+COUNTIF(H42:H50,"VL+3")+COUNTIF(H42:H50,"1+VR+VL")+COUNTIF(H42:H50,"VR+VL+1"))+(COUNTIF(H55:H63,"=VL")+COUNTIF(H55:H63,"1+VL")+COUNTIF(H55:H63,"2+VL")+COUNTIF(H55:H63,"3+VL")+COUNTIF(H55:H63,"VL+1")+COUNTIF(H55:H63,"VL+2")+COUNTIF(H55:H63,"VL+3")+COUNTIF(H55:H63,"1+VR+VL")+COUNTIF(H55:H63,"VR+VL+1"))+(COUNTIF(H68:H75,"=VL")+COUNTIF(H68:H75,"1+VL")+COUNTIF(H68:H75,"2+VL")+COUNTIF(H68:H75,"3+VL")+COUNTIF(H68:H75,"VL+1")+COUNTIF(H68:H75,"VL+2")+COUNTIF(H68:H75,"VL+3")+COUNTIF(H68:H75,"1+VR+VL")+COUNTIF(H68:H75,"VR+VL+1"))+(COUNTIF(H80:H83,"=VL")+COUNTIF(H80:H83,"1+VL")+COUNTIF(H80:H83,"2+VL")+COUNTIF(H80:H83,"3+VL")+COUNTIF(H80:H83,"VL+1")+COUNTIF(H80:H83,"VL+2")+COUNTIF(H80:H83,"VL+3")+COUNTIF(H80:H83,"1+VR+VL")+COUNTIF(H80:H83,"VR+VL+1"))+(COUNTIF(H88:H91,"=VL")+COUNTIF(H88:H91,"1+VL")+COUNTIF(H88:H91,"2+VL")+COUNTIF(H88:H91,"3+VL")+COUNTIF(H88:H91,"VL+1")+COUNTIF(H88:H91,"VL+2")+COUNTIF(H88:H91,"VL+3")+COUNTIF(H88:H91,"1+VR+VL")+COUNTIF(H88:H91,"VR+VL+1"))+(COUNTIF(H96:H105,"=VL")+COUNTIF(H96:H105,"1+VL")+COUNTIF(H96:H105,"2+VL")+COUNTIF(H96:H105,"3+VL")+COUNTIF(H96:H105,"VL+1")+COUNTIF(H96:H105,"VL+2")+COUNTIF(H96:H105,"VL+3")+COUNTIF(H96:H105,"1+VR+VL")+COUNTIF(H96:H105,"VR+VL+1"))+(COUNTIF(H110:H115,"=VL")+COUNTIF(H110:H115,"1+VL")+COUNTIF(H110:H115,"2+VL")+COUNTIF(H110:H115,"3+VL")+COUNTIF(H110:H115,"VL+1")+COUNTIF(H110:H115,"VL+2")+COUNTIF(H110:H115,"VL+3")+COUNTIF(H110:H115,"1+VR+VL")+COUNTIF(H110:H115,"VR+VL+1"))+(COUNTIF(H120:H125,"=VL")+COUNTIF(H120:H125,"1+VL")+COUNTIF(H120:H125,"2+VL")+COUNTIF(H120:H125,"3+VL")+COUNTIF(H120:H125,"VL+1")+COUNTIF(H120:H125,"VL+2")+COUNTIF(H120:H125,"VL+3")+COUNTIF(H120:H125,"1+VR+VL")+COUNTIF(H120:H125,"VR+VL+1"))+(COUNTIF(H130:H131,"=VL")+COUNTIF(H130:H131,"1+VL")+COUNTIF(H130:H131,"2+VL")+COUNTIF(H130:H131,"3+VL")+COUNTIF(H130:H131,"VL+1")+COUNTIF(H130:H131,"VL+2")+COUNTIF(H130:H131,"VL+3")+COUNTIF(H130:H131,"1+VR+VL")+COUNTIF(H130:H131,"VR+VL+1"))+(COUNTIF(H136:H137,"=VL")+COUNTIF(H136:H137,"1+VL")+COUNTIF(H136:H137,"2+VL")+COUNTIF(H136:H137,"3+VL")+COUNTIF(H136:H137,"VL+1")+COUNTIF(H136:H137,"VL+2")+COUNTIF(H136:H137,"VL+3")+COUNTIF(H136:H137,"1+VR+VL")+COUNTIF(H136:H137,"VR+VL+1"))+(COUNTIF(H142:H147,"=VL")+COUNTIF(H142:H147,"1+VL")+COUNTIF(H142:H147,"2+VL")+COUNTIF(H142:H147,"3+VL")+COUNTIF(H142:H147,"VL+1")+COUNTIF(H142:H147,"VL+2")+COUNTIF(H142:H147,"VL+3")+COUNTIF(H142:H147,"1+VR+VL")+COUNTIF(H142:H147,"VR+VL+1"))+(COUNTIF(H152:H156,"=VL")+COUNTIF(H152:H156,"1+VL")+COUNTIF(H152:H156,"2+VL")+COUNTIF(H152:H156,"3+VL")+COUNTIF(H152:H156,"VL+1")+COUNTIF(H152:H156,"VL+2")+COUNTIF(H152:H156,"VL+3")+COUNTIF(H152:H156,"1+VR+VL")+COUNTIF(H152:H156,"VR+VL+1"))+(COUNTIF(H161:H163,"=VL")+COUNTIF(H161:H163,"1+VL")+COUNTIF(H161:H163,"2+VL")+COUNTIF(H161:H163,"3+VL")+COUNTIF(H161:H163,"VL+1")+COUNTIF(H161:H163,"VL+2")+COUNTIF(H161:H163,"VL+3")+COUNTIF(H161:H163,"1+VR+VL")+COUNTIF(H161:H163,"VR+VL+1"))+(COUNTIF(H168:H168,"=VL")+COUNTIF(H168:H168,"1+VL")+COUNTIF(H168:H168,"2+VL")+COUNTIF(H168:H168,"3+VL")+COUNTIF(H168:H168,"VL+1")+COUNTIF(H168:H168,"VL+2")+COUNTIF(H168:H168,"VL+3")+COUNTIF(H168:H168,"1+VR+VL")+COUNTIF(H168:H168,"VR+VL+1"))+(COUNTIF(Q8:Q14,"=VL")+COUNTIF(Q8:Q14,"1+VL")+COUNTIF(Q8:Q14,"2+VL")+COUNTIF(Q8:Q14,"3+VL")+COUNTIF(Q8:Q14,"VL+1")+COUNTIF(Q8:Q14,"VL+2")+COUNTIF(Q8:Q14,"VL+3")+COUNTIF(Q8:Q14,"1+VR+VL")+COUNTIF(Q8:Q14,"VR+VL+1"))+(COUNTIF(Q19:Q25,"=VL")+COUNTIF(Q19:Q25,"1+VL")+COUNTIF(Q19:Q25,"2+VL")+COUNTIF(Q19:Q25,"3+VL")+COUNTIF(Q19:Q25,"VL+1")+COUNTIF(Q19:Q25,"VL+2")+COUNTIF(Q19:Q25,"VL+3")+COUNTIF(Q19:Q25,"1+VR+VL")+COUNTIF(Q19:Q25,"VR+VL+1"))
A6: 1 Aarde | H6: =SUM(S8,S9,S10,S11,S12,S13,S14,S15,S16) | J6: 1 Lucht | Q6: =SUM(Y8,Y9,Y10,Y11,Y12,Y13,Y14) | U6: =COUNTIF(B7:B18,"*VR*")+COUNTIF(C7:C18,"*VR*")+COUNTIF(D7:D18,"*VR*")+COUNTIF(E7:E18,"*VR*")+COUNTIF(F7:F18,"*VR*")+COUNTIF(G7:G18,"*VR*")+COUNTIF(H7:H18,"*VR*") | V6: =COUNTIF(B7:B18,"*VL*")+COUNTIF(C7:C18,"*VL*")+COUNTIF(D7:D18,"*VL*")+COUNTIF(E7:E18,"*VL*")+COUNTIF(F7:F18,"*VL*")+COUNTIF(G7:G18,"*VL*")+COUNTIF(H7:H18,"*VL*") | W6: =COUNTIF(K7:K18,"*VR*")+COUNTIF(L7:L18,"*VR*")+COUNTIF(M7:M18,"*VR*")+COUNTIF(N7:N18,"*VR*")+COUNTIF(O7:O18,"*VR*")+COUNTIF(P7:P18,"*VR*")+COUNTIF(Q7:Q18,"*VR*") | X6: =COUNTIF(K7:K18,"*VL*")+COUNTIF(L7:L18,"*VL*")+COUNTIF(M7:M18,"*VL*")+COUNTIF(N7:N18,"*VL*")+COUNTIF(O7:O18,"*VL*")+COUNTIF(P7:P18,"*VL*")+COUNTIF(Q7:Q18,"*VL*")
A7: Naam? | B7: 1 | C7: 2 | D7: 3 | E7: 4 | F7: 5 | G7: 6 | H7: 7 | J7: Naam? | K7: 1 | L7: 2 | M7: 3 | N7: 4 | O7: 5 | P7: 6 | Q7: 7
A8: ='MAESTRA STUDENTEN'!B5 | J8: ='MAESTRA STUDENTEN'!B14 | Q8: =SUM(Y19,Y20,Y21,Y22,Y23,Y24,Y25) | S8: =COUNTIF(B8:G8,"=1")*1+COUNTIF(B8:G8,"=2")*2+COUNTIF(B8:G8,"=3")*3+COUNTIF(B8:G8,"1+VR")*1+COUNTIF(B8:G8,"1+VL")*1+COUNTIF(B8:G8,"1+VR+VL")*1+COUNTIF(B8:G8,"2+VR")*2+COUNTIF(B8:G8,"2+VL")*2+COUNTIF(B8:G8,"2+VR+VL")*2+COUNTIF(B8:G8,"3+VR")*3+COUNTIF(B8:G8,"3+VL")*3+COUNTIF(B8:G8,"VR+1")*1+COUNTIF(B8:G8,"VL+1")*1+COUNTIF(B8:G8,"VR+2")*2+COUNTIF(B8:G8,"VL+2")*2+COUNTIF(B8:G8,"VR+3")*3+COUNTIF(B8:G8,"VL+3")*3 | T8: =S8 | U8: =COUNTIF(B8:G8,"*VR*") | V8: =COUNTIF(B8:G8,"*VL*") | W8: =COUNTIF(K8:P8,"*VR*") | X8: =COUNTIF(K8:P8,"*VL*") | Y8: =COUNTIF(K8:P8,"=1")*1+COUNTIF(K8:P8,"=2")*2+COUNTIF(K8:P8,"=3")*3+COUNTIF(K8:P8,"1+VR")*1+COUNTIF(K8:P8,"1+VL")*1+COUNTIF(K8:P8,"1+VR+VL")*1+COUNTIF(K8:P8,"2+VR")*2+COUNTIF(K8:P8,"2+VL")*2+COUNTIF(K8:P8,"2+VR+VL")*2+COUNTIF(K8:P8,"3+VR")*3+COUNTIF(K8:P8,"3+VL")*3+COUNTIF(K8:P8,"VR+1")*1+COUNTIF(K8:P8,"VL+1")*1+COUNTIF(K8:P8,"VR+2")*2+COUNTIF(K8:P8,"VL+2")*2+COUNTIF(K8:P8,"VR+3")*3+COUNTIF(K8:P8,"VL+3")*3 | Z8: =Y8
A9: ='MAESTRA STUDENTEN'!B6 | J9: ='MAESTRA STUDENTEN'!B15 | Q9: =SUM(Y19,Y20,Y21,Y22,Y23,Y24,Y25) | S9: =COUNTIF(B9:G9,"=1")*1+COUNTIF(B9:G9,"=2")*2+COUNTIF(B9:G9,"=3")*3+COUNTIF(B9:G9,"1+VR")*1+COUNTIF(B9:G9,"1+VL")*1+COUNTIF(B9:G9,"1+VR+VL")*1+COUNTIF(B9:G9,"2+VR")*2+COUNTIF(B9:G9,"2+VL")*2+COUNTIF(B9:G9,"2+VR+VL")*2+COUNTIF(B9:G9,"3+VR")*3+COUNTIF(B9:G9,"3+VL")*3+COUNTIF(B9:G9,"VR+1")*1+COUNTIF(B9:G9,"VL+1")*1+COUNTIF(B9:G9,"VR+2")*2+COUNTIF(B9:G9,"VL+2")*2+COUNTIF(B9:G9,"VR+3")*3+COUNTIF(B9:G9,"VL+3")*3 | T9: =S9 | U9: =COUNTIF(B9:G9,"*VR*") | V9: =COUNTIF(B9:G9,"*VL*") | W9: =COUNTIF(K9:P9,"*VR*") | X9: =COUNTIF(K9:P9,"*VL*") | Y9: =COUNTIF(K9:P9,"=1")*1+COUNTIF(K9:P9,"=2")*2+COUNTIF(K9:P9,"=3")*3+COUNTIF(K9:P9,"1+VR")*1+COUNTIF(K9:P9,"1+VL")*1+COUNTIF(K9:P9,"1+VR+VL")*1+COUNTIF(K9:P9,"2+VR")*2+COUNTIF(K9:P9,"2+VL")*2+COUNTIF(K9:P9,"2+VR+VL")*2+COUNTIF(K9:P9,"3+VR")*3+COUNTIF(K9:P9,"3+VL")*3+COUNTIF(K9:P9,"VR+1")*1+COUNTIF(K9:P9,"VL+1")*1+COUNTIF(K9:P9,"VR+2")*2+COUNTIF(K9:P9,"VL+2")*2+COUNTIF(K9:P9,"VR+3")*3+COUNTIF(K9:P9,"VL+3")*3 | Z9: =Y9
A10: ='MAESTRA STUDENTEN'!B7 | J10: ='MAESTRA STUDENTEN'!B16 | Q10: =SUM(Y19,Y20,Y21,Y22,Y23,Y24,Y25) | S10: =COUNTIF(B10:G10,"=1")*1+COUNTIF(B10:G10,"=2")*2+COUNTIF(B10:G10,"=3")*3+COUNTIF(B10:G10,"1+VR")*1+COUNTIF(B10:G10,"1+VL")*1+COUNTIF(B10:G10,"1+VR+VL")*1+COUNTIF(B10:G10,"2+VR")*2+COUNTIF(B10:G10,"2+VL")*2+COUNTIF(B10:G10,"2+VR+VL")*2+COUNTIF(B10:G10,"3+VR")*3+COUNTIF(B10:G10,"3+VL")*3+COUNTIF(B10:G10,"VR+1")*1+COUNTIF(B10:G10,"VL+1")*1+COUNTIF(B10:G10,"VR+2")*2+COUNTIF(B10:G10,"VL+2")*2+COUNTIF(B10:G10,"VR+3")*3+COUNTIF(B10:G10,"VL+3")*3 | T10: =S10 | U10: =COUNTIF(B10:G10,"*VR*") | V10: =COUNTIF(B10:G10,"*VL*") | W10: =COUNTIF(K10:P10,"*VR*") | X10: =COUNTIF(K10:P10,"*VL*") | Y10: =COUNTIF(K10:P10,"=1")*1+COUNTIF(K10:P10,"=2")*2+COUNTIF(K10:P10,"=3")*3+COUNTIF(K10:P10,"1+VR")*1+COUNTIF(K10:P10,"1+VL")*1+COUNTIF(K10:P10,"1+VR+VL")*1+COUNTIF(K10:P10,"2+VR")*2+COUNTIF(K10:P10,"2+VL")*2+COUNTIF(K10:P10,"2+VR+VL")*2+COUNTIF(K10:P10,"3+VR")*3+COUNTIF(K10:P10,"3+VL")*3+COUNTIF(K10:P10,"VR+1")*1+COUNTIF(K10:P10,"VL+1")*1+COUNTIF(K10:P10,"VR+2")*2+COUNTIF(K10:P10,"VL+2")*2+COUNTIF(K10:P10,"VR+3")*3+COUNTIF(K10:P10,"VL+3")*3 | Z10: =Y10
A11: ='MAESTRA STUDENTEN'!B8 | J11: ='MAESTRA STUDENTEN'!B17 | Q11: =SUM(Y19,Y20,Y21,Y22,Y23,Y24,Y25) | S11: =COUNTIF(B11:G11,"=1")*1+COUNTIF(B11:G11,"=2")*2+COUNTIF(B11:G11,"=3")*3+COUNTIF(B11:G11,"1+VR")*1+COUNTIF(B11:G11,"1+VL")*1+COUNTIF(B11:G11,"1+VR+VL")*1+COUNTIF(B11:G11,"2+VR")*2+COUNTIF(B11:G11,"2+VL")*2+COUNTIF(B11:G11,"2+VR+VL")*2+COUNTIF(B11:G11,"3+VR")*3+COUNTIF(B11:G11,"3+VL")*3+COUNTIF(B11:G11,"VR+1")*1+COUNTIF(B11:G11,"VL+1")*1+COUNTIF(B11:G11,"VR+2")*2+COUNTIF(B11:G11,"VL+2")*2+COUNTIF(B11:G11,"VR+3")*3+COUNTIF(B11:G11,"VL+3")*3 | T11: =S11 | U11: =COUNTIF(B11:G11,"*VR*") | V11: =COUNTIF(B11:G11,"*VL*") | W11: =COUNTIF(K11:P11,"*VR*") | X11: =COUNTIF(K11:P11,"*VL*") | Y11: =COUNTIF(K11:P11,"=1")*1+COUNTIF(K11:P11,"=2")*2+COUNTIF(K11:P11,"=3")*3+COUNTIF(K11:P11,"1+VR")*1+COUNTIF(K11:P11,"1+VL")*1+COUNTIF(K11:P11,"1+VR+VL")*1+COUNTIF(K11:P11,"2+VR")*2+COUNTIF(K11:P11,"2+VL")*2+COUNTIF(K11:P11,"2+VR+VL")*2+COUNTIF(K11:P11,"3+VR")*3+COUNTIF(K11:P11,"3+VL")*3+COUNTIF(K11:P11,"VR+1")*1+COUNTIF(K11:P11,"VL+1")*1+COUNTIF(K11:P11,"VR+2")*2+COUNTIF(K11:P11,"VL+2")*2+COUNTIF(K11:P11,"VR+3")*3+COUNTIF(K11:P11,"VL+3")*3 | Z11: =Y11
A12: ='MAESTRA STUDENTEN'!B9 | J12: ='MAESTRA STUDENTEN'!B18 | Q12: =SUM(Y19,Y20,Y21,Y22,Y23,Y24,Y25) | S12: =COUNTIF(B12:G12,"=1")*1+COUNTIF(B12:G12,"=2")*2+COUNTIF(B12:G12,"=3")*3+COUNTIF(B12:G12,"1+VR")*1+COUNTIF(B12:G12,"1+VL")*1+COUNTIF(B12:G12,"1+VR+VL")*1+COUNTIF(B12:G12,"2+VR")*2+COUNTIF(B12:G12,"2+VL")*2+COUNTIF(B12:G12,"2+VR+VL")*2+COUNTIF(B12:G12,"3+VR")*3+COUNTIF(B12:G12,"3+VL")*3+COUNTIF(B12:G12,"VR+1")*1+COUNTIF(B12:G12,"VL+1")*1+COUNTIF(B12:G12,"VR+2")*2+COUNTIF(B12:G12,"VL+2")*2+COUNTIF(B12:G12,"VR+3")*3+COUNTIF(B12:G12,"VL+3")*3 | T12: =S12 | U12: =COUNTIF(B12:G12,"*VR*") | V12: =COUNTIF(B12:G12,"*VL*") | W12: =COUNTIF(K12:P12,"*VR*") | X12: =COUNTIF(K12:P12,"*VL*") | Y12: =COUNTIF(K12:P12,"=1")*1+COUNTIF(K12:P12,"=2")*2+COUNTIF(K12:P12,"=3")*3+COUNTIF(K12:P12,"1+VR")*1+COUNTIF(K12:P12,"1+VL")*1+COUNTIF(K12:P12,"1+VR+VL")*1+COUNTIF(K12:P12,"2+VR")*2+COUNTIF(K12:P12,"2+VL")*2+COUNTIF(K12:P12,"2+VR+VL")*2+COUNTIF(K12:P12,"3+VR")*3+COUNTIF(K12:P12,"3+VL")*3+COUNTIF(K12:P12,"VR+1")*1+COUNTIF(K12:P12,"VL+1")*1+COUNTIF(K12:P12,"VR+2")*2+COUNTIF(K12:P12,"VL+2")*2+COUNTIF(K12:P12,"VR+3")*3+COUNTIF(K12:P12,"VL+3")*3 | Z12: =Y12
A13: ='MAESTRA STUDENTEN'!B10 | H13: =SUM(S21,S22,S23,S24,S25) | J13: ='MAESTRA STUDENTEN'!B19 | Q13: =SUM(Y19,Y20,Y21,Y22,Y23,Y24,Y25) | S13: =COUNTIF(B13:G13,"=1")*1+COUNTIF(B13:G13,"=2")*2+COUNTIF(B13:G13,"=3")*3+COUNTIF(B13:G13,"1+VR")*1+COUNTIF(B13:G13,"1+VL")*1+COUNTIF(B13:G13,"1+VR+VL")*1+COUNTIF(B13:G13,"2+VR")*2+COUNTIF(B13:G13,"2+VL")*2+COUNTIF(B13:G13,"2+VR+VL")*2+COUNTIF(B13:G13,"3+VR")*3+COUNTIF(B13:G13,"3+VL")*3+COUNTIF(B13:G13,"VR+1")*1+COUNTIF(B13:G13,"VL+1")*1+COUNTIF(B13:G13,"VR+2")*2+COUNTIF(B13:G13,"VL+2")*2+COUNTIF(B13:G13,"VR+3")*3+COUNTIF(B13:G13,"VL+3")*3 | T13: =S13 | U13: =COUNTIF(B13:G13,"*VR*") | V13: =COUNTIF(B13:G13,"*VL*") | W13: =COUNTIF(K13:P13,"*VR*") | X13: =COUNTIF(K13:P13,"*VL*") | Y13: =COUNTIF(K13:P13,"=1")*1+COUNTIF(K13:P13,"=2")*2+COUNTIF(K13:P13,"=3")*3+COUNTIF(K13:P13,"1+VR")*1+COUNTIF(K13:P13,"1+VL")*1+COUNTIF(K13:P13,"1+VR+VL")*1+COUNTIF(K13:P13,"2+VR")*2+COUNTIF(K13:P13,"2+VL")*2+COUNTIF(K13:P13,"2+VR+VL")*2+COUNTIF(K13:P13,"3+VR")*3+COUNTIF(K13:P13,"3+VL")*3+COUNTIF(K13:P13,"VR+1")*1+COUNTIF(K13:P13,"VL+1")*1+COUNTIF(K13:P13,"VR+2")*2+COUNTIF(K13:P13,"VL+2")*2+COUNTIF(K13:P13,"VR+3")*3+COUNTIF(K13:P13,"VL+3")*3 | Z13: =Y13
A14: ='MAESTRA STUDENTEN'!B11 | H14: =SUM(S21,S22,S23,S24,S25) | J14: ='MAESTRA STUDENTEN'!B20 | Q14: =SUM(Y19,Y20,Y21,Y22,Y23,Y24,Y25) | S14: =COUNTIF(B14:G14,"=1")*1+COUNTIF(B14:G14,"=2")*2+COUNTIF(B14:G14,"=3")*3+COUNTIF(B14:G14,"1+VR")*1+COUNTIF(B14:G14,"1+VL")*1+COUNTIF(B14:G14,"1+VR+VL")*1+COUNTIF(B14:G14,"2+VR")*2+COUNTIF(B14:G14,"2+VL")*2+COUNTIF(B14:G14,"2+VR+VL")*2+COUNTIF(B14:G14,"3+VR")*3+COUNTIF(B14:G14,"3+VL")*3+COUNTIF(B14:G14,"VR+1")*1+COUNTIF(B14:G14,"VL+1")*1+COUNTIF(B14:G14,"VR+2")*2+COUNTIF(B14:G14,"VL+2")*2+COUNTIF(B14:G14,"VR+3")*3+COUNTIF(B14:G14,"VL+3")*3 | T14: =S14 | U14: =COUNTIF(B14:G14,"*VR*") | V14: =COUNTIF(B14:G14,"*VL*") | W14: =COUNTIF(K14:P14,"*VR*") | X14: =COUNTIF(K14:P14,"*VL*") | Y14: =COUNTIF(K14:P14,"=1")*1+COUNTIF(K14:P14,"=2")*2+COUNTIF(K14:P14,"=3")*3+COUNTIF(K14:P14,"1+VR")*1+COUNTIF(K14:P14,"1+VL")*1+COUNTIF(K14:P14,"1+VR+VL")*1+COUNTIF(K14:P14,"2+VR")*2+COUNTIF(K14:P14,"2+VL")*2+COUNTIF(K14:P14,"2+VR+VL")*2+COUNTIF(K14:P14,"3+VR")*3+COUNTIF(K14:P14,"3+VL")*3+COUNTIF(K14:P14,"VR+1")*1+COUNTIF(K14:P14,"VL+1")*1+COUNTIF(K14:P14,"VR+2")*2+COUNTIF(K14:P14,"VL+2")*2+COUNTIF(K14:P14,"VR+3")*3+COUNTIF(K14:P14,"VL+3")*3 | Z14: =Y14
A15: ='MAESTRA STUDENTEN'!B12 | H15: =SUM(S21,S22,S23,S24,S25) | S15: =COUNTIF(B15:G15,"=1")*1+COUNTIF(B15:G15,"=2")*2+COUNTIF(B15:G15,"=3")*3+COUNTIF(B15:G15,"1+VR")*1+COUNTIF(B15:G15,"1+VL")*1+COUNTIF(B15:G15,"1+VR+VL")*1+COUNTIF(B15:G15,"2+VR")*2+COUNTIF(B15:G15,"2+VL")*2+COUNTIF(B15:G15,"2+VR+VL")*2+COUNTIF(B15:G15,"3+VR")*3+COUNTIF(B15:G15,"3+VL")*3+COUNTIF(B15:G15,"VR+1")*1+COUNTIF(B15:G15,"VL+1")*1+COUNTIF(B15:G15,"VR+2")*2+COUNTIF(B15:G15,"VL+2")*2+COUNTIF(B15:G15,"VR+3")*3+COUNTIF(B15:G15,"VL+3")*3 | T15: =S15 | U15: =COUNTIF(B15:G15,"*VR*") | V15: =COUNTIF(B15:G15,"*VL*")
A16: ='MAESTRA STUDENTEN'!B13 | H16: =SUM(S21,S22,S23,S24,S25) | S16: =COUNTIF(B16:G16,"=1")*1+COUNTIF(B16:G16,"=2")*2+COUNTIF(B16:G16,"=3")*3+COUNTIF(B16:G16,"1+VR")*1+COUNTIF(B16:G16,"1+VL")*1+COUNTIF(B16:G16,"1+VR+VL")*1+COUNTIF(B16:G16,"2+VR")*2+COUNTIF(B16:G16,"2+VL")*2+COUNTIF(B16:G16,"2+VR+VL")*2+COUNTIF(B16:G16,"3+VR")*3+COUNTIF(B16:G16,"3+VL")*3+COUNTIF(B16:G16,"VR+1")*1+COUNTIF(B16:G16,"VL+1")*1+COUNTIF(B16:G16,"VR+2")*2+COUNTIF(B16:G16,"VL+2")*2+COUNTIF(B16:G16,"VR+3")*3+COUNTIF(B16:G16,"VL+3")*3 | T16: =S16 | U16: =COUNTIF(B16:G16,"*VR*") | V16: =COUNTIF(B16:G16,"*VL*")
I17: =SUM(B17:H17) | J17: 1 Water | Q17: =SUM(Y19,Y20,Y21,Y22,Y23,Y24,Y25) | U17: =COUNTIF(K18:K25,"*VR*")+COUNTIF(L18:L25,"*VR*")+COUNTIF(M18:M25,"*VR*")+COUNTIF(N18:N25,"*VR*")+COUNTIF(O18:O25,"*VR*")+COUNTIF(P18:P25,"*VR*")+COUNTIF(Q18:Q25,"*VR*") | V17: =COUNTIF(K18:K25,"*VL*")+COUNTIF(L18:L25,"*VL*")+COUNTIF(M18:M25,"*VL*")+COUNTIF(N18:N25,"*VL*")+COUNTIF(O18:O25,"*VL*")+COUNTIF(P18:P25,"*VL*")+COUNTIF(Q18:Q25,"*VL*")
I18: =SUM(B18:H18) | J18: Naam? | K18: 1 | L18: 2 | M18: 3 | N18: 4 | O18: 5 | P18: 6 | Q18: 7
A19: 1 Vuur | H19: =SUM(S21,S22,S23,S24,S25) | J19: ='MAESTRA STUDENTEN'!B26 | U19: =COUNTIF(B20:B27,"*VR*")+COUNTIF(C20:C27,"*VR*")+COUNTIF(D20:D27,"*VR*")+COUNTIF(E20:E27,"*VR*")+COUNTIF(F20:F27,"*VR*")+COUNTIF(G20:G27,"*VR*")+COUNTIF(H20:H27,"*VR*") | V19: =COUNTIF(B20:B27,"*VL*")+COUNTIF(C20:C27,"*VL*")+COUNTIF(D20:D27,"*VL*")+COUNTIF(E20:E27,"*VL*")+COUNTIF(F20:F27,"*VL*")+COUNTIF(G20:G27,"*VL*")+COUNTIF(H20:H27,"*VL*") | W19: =COUNTIF(K19:P19,"*VR*") | X19: =COUNTIF(K19:P19,"*VL*") | Y19: =COUNTIF(K19:P19,"=1")*1+COUNTIF(K19:P19,"=2")*2+COUNTIF(K19:P19,"=3")*3+COUNTIF(K19:P19,"1+VR")*1+COUNTIF(K19:P19,"1+VL")*1+COUNTIF(K19:P19,"1+VR+VL")*1+COUNTIF(K19:P19,"2+VR")*2+COUNTIF(K19:P19,"2+VL")*2+COUNTIF(K19:P19,"2+VR+VL")*2+COUNTIF(K19:P19,"3+VR")*3+COUNTIF(K19:P19,"3+VL")*3+COUNTIF(K19:P19,"VR+1")*1+COUNTIF(K19:P19,"VL+1")*1+COUNTIF(K19:P19,"VR+2")*2+COUNTIF(K19:P19,"VL+2")*2+COUNTIF(K19:P19,"VR+3")*3+COUNTIF(K19:P19,"VL+3")*3 | Z19: =Y19
A20: Naam? | B20: 1 | C20: 2 | D20: 3 | E20: 4 | F20: 5 | G20: 6 | H20: 7 | J20: ='MAESTRA STUDENTEN'!B27 | W20: =COUNTIF(K20:P20,"*VR*") | X20: =COUNTIF(K20:P20,"*VL*") | Y20: =COUNTIF(K20:P20,"=1")*1+COUNTIF(K20:P20,"=2")*2+COUNTIF(K20:P20,"=3")*3+COUNTIF(K20:P20,"1+VR")*1+COUNTIF(K20:P20,"1+VL")*1+COUNTIF(K20:P20,"1+VR+VL")*1+COUNTIF(K20:P20,"2+VR")*2+COUNTIF(K20:P20,"2+VL")*2+COUNTIF(K20:P20,"2+VR+VL")*2+COUNTIF(K20:P20,"3+VR")*3+COUNTIF(K20:P20,"3+VL")*3+COUNTIF(K20:P20,"VR+1")*1+COUNTIF(K20:P20,"VL+1")*1+COUNTIF(K20:P20,"VR+2")*2+COUNTIF(K20:P20,"VL+2")*2+COUNTIF(K20:P20,"VR+3")*3+COUNTIF(K20:P20,"VL+3")*3 | Z20: =Y20
A21: ='MAESTRA STUDENTEN'!B21 | H21: =SUM(S30,S31,S32,S33,S34,S35,S36,S37) | J21: ='MAESTRA STUDENTEN'!B28 | S21: =COUNTIF(B21:G21,"=1")*1+COUNTIF(B21:G21,"=2")*2+COUNTIF(B21:G21,"=3")*3+COUNTIF(B21:G21,"1+VR")*1+COUNTIF(B21:G21,"1+VL")*1+COUNTIF(B21:G21,"1+VR+VL")*1+COUNTIF(B21:G21,"2+VR")*2+COUNTIF(B21:G21,"2+VL")*2+COUNTIF(B21:G21,"2+VR+VL")*2+COUNTIF(B21:G21,"3+VR")*3+COUNTIF(B21:G21,"3+VL")*3+COUNTIF(B21:G21,"VR+1")*1+COUNTIF(B21:G21,"VL+1")*1+COUNTIF(B21:G21,"VR+2")*2+COUNTIF(B21:G21,"VL+2")*2+COUNTIF(B21:G21,"VR+3")*3+COUNTIF(B21:G21,"VL+3")*3 | T21: =S21 | U21: =COUNTIF(B21:G21,"*VR*") | V21: =COUNTIF(B21:G21,"*VL*") | W21: =COUNTIF(K21:P21,"*VR*") | X21: =COUNTIF(K21:P21,"*VL*") | Y21: =COUNTIF(K21:P21,"=1")*1+COUNTIF(K21:P21,"=2")*2+COUNTIF(K21:P21,"=3")*3+COUNTIF(K21:P21,"1+VR")*1+COUNTIF(K21:P21,"1+VL")*1+COUNTIF(K21:P21,"1+VR+VL")*1+COUNTIF(K21:P21,"2+VR")*2+COUNTIF(K21:P21,"2+VL")*2+COUNTIF(K21:P21,"2+VR+VL")*2+COUNTIF(K21:P21,"3+VR")*3+COUNTIF(K21:P21,"3+VL")*3+COUNTIF(K21:P21,"VR+1")*1+COUNTIF(K21:P21,"VL+1")*1+COUNTIF(K21:P21,"VR+2")*2+COUNTIF(K21:P21,"VL+2")*2+COUNTIF(K21:P21,"VR+3")*3+COUNTIF(K21:P21,"VL+3")*3 | Z21: =Y21
A22: ='MAESTRA STUDENTEN'!B22 | H22: =SUM(S30,S31,S32,S33,S34,S35,S36,S37) | J22: ='MAESTRA STUDENTEN'!B29 | S22: =COUNTIF(B22:G22,"=1")*1+COUNTIF(B22:G22,"=2")*2+COUNTIF(B22:G22,"=3")*3+COUNTIF(B22:G22,"1+VR")*1+COUNTIF(B22:G22,"1+VL")*1+COUNTIF(B22:G22,"1+VR+VL")*1+COUNTIF(B22:G22,"2+VR")*2+COUNTIF(B22:G22,"2+VL")*2+COUNTIF(B22:G22,"2+VR+VL")*2+COUNTIF(B22:G22,"3+VR")*3+COUNTIF(B22:G22,"3+VL")*3+COUNTIF(B22:G22,"VR+1")*1+COUNTIF(B22:G22,"VL+1")*1+COUNTIF(B22:G22,"VR+2")*2+COUNTIF(B22:G22,"VL+2")*2+COUNTIF(B22:G22,"VR+3")*3+COUNTIF(B22:G22,"VL+3")*3 | T22: =S22 | U22: =COUNTIF(B22:G22,"*VR*") | V22: =COUNTIF(B22:G22,"*VL*") | W22: =COUNTIF(K22:P22,"*VR*") | X22: =COUNTIF(K22:P22,"*VL*") | Y22: =COUNTIF(K22:P22,"=1")*1+COUNTIF(K22:P22,"=2")*2+COUNTIF(K22:P22,"=3")*3+COUNTIF(K22:P22,"1+VR")*1+COUNTIF(K22:P22,"1+VL")*1+COUNTIF(K22:P22,"1+VR+VL")*1+COUNTIF(K22:P22,"2+VR")*2+COUNTIF(K22:P22,"2+VL")*2+COUNTIF(K22:P22,"2+VR+VL")*2+COUNTIF(K22:P22,"3+VR")*3+COUNTIF(K22:P22,"3+VL")*3+COUNTIF(K22:P22,"VR+1")*1+COUNTIF(K22:P22,"VL+1")*1+COUNTIF(K22:P22,"VR+2")*2+COUNTIF(K22:P22,"VL+2")*2+COUNTIF(K22:P22,"VR+3")*3+COUNTIF(K22:P22,"VL+3")*3 | Z22: =Y22
A23: ='MAESTRA STUDENTEN'!B23 | H23: =SUM(S30,S31,S32,S33,S34,S35,S36,S37) | J23: ='MAESTRA STUDENTEN'!B30 | S23: =COUNTIF(B23:G23,"=1")*1+COUNTIF(B23:G23,"=2")*2+COUNTIF(B23:G23,"=3")*3+COUNTIF(B23:G23,"1+VR")*1+COUNTIF(B23:G23,"1+VL")*1+COUNTIF(B23:G23,"1+VR+VL")*1+COUNTIF(B23:G23,"2+VR")*2+COUNTIF(B23:G23,"2+VL")*2+COUNTIF(B23:G23,"2+VR+VL")*2+COUNTIF(B23:G23,"3+VR")*3+COUNTIF(B23:G23,"3+VL")*3+COUNTIF(B23:G23,"VR+1")*1+COUNTIF(B23:G23,"VL+1")*1+COUNTIF(B23:G23,"VR+2")*2+COUNTIF(B23:G23,"VL+2")*2+COUNTIF(B23:G23,"VR+3")*3+COUNTIF(B23:G23,"VL+3")*3 | T23: =S23 | U23: =COUNTIF(B23:G23,"*VR*") | V23: =COUNTIF(B23:G23,"*VL*") | W23: =COUNTIF(K23:P23,"*VR*") | X23: =COUNTIF(K23:P23,"*VL*") | Y23: =COUNTIF(K23:P23,"=1")*1+COUNTIF(K23:P23,"=2")*2+COUNTIF(K23:P23,"=3")*3+COUNTIF(K23:P23,"1+VR")*1+COUNTIF(K23:P23,"1+VL")*1+COUNTIF(K23:P23,"1+VR+VL")*1+COUNTIF(K23:P23,"2+VR")*2+COUNTIF(K23:P23,"2+VL")*2+COUNTIF(K23:P23,"2+VR+VL")*2+COUNTIF(K23:P23,"3+VR")*3+COUNTIF(K23:P23,"3+VL")*3+COUNTIF(K23:P23,"VR+1")*1+COUNTIF(K23:P23,"VL+1")*1+COUNTIF(K23:P23,"VR+2")*2+COUNTIF(K23:P23,"VL+2")*2+COUNTIF(K23:P23,"VR+3")*3+COUNTIF(K23:P23,"VL+3")*3 | Z23: =Y23
A24: ='MAESTRA STUDENTEN'!B24 | H24: =SUM(S30,S31,S32,S33,S34,S35,S36,S37) | J24: ='MAESTRA STUDENTEN'!B31 | S24: =COUNTIF(B24:G24,"=1")*1+COUNTIF(B24:G24,"=2")*2+COUNTIF(B24:G24,"=3")*3+COUNTIF(B24:G24,"1+VR")*1+COUNTIF(B24:G24,"1+VL")*1+COUNTIF(B24:G24,"1+VR+VL")*1+COUNTIF(B24:G24,"2+VR")*2+COUNTIF(B24:G24,"2+VL")*2+COUNTIF(B24:G24,"2+VR+VL")*2+COUNTIF(B24:G24,"3+VR")*3+COUNTIF(B24:G24,"3+VL")*3+COUNTIF(B24:G24,"VR+1")*1+COUNTIF(B24:G24,"VL+1")*1+COUNTIF(B24:G24,"VR+2")*2+COUNTIF(B24:G24,"VL+2")*2+COUNTIF(B24:G24,"VR+3")*3+COUNTIF(B24:G24,"VL+3")*3 | T24: =S24 | U24: =COUNTIF(B24:G24,"*VR*") | V24: =COUNTIF(B24:G24,"*VL*") | W24: =COUNTIF(K24:P24,"*VR*") | X24: =COUNTIF(K24:P24,"*VL*") | Y24: =COUNTIF(K24:P24,"=1")*1+COUNTIF(K24:P24,"=2")*2+COUNTIF(K24:P24,"=3")*3+COUNTIF(K24:P24,"1+VR")*1+COUNTIF(K24:P24,"1+VL")*1+COUNTIF(K24:P24,"1+VR+VL")*1+COUNTIF(K24:P24,"2+VR")*2+COUNTIF(K24:P24,"2+VL")*2+COUNTIF(K24:P24,"2+VR+VL")*2+COUNTIF(K24:P24,"3+VR")*3+COUNTIF(K24:P24,"3+VL")*3+COUNTIF(K24:P24,"VR+1")*1+COUNTIF(K24:P24,"VL+1")*1+COUNTIF(K24:P24,"VR+2")*2+COUNTIF(K24:P24,"VL+2")*2+COUNTIF(K24:P24,"VR+3")*3+COUNTIF(K24:P24,"VL+3")*3 | Z24: =Y24
A25: ='MAESTRA STUDENTEN'!B25 | H25: =SUM(S30,S31,S32,S33,S34,S35,S36,S37) | J25: ='MAESTRA STUDENTEN'!B32 | S25: =COUNTIF(B25:G25,"=1")*1+COUNTIF(B25:G25,"=2")*2+COUNTIF(B25:G25,"=3")*3+COUNTIF(B25:G25,"1+VR")*1+COUNTIF(B25:G25,"1+VL")*1+COUNTIF(B25:G25,"1+VR+VL")*1+COUNTIF(B25:G25,"2+VR")*2+COUNTIF(B25:G25,"2+VL")*2+COUNTIF(B25:G25,"2+VR+VL")*2+COUNTIF(B25:G25,"3+VR")*3+COUNTIF(B25:G25,"3+VL")*3+COUNTIF(B25:G25,"VR+1")*1+COUNTIF(B25:G25,"VL+1")*1+COUNTIF(B25:G25,"VR+2")*2+COUNTIF(B25:G25,"VL+2")*2+COUNTIF(B25:G25,"VR+3")*3+COUNTIF(B25:G25,"VL+3")*3 | T25: =S25 | U25: =COUNTIF(B25:G25,"*VR*") | V25: =COUNTIF(B25:G25,"*VL*") | W25: =COUNTIF(K25:P25,"*VR*") | X25: =COUNTIF(K25:P25,"*VL*") | Y25: =COUNTIF(K25:P25,"=1")*1+COUNTIF(K25:P25,"=2")*2+COUNTIF(K25:P25,"=3")*3+COUNTIF(K25:P25,"1+VR")*1+COUNTIF(K25:P25,"1+VL")*1+COUNTIF(K25:P25,"1+VR+VL")*1+COUNTIF(K25:P25,"2+VR")*2+COUNTIF(K25:P25,"2+VL")*2+COUNTIF(K25:P25,"2+VR+VL")*2+COUNTIF(K25:P25,"3+VR")*3+COUNTIF(K25:P25,"3+VL")*3+COUNTIF(K25:P25,"VR+1")*1+COUNTIF(K25:P25,"VL+1")*1+COUNTIF(K25:P25,"VR+2")*2+COUNTIF(K25:P25,"VL+2")*2+COUNTIF(K25:P25,"VR+3")*3+COUNTIF(K25:P25,"VL+3")*3 | Z25: =Y25
I26: =SUM(B26:H26)
I27: =SUM(B27:H27)
A28: 2 Aarde | H28: =SUM(S30,S31,S32,S33,S34,S35,S36,S37) | U28: =COUNTIF(B29:B39,"*VR*")+COUNTIF(C29:C39,"*VR*")+COUNTIF(D29:D39,"*VR*")+COUNTIF(E29:E39,"*VR*")+COUNTIF(F29:F39,"*VR*")+COUNTIF(G29:G39,"*VR*")+COUNTIF(H29:H39,"*VR*") | V28: =COUNTIF(B29:B39,"*VL*")+COUNTIF(C29:C39,"*VL*")+COUNTIF(D29:D39,"*VL*")+COUNTIF(E29:E39,"*VL*")+COUNTIF(F29:F39,"*VL*")+COUNTIF(G29:G39,"*VL*")+COUNTIF(H29:H39,"*VL*")
A29: Naam? | B29: 1 | C29: 2 | D29: 3 | E29: 4 | F29: 5 | G29: 6 | H29: 7 | Q29: 7
A30: ='MAESTRA STUDENTEN'!B33 | H30: =SUM(S42,S43,S44,S45,S46,S47,S48,S49,S50) | S30: =COUNTIF(B30:G30,"=1")*1+COUNTIF(B30:G30,"=2")*2+COUNTIF(B30:G30,"=3")*3+COUNTIF(B30:G30,"1+VR")*1+COUNTIF(B30:G30,"1+VL")*1+COUNTIF(B30:G30,"1+VR+VL")*1+COUNTIF(B30:G30,"2+VR")*2+COUNTIF(B30:G30,"2+VL")*2+COUNTIF(B30:G30,"2+VR+VL")*2+COUNTIF(B30:G30,"3+VR")*3+COUNTIF(B30:G30,"3+VL")*3+COUNTIF(B30:G30,"VR+1")*1+COUNTIF(B30:G30,"VL+1")*1+COUNTIF(B30:G30,"VR+2")*2+COUNTIF(B30:G30,"VL+2")*2+COUNTIF(B30:G30,"VR+3")*3+COUNTIF(B30:G30,"VL+3")*3 | T30: =S30 | U30: =COUNTIF(B30:G30,"*VR*") | V30: =COUNTIF(B30:G30,"*VL*")
A31: ='MAESTRA STUDENTEN'!B34 | H31: =SUM(S42,S43,S44,S45,S46,S47,S48,S49,S50) | S31: =COUNTIF(B31:G31,"=1")*1+COUNTIF(B31:G31,"=2")*2+COUNTIF(B31:G31,"=3")*3+COUNTIF(B31:G31,"1+VR")*1+COUNTIF(B31:G31,"1+VL")*1+COUNTIF(B31:G31,"1+VR+VL")*1+COUNTIF(B31:G31,"2+VR")*2+COUNTIF(B31:G31,"2+VL")*2+COUNTIF(B31:G31,"2+VR+VL")*2+COUNTIF(B31:G31,"3+VR")*3+COUNTIF(B31:G31,"3+VL")*3+COUNTIF(B31:G31,"VR+1")*1+COUNTIF(B31:G31,"VL+1")*1+COUNTIF(B31:G31,"VR+2")*2+COUNTIF(B31:G31,"VL+2")*2+COUNTIF(B31:G31,"VR+3")*3+COUNTIF(B31:G31,"VL+3")*3 | T31: =S31 | U31: =COUNTIF(B31:G31,"*VR*") | V31: =COUNTIF(B31:G31,"*VL*")
A32: ='MAESTRA STUDENTEN'!B35 | H32: =SUM(S42,S43,S44,S45,S46,S47,S48,S49,S50) | S32: =COUNTIF(B32:G32,"=1")*1+COUNTIF(B32:G32,"=2")*2+COUNTIF(B32:G32,"=3")*3+COUNTIF(B32:G32,"1+VR")*1+COUNTIF(B32:G32,"1+VL")*1+COUNTIF(B32:G32,"1+VR+VL")*1+COUNTIF(B32:G32,"2+VR")*2+COUNTIF(B32:G32,"2+VL")*2+COUNTIF(B32:G32,"2+VR+VL")*2+COUNTIF(B32:G32,"3+VR")*3+COUNTIF(B32:G32,"3+VL")*3+COUNTIF(B32:G32,"VR+1")*1+COUNTIF(B32:G32,"VL+1")*1+COUNTIF(B32:G32,"VR+2")*2+COUNTIF(B32:G32,"VL+2")*2+COUNTIF(B32:G32,"VR+3")*3+COUNTIF(B32:G32,"VL+3")*3 | T32: =S32 | U32: =COUNTIF(B32:G32,"*VR*") | V32: =COUNTIF(B32:G32,"*VL*")
A33: ='MAESTRA STUDENTEN'!B36 | H33: =SUM(S42,S43,S44,S45,S46,S47,S48,S49,S50) | S33: =COUNTIF(B33:G33,"=1")*1+COUNTIF(B33:G33,"=2")*2+COUNTIF(B33:G33,"=3")*3+COUNTIF(B33:G33,"1+VR")*1+COUNTIF(B33:G33,"1+VL")*1+COUNTIF(B33:G33,"1+VR+VL")*1+COUNTIF(B33:G33,"2+VR")*2+COUNTIF(B33:G33,"2+VL")*2+COUNTIF(B33:G33,"2+VR+VL")*2+COUNTIF(B33:G33,"3+VR")*3+COUNTIF(B33:G33,"3+VL")*3+COUNTIF(B33:G33,"VR+1")*1+COUNTIF(B33:G33,"VL+1")*1+COUNTIF(B33:G33,"VR+2")*2+COUNTIF(B33:G33,"VL+2")*2+COUNTIF(B33:G33,"VR+3")*3+COUNTIF(B33:G33,"VL+3")*3 | T33: =S33 | U33: =COUNTIF(B33:G33,"*VR*") | V33: =COUNTIF(B33:G33,"*VL*")
A34: ='MAESTRA STUDENTEN'!B37 | H34: =SUM(S42,S43,S44,S45,S46,S47,S48,S49,S50) | S34: =COUNTIF(B34:G34,"=1")*1+COUNTIF(B34:G34,"=2")*2+COUNTIF(B34:G34,"=3")*3+COUNTIF(B34:G34,"1+VR")*1+COUNTIF(B34:G34,"1+VL")*1+COUNTIF(B34:G34,"1+VR+VL")*1+COUNTIF(B34:G34,"2+VR")*2+COUNTIF(B34:G34,"2+VL")*2+COUNTIF(B34:G34,"2+VR+VL")*2+COUNTIF(B34:G34,"3+VR")*3+COUNTIF(B34:G34,"3+VL")*3+COUNTIF(B34:G34,"VR+1")*1+COUNTIF(B34:G34,"VL+1")*1+COUNTIF(B34:G34,"VR+2")*2+COUNTIF(B34:G34,"VL+2")*2+COUNTIF(B34:G34,"VR+3")*3+COUNTIF(B34:G34,"VL+3")*3 | T34: =S34 | U34: =COUNTIF(B34:G34,"*VR*") | V34: =COUNTIF(B34:G34,"*VL*")
A35: ='MAESTRA STUDENTEN'!B38 | H35: =SUM(S42,S43,S44,S45,S46,S47,S48,S49,S50) | S35: =COUNTIF(B35:G35,"=1")*1+COUNTIF(B35:G35,"=2")*2+COUNTIF(B35:G35,"=3")*3+COUNTIF(B35:G35,"1+VR")*1+COUNTIF(B35:G35,"1+VL")*1+COUNTIF(B35:G35,"1+VR+VL")*1+COUNTIF(B35:G35,"2+VR")*2+COUNTIF(B35:G35,"2+VL")*2+COUNTIF(B35:G35,"2+VR+VL")*2+COUNTIF(B35:G35,"3+VR")*3+COUNTIF(B35:G35,"3+VL")*3+COUNTIF(B35:G35,"VR+1")*1+COUNTIF(B35:G35,"VL+1")*1+COUNTIF(B35:G35,"VR+2")*2+COUNTIF(B35:G35,"VL+2")*2+COUNTIF(B35:G35,"VR+3")*3+COUNTIF(B35:G35,"VL+3")*3 | T35: =S35 | U35: =COUNTIF(B35:G35,"*VR*") | V35: =COUNTIF(B35:G35,"*VL*")
A36: ='MAESTRA STUDENTEN'!B39 | H36: =SUM(S42,S43,S44,S45,S46,S47,S48,S49,S50) | S36: =COUNTIF(B36:G36,"=1")*1+COUNTIF(B36:G36,"=2")*2+COUNTIF(B36:G36,"=3")*3+COUNTIF(B36:G36,"1+VR")*1+COUNTIF(B36:G36,"1+VL")*1+COUNTIF(B36:G36,"1+VR+VL")*1+COUNTIF(B36:G36,"2+VR")*2+COUNTIF(B36:G36,"2+VL")*2+COUNTIF(B36:G36,"2+VR+VL")*2+COUNTIF(B36:G36,"3+VR")*3+COUNTIF(B36:G36,"3+VL")*3+COUNTIF(B36:G36,"VR+1")*1+COUNTIF(B36:G36,"VL+1")*1+COUNTIF(B36:G36,"VR+2")*2+COUNTIF(B36:G36,"VL+2")*2+COUNTIF(B36:G36,"VR+3")*3+COUNTIF(B36:G36,"VL+3")*3 | T36: =S36 | U36: =COUNTIF(B36:G36,"*VR*") | V36: =COUNTIF(B36:G36,"*VL*")
A37: ='MAESTRA STUDENTEN'!B40 | H37: =SUM(S42,S43,S44,S45,S46,S47,S48,S49,S50) | S37: =COUNTIF(B37:G37,"=1")*1+COUNTIF(B37:G37,"=2")*2+COUNTIF(B37:G37,"=3")*3+COUNTIF(B37:G37,"1+VR")*1+COUNTIF(B37:G37,"1+VL")*1+COUNTIF(B37:G37,"1+VR+VL")*1+COUNTIF(B37:G37,"2+VR")*2+COUNTIF(B37:G37,"2+VL")*2+COUNTIF(B37:G37,"2+VR+VL")*2+COUNTIF(B37:G37,"3+VR")*3+COUNTIF(B37:G37,"3+VL")*3+COUNTIF(B37:G37,"VR+1")*1+COUNTIF(B37:G37,"VL+1")*1+COUNTIF(B37:G37,"VR+2")*2+COUNTIF(B37:G37,"VL+2")*2+COUNTIF(B37:G37,"VR+3")*3+COUNTIF(B37:G37,"VL+3")*3 | T37: =S37 | U37: =COUNTIF(B37:G37,"*VR*") | V37: =COUNTIF(B37:G37,"*VL*")
I38: =SUM(B38:H38)
I39: =SUM(B39:H39)
A40: 2 Vuur | H40: =SUM(S42,S43,S44,S45,S46,S47,S48,S49,S50) | U40: =COUNTIF(B41:B52,"*VR*")+COUNTIF(C41:C52,"*VR*")+COUNTIF(D41:D52,"*VR*")+COUNTIF(E41:E52,"*VR*")+COUNTIF(F41:F52,"*VR*")+COUNTIF(G41:G52,"*VR*")+COUNTIF(H41:H52,"*VR*") | V40: =COUNTIF(B41:B52,"*VL*")+COUNTIF(C41:C52,"*VL*")+COUNTIF(D41:D52,"*VL*")+COUNTIF(E41:E52,"*VL*")+COUNTIF(F41:F52,"*VL*")+COUNTIF(G41:G52,"*VL*")+COUNTIF(H41:H52,"*VL*")
A41: Naam? | B41: 1 | C41: 2 | D41: 3 | E41: 4 | F41: 5 | G41: 6 | H41: 7 | Q41: 7
A42: ='MAESTRA STUDENTEN'!B41 | H42: =SUM(S55,S56,S57,S58,S59,S60,S61,S62,S63) | S42: =COUNTIF(B42:G42,"=1")*1+COUNTIF(B42:G42,"=2")*2+COUNTIF(B42:G42,"=3")*3+COUNTIF(B42:G42,"1+VR")*1+COUNTIF(B42:G42,"1+VL")*1+COUNTIF(B42:G42,"1+VR+VL")*1+COUNTIF(B42:G42,"2+VR")*2+COUNTIF(B42:G42,"2+VL")*2+COUNTIF(B42:G42,"2+VR+VL")*2+COUNTIF(B42:G42,"3+VR")*3+COUNTIF(B42:G42,"3+VL")*3+COUNTIF(B42:G42,"VR+1")*1+COUNTIF(B42:G42,"VL+1")*1+COUNTIF(B42:G42,"VR+2")*2+COUNTIF(B42:G42,"VL+2")*2+COUNTIF(B42:G42,"VR+3")*3+COUNTIF(B42:G42,"VL+3")*3 | T42: =S42 | U42: =COUNTIF(B42:G42,"*VR*") | V42: =COUNTIF(B42:G42,"*VL*")
A43: ='MAESTRA STUDENTEN'!B42 | H43: =SUM(S55,S56,S57,S58,S59,S60,S61,S62,S63) | S43: =COUNTIF(B43:G43,"=1")*1+COUNTIF(B43:G43,"=2")*2+COUNTIF(B43:G43,"=3")*3+COUNTIF(B43:G43,"1+VR")*1+COUNTIF(B43:G43,"1+VL")*1+COUNTIF(B43:G43,"1+VR+VL")*1+COUNTIF(B43:G43,"2+VR")*2+COUNTIF(B43:G43,"2+VL")*2+COUNTIF(B43:G43,"2+VR+VL")*2+COUNTIF(B43:G43,"3+VR")*3+COUNTIF(B43:G43,"3+VL")*3+COUNTIF(B43:G43,"VR+1")*1+COUNTIF(B43:G43,"VL+1")*1+COUNTIF(B43:G43,"VR+2")*2+COUNTIF(B43:G43,"VL+2")*2+COUNTIF(B43:G43,"VR+3")*3+COUNTIF(B43:G43,"VL+3")*3 | T43: =S43 | U43: =COUNTIF(B43:G43,"*VR*") | V43: =COUNTIF(B43:G43,"*VL*")
A44: ='MAESTRA STUDENTEN'!B43 | H44: =SUM(S55,S56,S57,S58,S59,S60,S61,S62,S63) | S44: =COUNTIF(B44:G44,"=1")*1+COUNTIF(B44:G44,"=2")*2+COUNTIF(B44:G44,"=3")*3+COUNTIF(B44:G44,"1+VR")*1+COUNTIF(B44:G44,"1+VL")*1+COUNTIF(B44:G44,"1+VR+VL")*1+COUNTIF(B44:G44,"2+VR")*2+COUNTIF(B44:G44,"2+VL")*2+COUNTIF(B44:G44,"2+VR+VL")*2+COUNTIF(B44:G44,"3+VR")*3+COUNTIF(B44:G44,"3+VL")*3+COUNTIF(B44:G44,"VR+1")*1+COUNTIF(B44:G44,"VL+1")*1+COUNTIF(B44:G44,"VR+2")*2+COUNTIF(B44:G44,"VL+2")*2+COUNTIF(B44:G44,"VR+3")*3+COUNTIF(B44:G44,"VL+3")*3 | T44: =S44 | U44: =COUNTIF(B44:G44,"*VR*") | V44: =COUNTIF(B44:G44,"*VL*")
A45: ='MAESTRA STUDENTEN'!B44 | H45: =SUM(S55,S56,S57,S58,S59,S60,S61,S62,S63) | S45: =COUNTIF(B45:G45,"=1")*1+COUNTIF(B45:G45,"=2")*2+COUNTIF(B45:G45,"=3")*3+COUNTIF(B45:G45,"1+VR")*1+COUNTIF(B45:G45,"1+VL")*1+COUNTIF(B45:G45,"1+VR+VL")*1+COUNTIF(B45:G45,"2+VR")*2+COUNTIF(B45:G45,"2+VL")*2+COUNTIF(B45:G45,"2+VR+VL")*2+COUNTIF(B45:G45,"3+VR")*3+COUNTIF(B45:G45,"3+VL")*3+COUNTIF(B45:G45,"VR+1")*1+COUNTIF(B45:G45,"VL+1")*1+COUNTIF(B45:G45,"VR+2")*2+COUNTIF(B45:G45,"VL+2")*2+COUNTIF(B45:G45,"VR+3")*3+COUNTIF(B45:G45,"VL+3")*3 | T45: =S45 | U45: =COUNTIF(B45:G45,"*VR*") | V45: =COUNTIF(B45:G45,"*VL*")
A46: ='MAESTRA STUDENTEN'!B45 | H46: =SUM(S55,S56,S57,S58,S59,S60,S61,S62,S63) | S46: =COUNTIF(B46:G46,"=1")*1+COUNTIF(B46:G46,"=2")*2+COUNTIF(B46:G46,"=3")*3+COUNTIF(B46:G46,"1+VR")*1+COUNTIF(B46:G46,"1+VL")*1+COUNTIF(B46:G46,"1+VR+VL")*1+COUNTIF(B46:G46,"2+VR")*2+COUNTIF(B46:G46,"2+VL")*2+COUNTIF(B46:G46,"2+VR+VL")*2+COUNTIF(B46:G46,"3+VR")*3+COUNTIF(B46:G46,"3+VL")*3+COUNTIF(B46:G46,"VR+1")*1+COUNTIF(B46:G46,"VL+1")*1+COUNTIF(B46:G46,"VR+2")*2+COUNTIF(B46:G46,"VL+2")*2+COUNTIF(B46:G46,"VR+3")*3+COUNTIF(B46:G46,"VL+3")*3 | T46: =S46 | U46: =COUNTIF(B46:G46,"*VR*") | V46: =COUNTIF(B46:G46,"*VL*")
A47: ='MAESTRA STUDENTEN'!B46 | H47: =SUM(S55,S56,S57,S58,S59,S60,S61,S62,S63) | S47: =COUNTIF(B47:G47,"=1")*1+COUNTIF(B47:G47,"=2")*2+COUNTIF(B47:G47,"=3")*3+COUNTIF(B47:G47,"1+VR")*1+COUNTIF(B47:G47,"1+VL")*1+COUNTIF(B47:G47,"1+VR+VL")*1+COUNTIF(B47:G47,"2+VR")*2+COUNTIF(B47:G47,"2+VL")*2+COUNTIF(B47:G47,"2+VR+VL")*2+COUNTIF(B47:G47,"3+VR")*3+COUNTIF(B47:G47,"3+VL")*3+COUNTIF(B47:G47,"VR+1")*1+COUNTIF(B47:G47,"VL+1")*1+COUNTIF(B47:G47,"VR+2")*2+COUNTIF(B47:G47,"VL+2")*2+COUNTIF(B47:G47,"VR+3")*3+COUNTIF(B47:G47,"VL+3")*3 | T47: =S47 | U47: =COUNTIF(B47:G47,"*VR*") | V47: =COUNTIF(B47:G47,"*VL*")
A48: ='MAESTRA STUDENTEN'!B47 | H48: =SUM(S55,S56,S57,S58,S59,S60,S61,S62,S63) | S48: =COUNTIF(B48:G48,"=1")*1+COUNTIF(B48:G48,"=2")*2+COUNTIF(B48:G48,"=3")*3+COUNTIF(B48:G48,"1+VR")*1+COUNTIF(B48:G48,"1+VL")*1+COUNTIF(B48:G48,"1+VR+VL")*1+COUNTIF(B48:G48,"2+VR")*2+COUNTIF(B48:G48,"2+VL")*2+COUNTIF(B48:G48,"2+VR+VL")*2+COUNTIF(B48:G48,"3+VR")*3+COUNTIF(B48:G48,"3+VL")*3+COUNTIF(B48:G48,"VR+1")*1+COUNTIF(B48:G48,"VL+1")*1+COUNTIF(B48:G48,"VR+2")*2+COUNTIF(B48:G48,"VL+2")*2+COUNTIF(B48:G48,"VR+3")*3+COUNTIF(B48:G48,"VL+3")*3 | T48: =S48 | U48: =COUNTIF(B48:G48,"*VR*") | V48: =COUNTIF(B48:G48,"*VL*")
A49: ='MAESTRA STUDENTEN'!B48 | H49: =SUM(S55,S56,S57,S58,S59,S60,S61,S62,S63) | S49: =COUNTIF(B49:G49,"=1")*1+COUNTIF(B49:G49,"=2")*2+COUNTIF(B49:G49,"=3")*3+COUNTIF(B49:G49,"1+VR")*1+COUNTIF(B49:G49,"1+VL")*1+COUNTIF(B49:G49,"1+VR+VL")*1+COUNTIF(B49:G49,"2+VR")*2+COUNTIF(B49:G49,"2+VL")*2+COUNTIF(B49:G49,"2+VR+VL")*2+COUNTIF(B49:G49,"3+VR")*3+COUNTIF(B49:G49,"3+VL")*3+COUNTIF(B49:G49,"VR+1")*1+COUNTIF(B49:G49,"VL+1")*1+COUNTIF(B49:G49,"VR+2")*2+COUNTIF(B49:G49,"VL+2")*2+COUNTIF(B49:G49,"VR+3")*3+COUNTIF(B49:G49,"VL+3")*3 | T49: =S49 | U49: =COUNTIF(B49:G49,"*VR*") | V49: =COUNTIF(B49:G49,"*VL*")
A50: ='MAESTRA STUDENTEN'!B49 | H50: =SUM(S55,S56,S57,S58,S59,S60,S61,S62,S63) | S50: =COUNTIF(B50:G50,"=1")*1+COUNTIF(B50:G50,"=2")*2+COUNTIF(B50:G50,"=3")*3+COUNTIF(B50:G50,"1+VR")*1+COUNTIF(B50:G50,"1+VL")*1+COUNTIF(B50:G50,"1+VR+VL")*1+COUNTIF(B50:G50,"2+VR")*2+COUNTIF(B50:G50,"2+VL")*2+COUNTIF(B50:G50,"2+VR+VL")*2+COUNTIF(B50:G50,"3+VR")*3+COUNTIF(B50:G50,"3+VL")*3+COUNTIF(B50:G50,"VR+1")*1+COUNTIF(B50:G50,"VL+1")*1+COUNTIF(B50:G50,"VR+2")*2+COUNTIF(B50:G50,"VL+2")*2+COUNTIF(B50:G50,"VR+3")*3+COUNTIF(B50:G50,"VL+3")*3 | T50: =S50 | U50: =COUNTIF(B50:G50,"*VR*") | V50: =COUNTIF(B50:G50,"*VL*")
I51: =SUM(B51:H51)
I52: =SUM(B52:H52)
A53: 3 Food | H53: =SUM(S55,S56,S57,S58,S59,S60,S61,S62,S63) | U53: =COUNTIF(B54:B65,"*VR*")+COUNTIF(C54:C65,"*VR*")+COUNTIF(D54:D65,"*VR*")+COUNTIF(E54:E65,"*VR*")+COUNTIF(F54:F65,"*VR*")+COUNTIF(G54:G65,"*VR*")+COUNTIF(H54:H65,"*VR*") | V53: =COUNTIF(B54:B65,"*VL*")+COUNTIF(C54:C65,"*VL*")+COUNTIF(D54:D65,"*VL*")+COUNTIF(E54:E65,"*VL*")+COUNTIF(F54:F65,"*VL*")+COUNTIF(G54:G65,"*VL*")+COUNTIF(H54:H65,"*VL*")
A54: Naam? | B54: 1 | C54: 2 | D54: 3 | E54: 4 | F54: 5 | G54: 6 | H54: 7 | Q54: 7
A55: ='MAESTRA STUDENTEN'!B50 | S55: =COUNTIF(B55:G55,"=1")*1+COUNTIF(B55:G55,"=2")*2+COUNTIF(B55:G55,"=3")*3+COUNTIF(B55:G55,"1+VR")*1+COUNTIF(B55:G55,"1+VL")*1+COUNTIF(B55:G55,"1+VR+VL")*1+COUNTIF(B55:G55,"2+VR")*2+COUNTIF(B55:G55,"2+VL")*2+COUNTIF(B55:G55,"2+VR+VL")*2+COUNTIF(B55:G55,"3+VR")*3+COUNTIF(B55:G55,"3+VL")*3+COUNTIF(B55:G55,"VR+1")*1+COUNTIF(B55:G55,"VL+1")*1+COUNTIF(B55:G55,"VR+2")*2+COUNTIF(B55:G55,"VL+2")*2+COUNTIF(B55:G55,"VR+3")*3+COUNTIF(B55:G55,"VL+3")*3 | T55: =S55 | U55: =COUNTIF(B55:G55,"*VR*") | V55: =COUNTIF(B55:G55,"*VL*")
A56: ='MAESTRA STUDENTEN'!B51 | H56: =SUM(S68,S69,S70,S71,S72,S73,S74,S75) | S56: =COUNTIF(B56:G56,"=1")*1+COUNTIF(B56:G56,"=2")*2+COUNTIF(B56:G56,"=3")*3+COUNTIF(B56:G56,"1+VR")*1+COUNTIF(B56:G56,"1+VL")*1+COUNTIF(B56:G56,"1+VR+VL")*1+COUNTIF(B56:G56,"2+VR")*2+COUNTIF(B56:G56,"2+VL")*2+COUNTIF(B56:G56,"2+VR+VL")*2+COUNTIF(B56:G56,"3+VR")*3+COUNTIF(B56:G56,"3+VL")*3+COUNTIF(B56:G56,"VR+1")*1+COUNTIF(B56:G56,"VL+1")*1+COUNTIF(B56:G56,"VR+2")*2+COUNTIF(B56:G56,"VL+2")*2+COUNTIF(B56:G56,"VR+3")*3+COUNTIF(B56:G56,"VL+3")*3 | T56: =S56 | U56: =COUNTIF(B56:G56,"*VR*") | V56: =COUNTIF(B56:G56,"*VL*")
A57: ='MAESTRA STUDENTEN'!B52 | H57: =SUM(S68,S69,S70,S71,S72,S73,S74,S75) | S57: =COUNTIF(B57:G57,"=1")*1+COUNTIF(B57:G57,"=2")*2+COUNTIF(B57:G57,"=3")*3+COUNTIF(B57:G57,"1+VR")*1+COUNTIF(B57:G57,"1+VL")*1+COUNTIF(B57:G57,"1+VR+VL")*1+COUNTIF(B57:G57,"2+VR")*2+COUNTIF(B57:G57,"2+VL")*2+COUNTIF(B57:G57,"2+VR+VL")*2+COUNTIF(B57:G57,"3+VR")*3+COUNTIF(B57:G57,"3+VL")*3+COUNTIF(B57:G57,"VR+1")*1+COUNTIF(B57:G57,"VL+1")*1+COUNTIF(B57:G57,"VR+2")*2+COUNTIF(B57:G57,"VL+2")*2+COUNTIF(B57:G57,"VR+3")*3+COUNTIF(B57:G57,"VL+3")*3 | T57: =S57 | U57: =COUNTIF(B57:G57,"*VR*") | V57: =COUNTIF(B57:G57,"*VL*")
A58: ='MAESTRA STUDENTEN'!B53 | H58: =SUM(S68,S69,S70,S71,S72,S73,S74,S75) | S58: =COUNTIF(B58:G58,"=1")*1+COUNTIF(B58:G58,"=2")*2+COUNTIF(B58:G58,"=3")*3+COUNTIF(B58:G58,"1+VR")*1+COUNTIF(B58:G58,"1+VL")*1+COUNTIF(B58:G58,"1+VR+VL")*1+COUNTIF(B58:G58,"2+VR")*2+COUNTIF(B58:G58,"2+VL")*2+COUNTIF(B58:G58,"2+VR+VL")*2+COUNTIF(B58:G58,"3+VR")*3+COUNTIF(B58:G58,"3+VL")*3+COUNTIF(B58:G58,"VR+1")*1+COUNTIF(B58:G58,"VL+1")*1+COUNTIF(B58:G58,"VR+2")*2+COUNTIF(B58:G58,"VL+2")*2+COUNTIF(B58:G58,"VR+3")*3+COUNTIF(B58:G58,"VL+3")*3 | T58: =S58 | U58: =COUNTIF(B58:G58,"*VR*") | V58: =COUNTIF(B58:G58,"*VL*")
A59: ='MAESTRA STUDENTEN'!B54 | H59: =SUM(S68,S69,S70,S71,S72,S73,S74,S75) | S59: =COUNTIF(B59:G59,"=1")*1+COUNTIF(B59:G59,"=2")*2+COUNTIF(B59:G59,"=3")*3+COUNTIF(B59:G59,"1+VR")*1+COUNTIF(B59:G59,"1+VL")*1+COUNTIF(B59:G59,"1+VR+VL")*1+COUNTIF(B59:G59,"2+VR")*2+COUNTIF(B59:G59,"2+VL")*2+COUNTIF(B59:G59,"2+VR+VL")*2+COUNTIF(B59:G59,"3+VR")*3+COUNTIF(B59:G59,"3+VL")*3+COUNTIF(B59:G59,"VR+1")*1+COUNTIF(B59:G59,"VL+1")*1+COUNTIF(B59:G59,"VR+2")*2+COUNTIF(B59:G59,"VL+2")*2+COUNTIF(B59:G59,"VR+3")*3+COUNTIF(B59:G59,"VL+3")*3 | T59: =S59 | U59: =COUNTIF(B59:G59,"*VR*") | V59: =COUNTIF(B59:G59,"*VL*")
A60: ='MAESTRA STUDENTEN'!B55 | S60: =COUNTIF(B60:G60,"=1")*1+COUNTIF(B60:G60,"=2")*2+COUNTIF(B60:G60,"=3")*3+COUNTIF(B60:G60,"1+VR")*1+COUNTIF(B60:G60,"1+VL")*1+COUNTIF(B60:G60,"1+VR+VL")*1+COUNTIF(B60:G60,"2+VR")*2+COUNTIF(B60:G60,"2+VL")*2+COUNTIF(B60:G60,"2+VR+VL")*2+COUNTIF(B60:G60,"3+VR")*3+COUNTIF(B60:G60,"3+VL")*3+COUNTIF(B60:G60,"VR+1")*1+COUNTIF(B60:G60,"VL+1")*1+COUNTIF(B60:G60,"VR+2")*2+COUNTIF(B60:G60,"VL+2")*2+COUNTIF(B60:G60,"VR+3")*3+COUNTIF(B60:G60,"VL+3")*3 | T60: =S60 | U60: =COUNTIF(B60:G60,"*VR*") | V60: =COUNTIF(B60:G60,"*VL*")
A61: ='MAESTRA STUDENTEN'!B56 | S61: =COUNTIF(B61:G61,"=1")*1+COUNTIF(B61:G61,"=2")*2+COUNTIF(B61:G61,"=3")*3+COUNTIF(B61:G61,"1+VR")*1+COUNTIF(B61:G61,"1+VL")*1+COUNTIF(B61:G61,"1+VR+VL")*1+COUNTIF(B61:G61,"2+VR")*2+COUNTIF(B61:G61,"2+VL")*2+COUNTIF(B61:G61,"2+VR+VL")*2+COUNTIF(B61:G61,"3+VR")*3+COUNTIF(B61:G61,"3+VL")*3+COUNTIF(B61:G61,"VR+1")*1+COUNTIF(B61:G61,"VL+1")*1+COUNTIF(B61:G61,"VR+2")*2+COUNTIF(B61:G61,"VL+2")*2+COUNTIF(B61:G61,"VR+3")*3+COUNTIF(B61:G61,"VL+3")*3 | T61: =S61 | U61: =COUNTIF(B61:G61,"*VR*") | V61: =COUNTIF(B61:G61,"*VL*")
A62: ='MAESTRA STUDENTEN'!B57 | S62: =COUNTIF(B62:G62,"=1")*1+COUNTIF(B62:G62,"=2")*2+COUNTIF(B62:G62,"=3")*3+COUNTIF(B62:G62,"1+VR")*1+COUNTIF(B62:G62,"1+VL")*1+COUNTIF(B62:G62,"1+VR+VL")*1+COUNTIF(B62:G62,"2+VR")*2+COUNTIF(B62:G62,"2+VL")*2+COUNTIF(B62:G62,"2+VR+VL")*2+COUNTIF(B62:G62,"3+VR")*3+COUNTIF(B62:G62,"3+VL")*3+COUNTIF(B62:G62,"VR+1")*1+COUNTIF(B62:G62,"VL+1")*1+COUNTIF(B62:G62,"VR+2")*2+COUNTIF(B62:G62,"VL+2")*2+COUNTIF(B62:G62,"VR+3")*3+COUNTIF(B62:G62,"VL+3")*3 | T62: =S62 | U62: =COUNTIF(B62:G62,"*VR*") | V62: =COUNTIF(B62:G62,"*VL*")
A63: ='MAESTRA STUDENTEN'!B58 | S63: =COUNTIF(B63:G63,"=1")*1+COUNTIF(B63:G63,"=2")*2+COUNTIF(B63:G63,"=3")*3+COUNTIF(B63:G63,"1+VR")*1+COUNTIF(B63:G63,"1+VL")*1+COUNTIF(B63:G63,"1+VR+VL")*1+COUNTIF(B63:G63,"2+VR")*2+COUNTIF(B63:G63,"2+VL")*2+COUNTIF(B63:G63,"2+VR+VL")*2+COUNTIF(B63:G63,"3+VR")*3+COUNTIF(B63:G63,"3+VL")*3+COUNTIF(B63:G63,"VR+1")*1+COUNTIF(B63:G63,"VL+1")*1+COUNTIF(B63:G63,"VR+2")*2+COUNTIF(B63:G63,"VL+2")*2+COUNTIF(B63:G63,"VR+3")*3+COUNTIF(B63:G63,"VL+3")*3 | T63: =S63 | U63: =COUNTIF(B63:G63,"*VR*") | V63: =COUNTIF(B63:G63,"*VL*")
I64: =SUM(B64:H64)
I65: =SUM(B65:H65)
A66: 3 MA | H66: =SUM(S68,S69,S70,S71,S72,S73,S74,S75) | U66: =COUNTIF(B67:B77,"*VR*")+COUNTIF(C67:C77,"*VR*")+COUNTIF(D67:D77,"*VR*")+COUNTIF(E67:E77,"*VR*")+COUNTIF(F67:F77,"*VR*")+COUNTIF(G67:G77,"*VR*")+COUNTIF(H67:H77,"*VR*") | V66: =COUNTIF(B67:B77,"*VL*")+COUNTIF(C67:C77,"*VL*")+COUNTIF(D67:D77,"*VL*")+COUNTIF(E67:E77,"*VL*")+COUNTIF(F67:F77,"*VL*")+COUNTIF(G67:G77,"*VL*")+COUNTIF(H67:H77,"*VL*")
A67: Naam? | B67: 1 | C67: 2 | D67: 3 | E67: 4 | F67: 5 | G67: 6 | H67: 7 | Q67: 7
A68: ='MAESTRA STUDENTEN'!B59 | S68: =COUNTIF(B68:G68,"=1")*1+COUNTIF(B68:G68,"=2")*2+COUNTIF(B68:G68,"=3")*3+COUNTIF(B68:G68,"1+VR")*1+COUNTIF(B68:G68,"1+VL")*1+COUNTIF(B68:G68,"1+VR+VL")*1+COUNTIF(B68:G68,"2+VR")*2+COUNTIF(B68:G68,"2+VL")*2+COUNTIF(B68:G68,"2+VR+VL")*2+COUNTIF(B68:G68,"3+VR")*3+COUNTIF(B68:G68,"3+VL")*3+COUNTIF(B68:G68,"VR+1")*1+COUNTIF(B68:G68,"VL+1")*1+COUNTIF(B68:G68,"VR+2")*2+COUNTIF(B68:G68,"VL+2")*2+COUNTIF(B68:G68,"VR+3")*3+COUNTIF(B68:G68,"VL+3")*3 | T68: =S68 | U68: =COUNTIF(B68:G68,"*VR*") | V68: =COUNTIF(B68:G68,"*VL*")
A69: ='MAESTRA STUDENTEN'!B60 | S69: =COUNTIF(B69:G69,"=1")*1+COUNTIF(B69:G69,"=2")*2+COUNTIF(B69:G69,"=3")*3+COUNTIF(B69:G69,"1+VR")*1+COUNTIF(B69:G69,"1+VL")*1+COUNTIF(B69:G69,"1+VR+VL")*1+COUNTIF(B69:G69,"2+VR")*2+COUNTIF(B69:G69,"2+VL")*2+COUNTIF(B69:G69,"2+VR+VL")*2+COUNTIF(B69:G69,"3+VR")*3+COUNTIF(B69:G69,"3+VL")*3+COUNTIF(B69:G69,"VR+1")*1+COUNTIF(B69:G69,"VL+1")*1+COUNTIF(B69:G69,"VR+2")*2+COUNTIF(B69:G69,"VL+2")*2+COUNTIF(B69:G69,"VR+3")*3+COUNTIF(B69:G69,"VL+3")*3 | T69: =S69 | U69: =COUNTIF(B69:G69,"*VR*") | V69: =COUNTIF(B69:G69,"*VL*")
A70: ='MAESTRA STUDENTEN'!B61 | H70: =SUM(S80,S81,S82,S83) | S70: =COUNTIF(B70:G70,"=1")*1+COUNTIF(B70:G70,"=2")*2+COUNTIF(B70:G70,"=3")*3+COUNTIF(B70:G70,"1+VR")*1+COUNTIF(B70:G70,"1+VL")*1+COUNTIF(B70:G70,"1+VR+VL")*1+COUNTIF(B70:G70,"2+VR")*2+COUNTIF(B70:G70,"2+VL")*2+COUNTIF(B70:G70,"2+VR+VL")*2+COUNTIF(B70:G70,"3+VR")*3+COUNTIF(B70:G70,"3+VL")*3+COUNTIF(B70:G70,"VR+1")*1+COUNTIF(B70:G70,"VL+1")*1+COUNTIF(B70:G70,"VR+2")*2+COUNTIF(B70:G70,"VL+2")*2+COUNTIF(B70:G70,"VR+3")*3+COUNTIF(B70:G70,"VL+3")*3 | T70: =S70 | U70: =COUNTIF(B70:G70,"*VR*") | V70: =COUNTIF(B70:G70,"*VL*")
A71: ='MAESTRA STUDENTEN'!B62 | H71: =SUM(S80,S81,S82,S83) | S71: =COUNTIF(B71:G71,"=1")*1+COUNTIF(B71:G71,"=2")*2+COUNTIF(B71:G71,"=3")*3+COUNTIF(B71:G71,"1+VR")*1+COUNTIF(B71:G71,"1+VL")*1+COUNTIF(B71:G71,"1+VR+VL")*1+COUNTIF(B71:G71,"2+VR")*2+COUNTIF(B71:G71,"2+VL")*2+COUNTIF(B71:G71,"2+VR+VL")*2+COUNTIF(B71:G71,"3+VR")*3+COUNTIF(B71:G71,"3+VL")*3+COUNTIF(B71:G71,"VR+1")*1+COUNTIF(B71:G71,"VL+1")*1+COUNTIF(B71:G71,"VR+2")*2+COUNTIF(B71:G71,"VL+2")*2+COUNTIF(B71:G71,"VR+3")*3+COUNTIF(B71:G71,"VL+3")*3 | T71: =S71 | U71: =COUNTIF(B71:G71,"*VR*") | V71: =COUNTIF(B71:G71,"*VL*")
A72: ='MAESTRA STUDENTEN'!B63 | H72: =SUM(S80,S81,S82,S83) | S72: =COUNTIF(B72:G72,"=1")*1+COUNTIF(B72:G72,"=2")*2+COUNTIF(B72:G72,"=3")*3+COUNTIF(B72:G72,"1+VR")*1+COUNTIF(B72:G72,"1+VL")*1+COUNTIF(B72:G72,"1+VR+VL")*1+COUNTIF(B72:G72,"2+VR")*2+COUNTIF(B72:G72,"2+VL")*2+COUNTIF(B72:G72,"2+VR+VL")*2+COUNTIF(B72:G72,"3+VR")*3+COUNTIF(B72:G72,"3+VL")*3+COUNTIF(B72:G72,"VR+1")*1+COUNTIF(B72:G72,"VL+1")*1+COUNTIF(B72:G72,"VR+2")*2+COUNTIF(B72:G72,"VL+2")*2+COUNTIF(B72:G72,"VR+3")*3+COUNTIF(B72:G72,"VL+3")*3 | T72: =S72 | U72: =COUNTIF(B72:G72,"*VR*") | V72: =COUNTIF(B72:G72,"*VL*")
A73: ='MAESTRA STUDENTEN'!B64 | H73: =SUM(S80,S81,S82,S83) | S73: =COUNTIF(B73:G73,"=1")*1+COUNTIF(B73:G73,"=2")*2+COUNTIF(B73:G73,"=3")*3+COUNTIF(B73:G73,"1+VR")*1+COUNTIF(B73:G73,"1+VL")*1+COUNTIF(B73:G73,"1+VR+VL")*1+COUNTIF(B73:G73,"2+VR")*2+COUNTIF(B73:G73,"2+VL")*2+COUNTIF(B73:G73,"2+VR+VL")*2+COUNTIF(B73:G73,"3+VR")*3+COUNTIF(B73:G73,"3+VL")*3+COUNTIF(B73:G73,"VR+1")*1+COUNTIF(B73:G73,"VL+1")*1+COUNTIF(B73:G73,"VR+2")*2+COUNTIF(B73:G73,"VL+2")*2+COUNTIF(B73:G73,"VR+3")*3+COUNTIF(B73:G73,"VL+3")*3 | T73: =S73 | U73: =COUNTIF(B73:G73,"*VR*") | V73: =COUNTIF(B73:G73,"*VL*")
A74: ='MAESTRA STUDENTEN'!B65 | S74: =COUNTIF(B74:G74,"=1")*1+COUNTIF(B74:G74,"=2")*2+COUNTIF(B74:G74,"=3")*3+COUNTIF(B74:G74,"1+VR")*1+COUNTIF(B74:G74,"1+VL")*1+COUNTIF(B74:G74,"1+VR+VL")*1+COUNTIF(B74:G74,"2+VR")*2+COUNTIF(B74:G74,"2+VL")*2+COUNTIF(B74:G74,"2+VR+VL")*2+COUNTIF(B74:G74,"3+VR")*3+COUNTIF(B74:G74,"3+VL")*3+COUNTIF(B74:G74,"VR+1")*1+COUNTIF(B74:G74,"VL+1")*1+COUNTIF(B74:G74,"VR+2")*2+COUNTIF(B74:G74,"VL+2")*2+COUNTIF(B74:G74,"VR+3")*3+COUNTIF(B74:G74,"VL+3")*3 | T74: =S74 | U74: =COUNTIF(B74:G74,"*VR*") | V74: =COUNTIF(B74:G74,"*VL*")
A75: ='MAESTRA STUDENTEN'!B66 | S75: =COUNTIF(B75:G75,"=1")*1+COUNTIF(B75:G75,"=2")*2+COUNTIF(B75:G75,"=3")*3+COUNTIF(B75:G75,"1+VR")*1+COUNTIF(B75:G75,"1+VL")*1+COUNTIF(B75:G75,"1+VR+VL")*1+COUNTIF(B75:G75,"2+VR")*2+COUNTIF(B75:G75,"2+VL")*2+COUNTIF(B75:G75,"2+VR+VL")*2+COUNTIF(B75:G75,"3+VR")*3+COUNTIF(B75:G75,"3+VL")*3+COUNTIF(B75:G75,"VR+1")*1+COUNTIF(B75:G75,"VL+1")*1+COUNTIF(B75:G75,"VR+2")*2+COUNTIF(B75:G75,"VL+2")*2+COUNTIF(B75:G75,"VR+3")*3+COUNTIF(B75:G75,"VL+3")*3 | T75: =S75 | U75: =COUNTIF(B75:G75,"*VR*") | V75: =COUNTIF(B75:G75,"*VL*")
I76: =SUM(B76:H76)
I77: =SUM(B77:H77)
A78: 3 MGB | H78: =SUM(S80,S81,S82,S83) | U78: =COUNTIF(B79:B85,"*VR*")+COUNTIF(C79:C85,"*VR*")+COUNTIF(D79:D85,"*VR*")+COUNTIF(E79:E85,"*VR*")+COUNTIF(F79:F85,"*VR*")+COUNTIF(G79:G85,"*VR*")+COUNTIF(H79:H85,"*VR*") | V78: =COUNTIF(B79:B85,"*VL*")+COUNTIF(C79:C85,"*VL*")+COUNTIF(D79:D85,"*VL*")+COUNTIF(E79:E85,"*VL*")+COUNTIF(F79:F85,"*VL*")+COUNTIF(G79:G85,"*VL*")+COUNTIF(H79:H85,"*VL*")
A79: Naam? | B79: 1 | C79: 2 | D79: 3 | E79: 4 | F79: 5 | G79: 6 | H79: 7 | Q79: 7
A80: ='MAESTRA STUDENTEN'!B67 | S80: =COUNTIF(B80:G80,"=1")*1+COUNTIF(B80:G80,"=2")*2+COUNTIF(B80:G80,"=3")*3+COUNTIF(B80:G80,"1+VR")*1+COUNTIF(B80:G80,"1+VL")*1+COUNTIF(B80:G80,"1+VR+VL")*1+COUNTIF(B80:G80,"2+VR")*2+COUNTIF(B80:G80,"2+VL")*2+COUNTIF(B80:G80,"2+VR+VL")*2+COUNTIF(B80:G80,"3+VR")*3+COUNTIF(B80:G80,"3+VL")*3+COUNTIF(B80:G80,"VR+1")*1+COUNTIF(B80:G80,"VL+1")*1+COUNTIF(B80:G80,"VR+2")*2+COUNTIF(B80:G80,"VL+2")*2+COUNTIF(B80:G80,"VR+3")*3+COUNTIF(B80:G80,"VL+3")*3 | T80: =S80 | U80: =COUNTIF(B80:G80,"*VR*") | V80: =COUNTIF(B80:G80,"*VL*")
A81: ='MAESTRA STUDENTEN'!B68 | S81: =COUNTIF(B81:G81,"=1")*1+COUNTIF(B81:G81,"=2")*2+COUNTIF(B81:G81,"=3")*3+COUNTIF(B81:G81,"1+VR")*1+COUNTIF(B81:G81,"1+VL")*1+COUNTIF(B81:G81,"1+VR+VL")*1+COUNTIF(B81:G81,"2+VR")*2+COUNTIF(B81:G81,"2+VL")*2+COUNTIF(B81:G81,"2+VR+VL")*2+COUNTIF(B81:G81,"3+VR")*3+COUNTIF(B81:G81,"3+VL")*3+COUNTIF(B81:G81,"VR+1")*1+COUNTIF(B81:G81,"VL+1")*1+COUNTIF(B81:G81,"VR+2")*2+COUNTIF(B81:G81,"VL+2")*2+COUNTIF(B81:G81,"VR+3")*3+COUNTIF(B81:G81,"VL+3")*3 | T81: =S81 | U81: =COUNTIF(B81:G81,"*VR*") | V81: =COUNTIF(B81:G81,"*VL*")
A82: ='MAESTRA STUDENTEN'!B69 | S82: =COUNTIF(B82:G82,"=1")*1+COUNTIF(B82:G82,"=2")*2+COUNTIF(B82:G82,"=3")*3+COUNTIF(B82:G82,"1+VR")*1+COUNTIF(B82:G82,"1+VL")*1+COUNTIF(B82:G82,"1+VR+VL")*1+COUNTIF(B82:G82,"2+VR")*2+COUNTIF(B82:G82,"2+VL")*2+COUNTIF(B82:G82,"2+VR+VL")*2+COUNTIF(B82:G82,"3+VR")*3+COUNTIF(B82:G82,"3+VL")*3+COUNTIF(B82:G82,"VR+1")*1+COUNTIF(B82:G82,"VL+1")*1+COUNTIF(B82:G82,"VR+2")*2+COUNTIF(B82:G82,"VL+2")*2+COUNTIF(B82:G82,"VR+3")*3+COUNTIF(B82:G82,"VL+3")*3 | T82: =S82 | U82: =COUNTIF(B82:G82,"*VR*") | V82: =COUNTIF(B82:G82,"*VL*")
A83: ='MAESTRA STUDENTEN'!B70 | S83: =COUNTIF(B83:G83,"=1")*1+COUNTIF(B83:G83,"=2")*2+COUNTIF(B83:G83,"=3")*3+COUNTIF(B83:G83,"1+VR")*1+COUNTIF(B83:G83,"1+VL")*1+COUNTIF(B83:G83,"1+VR+VL")*1+COUNTIF(B83:G83,"2+VR")*2+COUNTIF(B83:G83,"2+VL")*2+COUNTIF(B83:G83,"2+VR+VL")*2+COUNTIF(B83:G83,"3+VR")*3+COUNTIF(B83:G83,"3+VL")*3+COUNTIF(B83:G83,"VR+1")*1+COUNTIF(B83:G83,"VL+1")*1+COUNTIF(B83:G83,"VR+2")*2+COUNTIF(B83:G83,"VL+2")*2+COUNTIF(B83:G83,"VR+3")*3+COUNTIF(B83:G83,"VL+3")*3 | T83: =S83 | U83: =COUNTIF(B83:G83,"*VR*") | V83: =COUNTIF(B83:G83,"*VL*")
I84: =SUM(B84:H84)
I85: =SUM(B85:H85)
A86: 3/4 Create | H86: =SUM(S88,S89,S90,S91) | U86: =COUNTIF(B87:B107,"*VR*")+COUNTIF(C87:C107,"*VR*")+COUNTIF(D87:D107,"*VR*")+COUNTIF(E87:E107,"*VR*")+COUNTIF(F87:F107,"*VR*")+COUNTIF(G87:G107,"*VR*")+COUNTIF(H87:H107,"*VR*") | V86: =COUNTIF(B87:B107,"*VL*")+COUNTIF(C87:C107,"*VL*")+COUNTIF(D87:D107,"*VL*")+COUNTIF(E87:E107,"*VL*")+COUNTIF(F87:F107,"*VL*")+COUNTIF(G87:G107,"*VL*")+COUNTIF(H87:H107,"*VL*")
A87: Naam? | B87: 1 | C87: 2 | D87: 3 | E87: 4 | F87: 5 | G87: 6 | H87: 7 | Q87: 7
A88: ='MAESTRA STUDENTEN'!B71 | H88: =SUM(S96,S97,S98,S99,S100,S101,S102,S103,S104,S105) | S88: =COUNTIF(B88:G88,"=1")*1+COUNTIF(B88:G88,"=2")*2+COUNTIF(B88:G88,"=3")*3+COUNTIF(B88:G88,"1+VR")*1+COUNTIF(B88:G88,"1+VL")*1+COUNTIF(B88:G88,"1+VR+VL")*1+COUNTIF(B88:G88,"2+VR")*2+COUNTIF(B88:G88,"2+VL")*2+COUNTIF(B88:G88,"2+VR+VL")*2+COUNTIF(B88:G88,"3+VR")*3+COUNTIF(B88:G88,"3+VL")*3+COUNTIF(B88:G88,"VR+1")*1+COUNTIF(B88:G88,"VL+1")*1+COUNTIF(B88:G88,"VR+2")*2+COUNTIF(B88:G88,"VL+2")*2+COUNTIF(B88:G88,"VR+3")*3+COUNTIF(B88:G88,"VL+3")*3 | T88: =S88 | U88: =COUNTIF(B88:G88,"*VR*") | V88: =COUNTIF(B88:G88,"*VL*")
A89: ='MAESTRA STUDENTEN'!B72 | H89: =SUM(S96,S97,S98,S99,S100,S101,S102,S103,S104,S105) | S89: =COUNTIF(B89:G89,"=1")*1+COUNTIF(B89:G89,"=2")*2+COUNTIF(B89:G89,"=3")*3+COUNTIF(B89:G89,"1+VR")*1+COUNTIF(B89:G89,"1+VL")*1+COUNTIF(B89:G89,"1+VR+VL")*1+COUNTIF(B89:G89,"2+VR")*2+COUNTIF(B89:G89,"2+VL")*2+COUNTIF(B89:G89,"2+VR+VL")*2+COUNTIF(B89:G89,"3+VR")*3+COUNTIF(B89:G89,"3+VL")*3+COUNTIF(B89:G89,"VR+1")*1+COUNTIF(B89:G89,"VL+1")*1+COUNTIF(B89:G89,"VR+2")*2+COUNTIF(B89:G89,"VL+2")*2+COUNTIF(B89:G89,"VR+3")*3+COUNTIF(B89:G89,"VL+3")*3 | T89: =S89 | U89: =COUNTIF(B89:G89,"*VR*") | V89: =COUNTIF(B89:G89,"*VL*")
A90: ='MAESTRA STUDENTEN'!B73 | H90: =SUM(S96,S97,S98,S99,S100,S101,S102,S103,S104,S105) | S90: =COUNTIF(B90:G90,"=1")*1+COUNTIF(B90:G90,"=2")*2+COUNTIF(B90:G90,"=3")*3+COUNTIF(B90:G90,"1+VR")*1+COUNTIF(B90:G90,"1+VL")*1+COUNTIF(B90:G90,"1+VR+VL")*1+COUNTIF(B90:G90,"2+VR")*2+COUNTIF(B90:G90,"2+VL")*2+COUNTIF(B90:G90,"2+VR+VL")*2+COUNTIF(B90:G90,"3+VR")*3+COUNTIF(B90:G90,"3+VL")*3+COUNTIF(B90:G90,"VR+1")*1+COUNTIF(B90:G90,"VL+1")*1+COUNTIF(B90:G90,"VR+2")*2+COUNTIF(B90:G90,"VL+2")*2+COUNTIF(B90:G90,"VR+3")*3+COUNTIF(B90:G90,"VL+3")*3 | T90: =S90 | U90: =COUNTIF(B90:G90,"*VR*") | V90: =COUNTIF(B90:G90,"*VL*")
A91: ='MAESTRA STUDENTEN'!B74 | H91: =SUM(S96,S97,S98,S99,S100,S101,S102,S103,S104,S105) | S91: =COUNTIF(B91:G91,"=1")*1+COUNTIF(B91:G91,"=2")*2+COUNTIF(B91:G91,"=3")*3+COUNTIF(B91:G91,"1+VR")*1+COUNTIF(B91:G91,"1+VL")*1+COUNTIF(B91:G91,"1+VR+VL")*1+COUNTIF(B91:G91,"2+VR")*2+COUNTIF(B91:G91,"2+VL")*2+COUNTIF(B91:G91,"2+VR+VL")*2+COUNTIF(B91:G91,"3+VR")*3+COUNTIF(B91:G91,"3+VL")*3+COUNTIF(B91:G91,"VR+1")*1+COUNTIF(B91:G91,"VL+1")*1+COUNTIF(B91:G91,"VR+2")*2+COUNTIF(B91:G91,"VL+2")*2+COUNTIF(B91:G91,"VR+3")*3+COUNTIF(B91:G91,"VL+3")*3 | T91: =S91 | U91: =COUNTIF(B91:G91,"*VR*") | V91: =COUNTIF(B91:G91,"*VL*")
I92: =SUM(B92:H92)
I93: =SUM(B93:H93)
A94: 3/4 Move & Play | H94: =SUM(S96,S97,S98,S99,S100,S101,S102,S103,S104,S105) | I94: =SUM(B94:H94) | U94: =COUNTIF(B95:B107,"*VR*")+COUNTIF(C95:C107,"*VR*")+COUNTIF(D95:D107,"*VR*")+COUNTIF(E95:E107,"*VR*")+COUNTIF(F95:F107,"*VR*")+COUNTIF(G95:G107,"*VR*")+COUNTIF(H95:H107,"*VR*")+COUNTIF(K95:K107,"*VR*")+COUNTIF(L95:L107,"*VR*")+COUNTIF(M95:M107,"*VR*")+COUNTIF(N95:N107,"*VR*")+COUNTIF(O95:O107,"*VR*")+COUNTIF(P95:P107,"*VR*")+COUNTIF(Q95:Q107,"*VR*") | V94: =COUNTIF(B95:B107,"*VL*")+COUNTIF(C95:C107,"*VL*")+COUNTIF(D95:D107,"*VL*")+COUNTIF(E95:E107,"*VL*")+COUNTIF(F95:F107,"*VL*")+COUNTIF(G95:G107,"*VL*")+COUNTIF(H95:H107,"*VL*")+COUNTIF(K95:K107,"*VL*")+COUNTIF(L95:L107,"*VL*")+COUNTIF(M95:M107,"*VL*")+COUNTIF(N95:N107,"*VL*")+COUNTIF(O95:O107,"*VL*")+COUNTIF(P95:P107,"*VL*")+COUNTIF(Q95:Q107,"*VL*")
A95: Naam? | B95: 1 | C95: 2 | D95: 3 | E95: 4 | F95: 5 | G95: 6 | H95: 7 | I95: =SUM(B95:H95) | Q95: 7
A96: ='MAESTRA STUDENTEN'!B75 | S96: =COUNTIF(B96:G96,"=1")*1+COUNTIF(B96:G96,"=2")*2+COUNTIF(B96:G96,"=3")*3+COUNTIF(B96:G96,"1+VR")*1+COUNTIF(B96:G96,"1+VL")*1+COUNTIF(B96:G96,"1+VR+VL")*1+COUNTIF(B96:G96,"2+VR")*2+COUNTIF(B96:G96,"2+VL")*2+COUNTIF(B96:G96,"2+VR+VL")*2+COUNTIF(B96:G96,"3+VR")*3+COUNTIF(B96:G96,"3+VL")*3+COUNTIF(B96:G96,"VR+1")*1+COUNTIF(B96:G96,"VL+1")*1+COUNTIF(B96:G96,"VR+2")*2+COUNTIF(B96:G96,"VL+2")*2+COUNTIF(B96:G96,"VR+3")*3+COUNTIF(B96:G96,"VL+3")*3 | T96: =S96 | U96: =COUNTIF(B96:G96,"*VR*") | V96: =COUNTIF(B96:G96,"*VL*")
A97: ='MAESTRA STUDENTEN'!B76 | S97: =COUNTIF(B97:G97,"=1")*1+COUNTIF(B97:G97,"=2")*2+COUNTIF(B97:G97,"=3")*3+COUNTIF(B97:G97,"1+VR")*1+COUNTIF(B97:G97,"1+VL")*1+COUNTIF(B97:G97,"1+VR+VL")*1+COUNTIF(B97:G97,"2+VR")*2+COUNTIF(B97:G97,"2+VL")*2+COUNTIF(B97:G97,"2+VR+VL")*2+COUNTIF(B97:G97,"3+VR")*3+COUNTIF(B97:G97,"3+VL")*3+COUNTIF(B97:G97,"VR+1")*1+COUNTIF(B97:G97,"VL+1")*1+COUNTIF(B97:G97,"VR+2")*2+COUNTIF(B97:G97,"VL+2")*2+COUNTIF(B97:G97,"VR+3")*3+COUNTIF(B97:G97,"VL+3")*3 | T97: =S97 | U97: =COUNTIF(B97:G97,"*VR*") | V97: =COUNTIF(B97:G97,"*VL*")
A98: ='MAESTRA STUDENTEN'!B77 | S98: =COUNTIF(B98:G98,"=1")*1+COUNTIF(B98:G98,"=2")*2+COUNTIF(B98:G98,"=3")*3+COUNTIF(B98:G98,"1+VR")*1+COUNTIF(B98:G98,"1+VL")*1+COUNTIF(B98:G98,"1+VR+VL")*1+COUNTIF(B98:G98,"2+VR")*2+COUNTIF(B98:G98,"2+VL")*2+COUNTIF(B98:G98,"2+VR+VL")*2+COUNTIF(B98:G98,"3+VR")*3+COUNTIF(B98:G98,"3+VL")*3+COUNTIF(B98:G98,"VR+1")*1+COUNTIF(B98:G98,"VL+1")*1+COUNTIF(B98:G98,"VR+2")*2+COUNTIF(B98:G98,"VL+2")*2+COUNTIF(B98:G98,"VR+3")*3+COUNTIF(B98:G98,"VL+3")*3 | T98: =S98 | U98: =COUNTIF(B98:G98,"*VR*") | V98: =COUNTIF(B98:G98,"*VL*")
A99: ='MAESTRA STUDENTEN'!B78 | S99: =COUNTIF(B99:G99,"=1")*1+COUNTIF(B99:G99,"=2")*2+COUNTIF(B99:G99,"=3")*3+COUNTIF(B99:G99,"1+VR")*1+COUNTIF(B99:G99,"1+VL")*1+COUNTIF(B99:G99,"1+VR+VL")*1+COUNTIF(B99:G99,"2+VR")*2+COUNTIF(B99:G99,"2+VL")*2+COUNTIF(B99:G99,"2+VR+VL")*2+COUNTIF(B99:G99,"3+VR")*3+COUNTIF(B99:G99,"3+VL")*3+COUNTIF(B99:G99,"VR+1")*1+COUNTIF(B99:G99,"VL+1")*1+COUNTIF(B99:G99,"VR+2")*2+COUNTIF(B99:G99,"VL+2")*2+COUNTIF(B99:G99,"VR+3")*3+COUNTIF(B99:G99,"VL+3")*3 | T99: =S99 | U99: =COUNTIF(B99:G99,"*VR*") | V99: =COUNTIF(B99:G99,"*VL*")
A100: ='MAESTRA STUDENTEN'!B79 | S100: =COUNTIF(B100:G100,"=1")*1+COUNTIF(B100:G100,"=2")*2+COUNTIF(B100:G100,"=3")*3+COUNTIF(B100:G100,"1+VR")*1+COUNTIF(B100:G100,"1+VL")*1+COUNTIF(B100:G100,"1+VR+VL")*1+COUNTIF(B100:G100,"2+VR")*2+COUNTIF(B100:G100,"2+VL")*2+COUNTIF(B100:G100,"2+VR+VL")*2+COUNTIF(B100:G100,"3+VR")*3+COUNTIF(B100:G100,"3+VL")*3+COUNTIF(B100:G100,"VR+1")*1+COUNTIF(B100:G100,"VL+1")*1+COUNTIF(B100:G100,"VR+2")*2+COUNTIF(B100:G100,"VL+2")*2+COUNTIF(B100:G100,"VR+3")*3+COUNTIF(B100:G100,"VL+3")*3 | T100: =S100 | U100: =COUNTIF(B100:G100,"*VR*") | V100: =COUNTIF(B100:G100,"*VL*")
...

Sheet Totaal week 36
A1: Weekoverzicht - Week 36 (01-09-2025)
A3: TOTALEN PER KLAS
A4: Klas | B4: Maandag | C4: Dinsdag | D4: Woensdag | E4: Donderdag | F4: Vrijdag | G4: Totaal Week | H4: VR Total | I4: VL Total | J4: Gemiddelde/Dag
A5: 1 Aarde | B5: ='01-09 Ma'!H6 | C5: ='02-09 Di'!H6 | D5: ='03-09 Wo'!H6 | E5: ='04-09 Do'!H6 | F5: ='05-09 Vr'!H6 | G5: ='01-09 Ma'!H6+'02-09 Di'!H6+'03-09 Wo'!H6+'04-09 Do'!H6+'05-09 Vr'!H6 | H5: ='01-09 Ma'!U6+'02-09 Di'!U6+'03-09 Wo'!U6+'04-09 Do'!U6+'05-09 Vr'!U6 | I5: ='01-09 Ma'!V6+'02-09 Di'!V6+'03-09 Wo'!V6+'04-09 Do'!V6+'05-09 Vr'!V6 | J5: =G5/5 | U5: ='01-09 Ma'!U6+'02-09 Di'!U6+'03-09 Wo'!U6+'04-09 Do'!U6+'05-09 Vr'!U6 | V5: ='01-09 Ma'!V6+'02-09 Di'!V6+'03-09 Wo'!V6+'04-09 Do'!V6+'05-09 Vr'!V6
A6: 1 Lucht | B6: ='01-09 Ma'!Q6 | C6: ='02-09 Di'!Q6 | D6: ='03-09 Wo'!Q6 | E6: ='04-09 Do'!Q6 | F6: ='05-09 Vr'!Q6 | G6: =SUM(B6:F6) | H6: ='01-09 Ma'!U6+'02-09 Di'!U6+'03-09 Wo'!U6+'04-09 Do'!U6+'05-09 Vr'!U6 | I6: ='01-09 Ma'!V6+'02-09 Di'!V6+'03-09 Wo'!V6+'04-09 Do'!V6+'05-09 Vr'!V6 | J6: =G6/5 | U6: ='01-09 Ma'!U6+'02-09 Di'!U6+'03-09 Wo'!U6+'04-09 Do'!U6+'05-09 Vr'!U6 | V6: ='01-09 Ma'!V6+'02-09 Di'!V6+'03-09 Wo'!V6+'04-09 Do'!V6+'05-09 Vr'!V6
A7: 1 Vuur | B7: ='01-09 Ma'!H19 | C7: ='02-09 Di'!H19 | D7: ='03-09 Wo'!H19 | E7: ='04-09 Do'!H19 | F7: ='05-09 Vr'!H19 | G7: ='01-09 Ma'!H19+'02-09 Di'!H19+'03-09 Wo'!H19+'04-09 Do'!H19+'05-09 Vr'!H19 | H7: =0 | I7: =0 | J7: =G7/5 | U7: ='01-09 Ma'!U19+'02-09 Di'!U19+'03-09 Wo'!U19+'04-09 Do'!U19+'05-09 Vr'!U19 | V7: ='01-09 Ma'!V19+'02-09 Di'!V19+'03-09 Wo'!V19+'04-09 Do'!V19+'05-09 Vr'!V19
A8: 1 Water | B8: ='01-09 Ma'!Q17 | C8: ='02-09 Di'!Q17 | D8: ='03-09 Wo'!Q17 | E8: ='04-09 Do'!Q17 | F8: ='05-09 Vr'!Q17 | G8: =SUM(B8:F8) | H8: =0 | I8: =0 | J8: =G8/5 | U8: ='01-09 Ma'!U17+'02-09 Di'!U17+'03-09 Wo'!U17+'04-09 Do'!U17+'05-09 Vr'!U17 | V8: ='01-09 Ma'!V17+'02-09 Di'!V17+'03-09 Wo'!V17+'04-09 Do'!V17+'05-09 Vr'!V17
A9: 2 Aarde | B9: ='01-09 Ma'!H28 | C9: ='02-09 Di'!H28 | D9: ='03-09 Wo'!H28 | E9: ='04-09 Do'!H28 | F9: ='05-09 Vr'!H28 | G9: ='01-09 Ma'!H28+'02-09 Di'!H28+'03-09 Wo'!H28+'04-09 Do'!H28+'05-09 Vr'!H28 | H9: =0 | I9: =0 | J9: =G9/5 | U9: ='01-09 Ma'!U28+'02-09 Di'!U28+'03-09 Wo'!U28+'04-09 Do'!U28+'05-09 Vr'!U28 | V9: ='01-09 Ma'!V28+'02-09 Di'!V28+'03-09 Wo'!V28+'04-09 Do'!V28+'05-09 Vr'!V28
A10: 2 Vuur | B10: ='01-09 Ma'!H40 | C10: ='02-09 Di'!H40 | D10: ='03-09 Wo'!H40 | E10: ='04-09 Do'!H40 | F10: ='05-09 Vr'!H40 | G10: =SUM(B10:F10) | H10: =0 | I10: =0 | J10: =G10/5 | U10: ='01-09 Ma'!U40+'02-09 Di'!U40+'03-09 Wo'!U40+'04-09 Do'!U40+'05-09 Vr'!U40 | V10: ='01-09 Ma'!V40+'02-09 Di'!V40+'03-09 Wo'!V40+'04-09 Do'!V40+'05-09 Vr'!V40
A11: 3 Food | B11: ='01-09 Ma'!H53 | C11: ='02-09 Di'!H53 | D11: ='03-09 Wo'!H53 | E11: ='04-09 Do'!H53 | F11: ='05-09 Vr'!H53 | G11: =SUM(B11:F11) | H11: =0 | I11: =0 | J11: =G11/5 | U11: ='01-09 Ma'!U53+'02-09 Di'!U53+'03-09 Wo'!U53+'04-09 Do'!U53+'05-09 Vr'!U53 | V11: ='01-09 Ma'!V53+'02-09 Di'!V53+'03-09 Wo'!V53+'04-09 Do'!V53+'05-09 Vr'!V53
A12: 3 MA | B12: ='01-09 Ma'!H66 | C12: ='02-09 Di'!H66 | D12: ='03-09 Wo'!H66 | E12: ='04-09 Do'!H66 | F12: ='05-09 Vr'!H66 | G12: =SUM(B12:F12) | H12: =0 | I12: =0 | J12: =G12/5 | U12: ='01-09 Ma'!U66+'02-09 Di'!U66+'03-09 Wo'!U66+'04-09 Do'!U66+'05-09 Vr'!U66 | V12: ='01-09 Ma'!V66+'02-09 Di'!V66+'03-09 Wo'!V66+'04-09 Do'!V66+'05-09 Vr'!V66
A13: 3 MGB | B13: ='01-09 Ma'!H78 | C13: ='02-09 Di'!H78 | D13: ='03-09 Wo'!H78 | E13: ='04-09 Do'!H78 | F13: ='05-09 Vr'!H78 | G13: ='01-09 Ma'!H78+'02-09 Di'!H78+'03-09 Wo'!H78+'04-09 Do'!H78+'05-09 Vr'!H78 | H13: =0 | I13: =0 | J13: =G13/5 | U13: ='01-09 Ma'!U78+'02-09 Di'!U78+'03-09 Wo'!U78+'04-09 Do'!U78+'05-09 Vr'!U78 | V13: ='01-09 Ma'!V78+'02-09 Di'!V78+'03-09 Wo'!V78+'04-09 Do'!V78+'05-09 Vr'!V78
A14: 3/4 Create | B14: ='01-09 Ma'!H86 | C14: ='02-09 Di'!H86 | D14: ='03-09 Wo'!H86 | E14: ='04-09 Do'!H86 | F14: ='05-09 Vr'!H86 | G14: =SUM(B14:F14) | H14: =0 | I14: =0 | J14: =G14/5 | U14: ='01-09 Ma'!U86+'02-09 Di'!U86+'03-09 Wo'!U86+'04-09 Do'!U86+'05-09 Vr'!U86 | V14: ='01-09 Ma'!V86+'02-09 Di'!V86+'03-09 Wo'!V86+'04-09 Do'!V86+'05-09 Vr'!V86
A15: 3/4 Move & Play | B15: ='01-09 Ma'!H94 | C15: ='02-09 Di'!H94 | D15: ='03-09 Wo'!H94 | E15: ='04-09 Do'!H94 | F15: ='05-09 Vr'!H94 | G15: =SUM(B15:F15) | H15: =0 | I15: =0 | J15: =G15/5 | U15: ='01-09 Ma'!U94+'02-09 Di'!U94+'03-09 Wo'!U94+'04-09 Do'!U94+'05-09 Vr'!U94 | V15: ='01-09 Ma'!V94+'02-09 Di'!V94+'03-09 Wo'!V94+'04-09 Do'!V94+'05-09 Vr'!V94
A16: 4 FOOD | B16: ='01-09 Ma'!H108 | C16: ='02-09 Di'!H108 | D16: ='03-09 Wo'!H108 | E16: ='04-09 Do'!H108 | F16: ='05-09 Vr'!H108 | G16: =SUM(B16:F16) | H16: =0 | I16: =0 | J16: =G16/5 | U16: ='01-09 Ma'!U108+'02-09 Di'!U108+'03-09 Wo'!U108+'04-09 Do'!U108+'05-09 Vr'!U108 | V16: ='01-09 Ma'!V108+'02-09 Di'!V108+'03-09 Wo'!V108+'04-09 Do'!V108+'05-09 Vr'!V108
A17: 4 MA | B17: ='01-09 Ma'!H118 | C17: ='02-09 Di'!H118 | D17: ='03-09 Wo'!H118 | E17: ='04-09 Do'!H118 | F17: ='05-09 Vr'!H118 | G17: =SUM(B17:F17) | H17: =0 | I17: =0 | J17: =G17/5 | U17: ='01-09 Ma'!U118+'02-09 Di'!U118+'03-09 Wo'!U118+'04-09 Do'!U118+'05-09 Vr'!U118 | V17: ='01-09 Ma'!V118+'02-09 Di'!V118+'03-09 Wo'!V118+'04-09 Do'!V118+'05-09 Vr'!V118
A18: 4 MGB | B18: ='01-09 Ma'!H128 | C18: ='02-09 Di'!H128 | D18: ='03-09 Wo'!H128 | E18: ='04-09 Do'!H128 | F18: ='05-09 Vr'!H128 | G18: =SUM(B18:F18) | H18: =0 | I18: =0 | J18: =G18/5 | U18: ='01-09 Ma'!U128+'02-09 Di'!U128+'03-09 Wo'!U128+'04-09 Do'!U128+'05-09 Vr'!U128 | V18: ='01-09 Ma'!V128+'02-09 Di'!V128+'03-09 Wo'!V128+'04-09 Do'!V128+'05-09 Vr'!V128
A19: 5 Create | B19: ='01-09 Ma'!H134 | C19: ='02-09 Di'!H134 | D19: ='03-09 Wo'!H134 | E19: ='04-09 Do'!H134 | F19: ='05-09 Vr'!H134 | G19: =SUM(B19:F19) | H19: =0 | I19: =0 | J19: =G19/5 | U19: ='01-09 Ma'!U134+'02-09 Di'!U134+'03-09 Wo'!U134+'04-09 Do'!U134+'05-09 Vr'!U134 | V19: ='01-09 Ma'!V134+'02-09 Di'!V134+'03-09 Wo'!V134+'04-09 Do'!V134+'05-09 Vr'!V134
A20: 5 Food | B20: ='01-09 Ma'!H140 | C20: ='02-09 Di'!H140 | D20: ='03-09 Wo'!H140 | E20: ='04-09 Do'!H140 | F20: ='05-09 Vr'!H140 | G20: =SUM(B20:F20) | H20: =0 | I20: =0 | J20: =G20/5 | U20: ='01-09 Ma'!U140+'02-09 Di'!U140+'03-09 Wo'!U140+'04-09 Do'!U140+'05-09 Vr'!U140 | V20: ='01-09 Ma'!V140+'02-09 Di'!V140+'03-09 Wo'!V140+'04-09 Do'!V140+'05-09 Vr'!V140
A21: 5 move & Play | B21: ='01-09 Ma'!H150 | C21: ='02-09 Di'!H150 | D21: ='03-09 Wo'!H150 | E21: ='04-09 Do'!H150 | F21: ='05-09 Vr'!H150 | G21: =SUM(B21:F21) | H21: =0 | I21: =0 | J21: =G21/5 | U21: ='01-09 Ma'!U150+'02-09 Di'!U150+'03-09 Wo'!U150+'04-09 Do'!U150+'05-09 Vr'!U150 | V21: ='01-09 Ma'!V150+'02-09 Di'!V150+'03-09 Wo'!V150+'04-09 Do'!V150+'05-09 Vr'!V150
A22: 6 Create | B22: ='01-09 Ma'!H159 | C22: ='02-09 Di'!H159 | D22: ='03-09 Wo'!H159 | E22: ='04-09 Do'!H159 | F22: ='05-09 Vr'!H159 | G22: =SUM(B22:F22) | H22: =0 | I22: =0 | J22: =G22/5 | U22: ='01-09 Ma'!U159+'02-09 Di'!U159+'03-09 Wo'!U159+'04-09 Do'!U159+'05-09 Vr'!U159 | V22: ='01-09 Ma'!V159+'02-09 Di'!V159+'03-09 Wo'!V159+'04-09 Do'!V159+'05-09 Vr'!V159
A23: 6 Food | B23: ='01-09 Ma'!H166 | C23: ='02-09 Di'!H166 | D23: ='03-09 Wo'!H166 | E23: ='04-09 Do'!H166 | F23: ='05-09 Vr'!H166 | G23: =SUM(B23:F23) | H23: =0 | I23: =0 | J23: =G23/5 | U23: ='01-09 Ma'!U166+'02-09 Di'!U166+'03-09 Wo'!U166+'04-09 Do'!U166+'05-09 Vr'!U166 | V23: ='01-09 Ma'!V166+'02-09 Di'!V166+'03-09 Wo'!V166+'04-09 Do'!V166+'05-09 Vr'!V166
A24: GRAFIEK: TOTALEN PER KLAS
A25: TOTALEN PER LEERLING
A26: Naam | B26: Klas | C26: Maandag | D26: Dinsdag | E26: Woensdag | F26: Donderdag | G26: Vrijdag | H26: Totaal | I26: VR | J26: VL | K26: Chill-outs
A27: ='MAESTRA STUDENTEN'!B14 | B27: 1 Lucht | C27: ='01-09 Ma'!Z8 | D27: ='02-09 Di'!Z8 | E27: ='03-09 Wo'!Z8 | F27: ='04-09 Do'!Z8 | G27: ='05-09 Vr'!Z8 | H27: =SUM(C30:G30) | I27: ='01-09 Ma'!W8 | J27: ='01-09 Ma'!X8 | K27: =SUM(C30:G30)
A28: ='MAESTRA STUDENTEN'!B5 | B28: 1 Aarde | C28: ='01-09 Ma'!T8 | D28: ='02-09 Di'!T8 | E28: ='03-09 Wo'!T8 | F28: ='04-09 Do'!T8 | G28: ='05-09 Vr'!T8 | H28: =SUM(C31:G31) | I28: ='01-09 Ma'!U8 | J28: ='01-09 Ma'!V8 | K28: =SUM(C31:G31)
A29: ='MAESTRA STUDENTEN'!B6 | B29: 1 Aarde | C29: ='01-09 Ma'!T9 | D29: ='02-09 Di'!T9 | E29: ='03-09 Wo'!T9 | F29: ='04-09 Do'!T9 | G29: ='05-09 Vr'!T9 | H29: =SUM(C32:G32) | I29: ='01-09 Ma'!U9 | J29: ='01-09 Ma'!V9 | K29: =SUM(C32:G32)
A30: ='MAESTRA STUDENTEN'!B15 | B30: 1 Lucht | C30: ='01-09 Ma'!Z9 | D30: ='02-09 Di'!Z9 | E30: ='03-09 Wo'!Z9 | F30: ='04-09 Do'!Z9 | G30: ='05-09 Vr'!Z9 | H30: =SUM(C33:G33) | I30: ='01-09 Ma'!W9 | J30: ='01-09 Ma'!X9 | K30: =SUM(C33:G33)
A31: ='MAESTRA STUDENTEN'!B7 | B31: 1 Aarde | C31: ='01-09 Ma'!T10 | D31: ='02-09 Di'!T10 | E31: ='03-09 Wo'!T10 | F31: ='04-09 Do'!T10 | G31: ='05-09 Vr'!T10 | H31: =SUM(C34:G34) | I31: ='01-09 Ma'!U10 | J31: ='01-09 Ma'!V10 | K31: =SUM(C34:G34)
A32: ='MAESTRA STUDENTEN'!B16 | B32: 1 Lucht | C32: ='01-09 Ma'!Z10 | D32: ='02-09 Di'!Z10 | E32: ='03-09 Wo'!Z10 | F32: ='04-09 Do'!Z10 | G32: ='05-09 Vr'!Z10 | H32: =SUM(C35:G35) | I32: ='01-09 Ma'!W10 | J32: ='01-09 Ma'!X10 | K32: =SUM(C35:G35)
A33: ='MAESTRA STUDENTEN'!B8 | B33: 1 Aarde | C33: ='01-09 Ma'!T11 | D33: ='02-09 Di'!T11 | E33: ='03-09 Wo'!T11 | F33: ='04-09 Do'!T11 | G33: ='05-09 Vr'!T11 | H33: =SUM(C36:G36) | I33: ='01-09 Ma'!U11 | J33: ='01-09 Ma'!V11 | K33: =SUM(C36:G36)
A34: ='MAESTRA STUDENTEN'!B9 | B34: 1 Aarde | C34: ='01-09 Ma'!T12 | D34: ='02-09 Di'!T12 | E34: ='03-09 Wo'!T12 | F34: ='04-09 Do'!T12 | G34: ='05-09 Vr'!T12 | H34: =SUM(C37:G37) | I34: ='01-09 Ma'!U12 | J34: ='01-09 Ma'!V12 | K34: =SUM(C37:G37)
A35: ='MAESTRA STUDENTEN'!B10 | B35: 1 Aarde | C35: ='01-09 Ma'!T13 | D35: ='02-09 Di'!T13 | E35: ='03-09 Wo'!T13 | F35: ='04-09 Do'!T13 | G35: ='05-09 Vr'!T13 | H35: =SUM(C38:G38) | I35: ='01-09 Ma'!U13 | J35: ='01-09 Ma'!V13 | K35: =SUM(C38:G38)
A36: ='MAESTRA STUDENTEN'!B17 | B36: 1 Lucht | C36: ='01-09 Ma'!Z11 | D36: ='02-09 Di'!Z11 | E36: ='03-09 Wo'!Z11 | F36: ='04-09 Do'!Z11 | G36: ='05-09 Vr'!Z11 | H36: =SUM(C39:G39) | I36: ='01-09 Ma'!W11 | J36: ='01-09 Ma'!X11 | K36: =SUM(C39:G39)
A37: ='MAESTRA STUDENTEN'!B11 | B37: 1 Aarde | C37: ='01-09 Ma'!T14 | D37: ='02-09 Di'!T14 | E37: ='03-09 Wo'!T14 | F37: ='04-09 Do'!T14 | G37: ='05-09 Vr'!T14 | H37: =SUM(C40:G40) | I37: ='01-09 Ma'!U14 | J37: ='01-09 Ma'!V14 | K37: =SUM(C40:G40)
A38: ='MAESTRA STUDENTEN'!B18 | B38: 1 Lucht | C38: ='01-09 Ma'!Z12 | D38: ='02-09 Di'!Z12 | E38: ='03-09 Wo'!Z12 | F38: ='04-09 Do'!Z12 | G38: ='05-09 Vr'!Z12 | H38: =SUM(C41:G41) | I38: ='01-09 Ma'!W12 | J38: ='01-09 Ma'!X12 | K38: =SUM(C41:G41)
A39: ='MAESTRA STUDENTEN'!B19 | B39: 1 Lucht | C39: ='01-09 Ma'!Z13 | D39: ='02-09 Di'!Z13 | E39: ='03-09 Wo'!Z13 | F39: ='04-09 Do'!Z13 | G39: ='05-09 Vr'!Z13 | H39: =SUM(C42:G42) | I39: ='01-09 Ma'!W13 | J39: ='01-09 Ma'!X13 | K39: =SUM(C42:G42)
A40: ='MAESTRA STUDENTEN'!B12 | B40: 1 Aarde | C40: ='01-09 Ma'!T15 | D40: ='02-09 Di'!T15 | E40: ='03-09 Wo'!T15 | F40: ='04-09 Do'!T15 | G40: ='05-09 Vr'!T15 | H40: =SUM(C43:G43) | I40: ='01-09 Ma'!U15 | J40: ='01-09 Ma'!V15 | K40: =SUM(C43:G43)
A41: ='MAESTRA STUDENTEN'!B13 | B41: 1 Aarde | C41: ='01-09 Ma'!T16 | D41: ='02-09 Di'!T16 | E41: ='03-09 Wo'!T16 | F41: ='04-09 Do'!T16 | G41: ='05-09 Vr'!T16 | H41: =SUM(C44:G44) | I41: ='01-09 Ma'!U16 | J41: ='01-09 Ma'!V16 | K41: =SUM(C44:G44)
A42: ='MAESTRA STUDENTEN'!B20 | B42: 1 Lucht | C42: ='01-09 Ma'!Z14 | D42: ='02-09 Di'!Z14 | E42: ='03-09 Wo'!Z14 | F42: ='04-09 Do'!Z14 | G42: ='05-09 Vr'!Z14 | H42: =SUM(C45:G45) | I42: ='01-09 Ma'!W14 | J42: ='01-09 Ma'!X14 | K42: =SUM(C45:G45)
A43: ='MAESTRA STUDENTEN'!B21 | B43: 1 Vuur | C43: ='01-09 Ma'!T21 | D43: ='01-10 Wo'!T21 | E43: ='01-12 Ma'!T21 | F43: ='02-09 Di'!T21 | G43: ='02-10 Do'!T21 | H43: =SUM(C46:G46) | I43: ='01-09 Ma'!U21 | J43: ='01-09 Ma'!V21 | K43: =SUM(C63:G63)
A44: ='MAESTRA STUDENTEN'!B22 | B44: 1 Vuur | C44: ='01-09 Ma'!T22 | D44: ='01-10 Wo'!T22 | E44: ='01-12 Ma'!T22 | F44: ='02-09 Di'!T22 | G44: ='02-10 Do'!T22 | H44: =SUM(C47:G47) | I44: ='01-09 Ma'!U22 | J44: ='01-09 Ma'!V22 | K44: =SUM(C64:G64)
A45: ='MAESTRA STUDENTEN'!B23 | B45: 1 Vuur | C45: ='01-09 Ma'!T23 | D45: ='01-10 Wo'!T23 | E45: ='01-12 Ma'!T23 | F45: ='02-09 Di'!T23 | G45: ='02-10 Do'!T23 | H45: =SUM(C48:G48) | I45: ='01-09 Ma'!U23 | J45: ='01-09 Ma'!V23 | K45: =SUM(C65:G65)
A46: ='MAESTRA STUDENTEN'!B24 | B46: 1 Vuur | C46: ='01-09 Ma'!T24 | D46: ='01-10 Wo'!T24 | E46: ='01-12 Ma'!T24 | F46: ='02-09 Di'!T24 | G46: ='02-10 Do'!T24 | H46: =SUM(C49:G49) | I46: ='01-09 Ma'!U24 | J46: ='01-09 Ma'!V24 | K46: =SUM(C66:G66)
A47: ='MAESTRA STUDENTEN'!B25 | B47: 1 Vuur | C47: ='01-09 Ma'!T25 | D47: ='01-10 Wo'!T25 | E47: ='01-12 Ma'!T25 | F47: ='02-09 Di'!T25 | G47: ='02-10 Do'!T25 | H47: =SUM(C50:G50) | I47: ='01-09 Ma'!U25 | J47: ='01-09 Ma'!V25 | K47: =SUM(C67:G67)
A48: ='MAESTRA STUDENTEN'!B26 | B48: 1 Water | C48: ='01-09 Ma'!Z19 | D48: ='01-10 Wo'!Z19 | E48: ='01-12 Ma'!Z19 | F48: ='02-09 Di'!Z19 | G48: ='02-10 Do'!Z19 | H48: =SUM(C51:G51) | I48: ='01-09 Ma'!W19 | J48: ='01-09 Ma'!X19 | K48: =SUM(C68:G68)
A49: ='MAESTRA STUDENTEN'!B27 | B49: 1 Water | C49: ='01-09 Ma'!Z20 | D49: ='01-10 Wo'!Z20 | E49: ='01-12 Ma'!Z20 | F49: ='02-09 Di'!Z20 | G49: ='02-10 Do'!Z20 | H49: =SUM(C52:G52) | I49: ='01-09 Ma'!W20 | J49: ='01-09 Ma'!X20 | K49: =SUM(C69:G69)
A50: ='MAESTRA STUDENTEN'!B28 | B50: 1 Water | C50: ='01-09 Ma'!Z21 | D50: ='01-10 Wo'!Z21 | E50: ='01-12 Ma'!Z21 | F50: ='02-09 Di'!Z21 | G50: ='02-10 Do'!Z21 | H50: =SUM(C53:G53) | I50: ='01-09 Ma'!W21 | J50: ='01-09 Ma'!X21 | K50: =SUM(C70:G70)
A51: ='MAESTRA STUDENTEN'!B29 | B51: 1 Water | C51: ='01-09 Ma'!Z22 | D51: ='01-10 Wo'!Z22 | E51: ='01-12 Ma'!Z22 | F51: ='02-09 Di'!Z22 | G51: ='02-10 Do'!Z22 | H51: =SUM(C54:G54) | I51: ='01-09 Ma'!W22 | J51: ='01-09 Ma'!X22 | K51: =SUM(C71:G71)
A52: ='MAESTRA STUDENTEN'!B30 | B52: 1 Water | C52: ='01-09 Ma'!Z23 | D52: ='01-10 Wo'!Z23 | E52: ='01-12 Ma'!Z23 | F52: ='02-09 Di'!Z23 | G52: ='02-10 Do'!Z23 | H52: =SUM(C55:G55) | I52: ='01-09 Ma'!W23 | J52: ='01-09 Ma'!X23 | K52: =SUM(C72:G72)
A53: ='MAESTRA STUDENTEN'!B31 | B53: 1 Water | C53: ='01-09 Ma'!Z24 | D53: ='01-10 Wo'!Z24 | E53: ='01-12 Ma'!Z24 | F53: ='02-09 Di'!Z24 | G53: ='02-10 Do'!Z24 | H53: =SUM(C56:G56) | I53: ='01-09 Ma'!W24 | J53: ='01-09 Ma'!X24 | K53: =SUM(C73:G73)
A54: ='MAESTRA STUDENTEN'!B32 | B54: 1 Water | C54: ='01-09 Ma'!Z25 | D54: ='01-10 Wo'!Z25 | E54: ='01-12 Ma'!Z25 | F54: ='02-09 Di'!Z25 | G54: ='02-10 Do'!Z25 | H54: =SUM(C57:G57) | I54: ='01-09 Ma'!W25 | J54: ='01-09 Ma'!X25 | K54: =SUM(C74:G74)
A55: ='MAESTRA STUDENTEN'!B33 | B55: 2 Aarde | C55: ='01-09 Ma'!T30 | D55: ='01-10 Wo'!T30 | E55: ='01-12 Ma'!T30 | F55: ='02-09 Di'!T30 | G55: ='02-10 Do'!T30 | H55: =SUM(C58:G58) | I55: ='01-09 Ma'!U30 | J55: ='01-09 Ma'!V30 | K55: =SUM(C75:G75)
A56: ='MAESTRA STUDENTEN'!B34 | B56: 2 Aarde | C56: ='01-09 Ma'!T31 | D56: ='01-10 Wo'!T31 | E56: ='01-12 Ma'!T31 | F56: ='02-09 Di'!T31 | G56: ='02-10 Do'!T31 | H56: =SUM(C59:G59) | I56: ='01-09 Ma'!U31 | J56: ='01-09 Ma'!V31 | K56: =SUM(C76:G76)
A57: ='MAESTRA STUDENTEN'!B35 | B57: 2 Aarde | C57: ='01-09 Ma'!T32 | D57: ='01-10 Wo'!T32 | E57: ='01-12 Ma'!T32 | F57: ='02-09 Di'!T32 | G57: ='02-10 Do'!T32 | H57: =SUM(C60:G60) | I57: ='01-09 Ma'!U32 | J57: ='01-09 Ma'!V32 | K57: =SUM(C77:G77)
A58: ='MAESTRA STUDENTEN'!B36 | B58: 2 Aarde | C58: ='01-09 Ma'!T33 | D58: ='01-10 Wo'!T33 | E58: ='01-12 Ma'!T33 | F58: ='02-09 Di'!T33 | G58: ='02-10 Do'!T33 | H58: =SUM(C61:G61) | I58: ='01-09 Ma'!U33 | J58: ='01-09 Ma'!V33 | K58: =SUM(C78:G78)
A59: ='MAESTRA STUDENTEN'!B37 | B59: 2 Aarde | C59: ='01-09 Ma'!T34 | D59: ='01-10 Wo'!T34 | E59: ='01-12 Ma'!T34 | F59: ='02-09 Di'!T34 | G59: ='02-10 Do'!T34 | H59: =SUM(C62:G62) | I59: ='01-09 Ma'!U34 | J59: ='01-09 Ma'!V34 | K59: =SUM(C79:G79)
A60: ='MAESTRA STUDENTEN'!B38 | B60: 2 Aarde | C60: ='01-09 Ma'!T35 | D60: ='01-10 Wo'!T35 | E60: ='01-12 Ma'!T35 | F60: ='02-09 Di'!T35 | G60: ='02-10 Do'!T35 | H60: =SUM(C63:G63) | I60: ='01-09 Ma'!U35 | J60: ='01-09 Ma'!V35 | K60: =SUM(C80:G80)
A61: ='MAESTRA STUDENTEN'!B39 | B61: 2 Aarde | C61: ='01-09 Ma'!T36 | D61: ='01-10 Wo'!T36 | E61: ='01-12 Ma'!T36 | F61: ='02-09 Di'!T36 | G61: ='02-10 Do'!T36 | H61: =SUM(C64:G64) | I61: ='01-09 Ma'!U36 | J61: ='01-09 Ma'!V36 | K61: =SUM(C81:G81)
A62: ='MAESTRA STUDENTEN'!B40 | B62: 2 Aarde | C62: ='01-09 Ma'!T37 | D62: ='01-10 Wo'!T37 | E62: ='01-12 Ma'!T37 | F62: ='02-09 Di'!T37 | G62: ='02-10 Do'!T37 | H62: =SUM(C65:G65) | I62: ='01-09 Ma'!U37 | J62: ='01-09 Ma'!V37 | K62: =SUM(C82:G82)
A63: ='MAESTRA STUDENTEN'!B41 | B63: 2 Vuur | C63: ='01-09 Ma'!T42 | D63: ='01-10 Wo'!T42 | E63: ='01-12 Ma'!T42 | F63: ='02-09 Di'!T42 | G63: ='02-10 Do'!T42 | H63: =SUM(C66:G66) | I63: ='01-09 Ma'!U42 | J63: ='01-09 Ma'!V42 | K63: =SUM(C83:G83)
A64: ='MAESTRA STUDENTEN'!B42 | B64: 2 Vuur | C64: ='01-09 Ma'!T43 | D64: ='01-10 Wo'!T43 | E64: ='01-12 Ma'!T43 | F64: ='02-09 Di'!T43 | G64: ='02-10 Do'!T43 | H64: =SUM(C67:G67) | I64: ='01-09 Ma'!U43 | J64: ='01-09 Ma'!V43 | K64: =SUM(C84:G84)
A65: ='MAESTRA STUDENTEN'!B43 | B65: 2 Vuur | C65: ='01-09 Ma'!T44 | D65: ='01-10 Wo'!T44 | E65: ='01-12 Ma'!T44 | F65: ='02-09 Di'!T44 | G65: ='02-10 Do'!T44 | H65: =SUM(C68:G68) | I65: ='01-09 Ma'!U44 | J65: ='01-09 Ma'!V44 | K65: =SUM(C85:G85)
A66: ='MAESTRA STUDENTEN'!B44 | B66: 2 Vuur | C66: ='01-09 Ma'!T45 | D66: ='01-10 Wo'!T45 | E66: ='01-12 Ma'!T45 | F66: ='02-09 Di'!T45 | G66: ='02-10 Do'!T45 | H66: =SUM(C69:G69) | I66: ='01-09 Ma'!U45 | J66: ='01-09 Ma'!V45 | K66: =SUM(C86:G86)
A67: ='MAESTRA STUDENTEN'!B45 | B67: 2 Vuur | C67: ='01-09 Ma'!T46 | D67: ='01-10 Wo'!T46 | E67: ='01-12 Ma'!T46 | F67: ='02-09 Di'!T46 | G67: ='02-10 Do'!T46 | H67: =SUM(C70:G70) | I67: ='01-09 Ma'!U46 | J67: ='01-09 Ma'!V46 | K67: =SUM(C87:G87)
A68: ='MAESTRA STUDENTEN'!B46 | B68: 2 Vuur | C68: ='01-09 Ma'!T47 | D68: ='01-10 Wo'!T47 | E68: ='01-12 Ma'!T47 | F68: ='02-09 Di'!T47 | G68: ='02-10 Do'!T47 | H68: =SUM(C71:G71) | I68: ='01-09 Ma'!U47 | J68: ='01-09 Ma'!V47 | K68: =SUM(C88:G88)
A69: ='MAESTRA STUDENTEN'!B47 | B69: 2 Vuur | C69: ='01-09 Ma'!T48 | D69: ='01-10 Wo'!T48 | E69: ='01-12 Ma'!T48 | F69: ='02-09 Di'!T48 | G69: ='02-10 Do'!T48 | H69: =SUM(C72:G72) | I69: ='01-09 Ma'!U48 | J69: ='01-09 Ma'!V48 | K69: =SUM(C89:G89)
A70: ='MAESTRA STUDENTEN'!B48 | B70: 2 Vuur | C70: ='01-09 Ma'!T49 | D70: ='01-10 Wo'!T49 | E70: ='01-12 Ma'!T49 | F70: ='02-09 Di'!T49 | G70: ='02-10 Do'!T49 | H70: =SUM(C73:G73) | I70: ='01-09 Ma'!U49 | J70: ='01-09 Ma'!V49 | K70: =SUM(C90:G90)
A71: ='MAESTRA STUDENTEN'!B49 | B71: 2 Vuur | C71: ='01-09 Ma'!T50 | D71: ='01-10 Wo'!T50 | E71: ='01-12 Ma'!T50 | F71: ='02-09 Di'!T50 | G71: ='02-10 Do'!T50 | H71: =SUM(C74:G74) | I71: ='01-09 Ma'!U50 | J71: ='01-09 Ma'!V50 | K71: =SUM(C91:G91)
A72: ='MAESTRA STUDENTEN'!B50 | B72: 3 Food | C72: ='01-09 Ma'!T55 | D72: ='01-10 Wo'!T55 | E72: ='01-12 Ma'!T55 | F72: ='02-09 Di'!T55 | G72: ='02-10 Do'!T55 | H72: =SUM(C75:G75) | I72: ='01-09 Ma'!U55 | J72: ='01-09 Ma'!V55 | K72: =SUM(C92:G92)
A73: ='MAESTRA STUDENTEN'!B51 | B73: 3 Food | C73: ='01-09 Ma'!T56 | D73: ='01-10 Wo'!T56 | E73: ='01-12 Ma'!T56 | F73: ='02-09 Di'!T56 | G73: ='02-10 Do'!T56 | H73: =SUM(C76:G76) | I73: ='01-09 Ma'!U56 | J73: ='01-09 Ma'!V56 | K73: =SUM(C93:G93)
A74: ='MAESTRA STUDENTEN'!B52 | B74: 3 Food | C74: ='01-09 Ma'!T57 | D74: ='01-10 Wo'!T57 | E74: ='01-12 Ma'!T57 | F74: ='02-09 Di'!T57 | G74: ='02-10 Do'!T57 | H74: =SUM(C77:G77) | I74: ='01-09 Ma'!U57 | J74: ='01-09 Ma'!V57 | K74: =SUM(C94:G94)
A75: ='MAESTRA STUDENTEN'!B53 | B75: 3 Food | C75: ='01-09 Ma'!T58 | D75: ='01-10 Wo'!T58 | E75: ='01-12 Ma'!T58 | F75: ='02-09 Di'!T58 | G75: ='02-10 Do'!T58 | H75: =SUM(C78:G78) | I75: ='01-09 Ma'!U58 | J75: ='01-09 Ma'!V58 | K75: =SUM(C95:G95)
A76: ='MAESTRA STUDENTEN'!B54 | B76: 3 Food | C76: ='01-09 Ma'!T59 | D76: ='01-10 Wo'!T59 | E76: ='01-12 Ma'!T59 | F76: ='02-09 Di'!T59 | G76: ='02-10 Do'!T59 | H76: =SUM(C79:G79) | I76: ='01-09 Ma'!U59 | J76: ='01-09 Ma'!V59 | K76: =SUM(C96:G96)
A77: ='MAESTRA STUDENTEN'!B55 | B77: 3 Food | C77: ='01-09 Ma'!T60 | D77: ='01-10 Wo'!T60 | E77: ='01-12 Ma'!T60 | F77: ='02-09 Di'!T60 | G77: ='02-10 Do'!T60 | H77: =SUM(C80:G80) | I77: ='01-09 Ma'!U60 | J77: ='01-09 Ma'!V60 | K77: =SUM(C97:G97)
A78: ='MAESTRA STUDENTEN'!B56 | B78: 3 Food | C78: ='01-09 Ma'!T61 | D78: ='01-10 Wo'!T61 | E78: ='01-12 Ma'!T61 | F78: ='02-09 Di'!T61 | G78: ='02-10 Do'!T61 | H78: =SUM(C81:G81) | I78: ='01-09 Ma'!U61 | J78: ='01-09 Ma'!V61 | K78: =SUM(C98:G98)
A79: ='MAESTRA STUDENTEN'!B57 | B79: 3 Food | C79: ='01-09 Ma'!T62 | D79: ='01-10 Wo'!T62 | E79: ='01-12 Ma'!T62 | F79: ='02-09 Di'!T62 | G79: ='02-10 Do'!T62 | H79: =SUM(C82:G82) | I79: ='01-09 Ma'!U62 | J79: ='01-09 Ma'!V62 | K79: =SUM(C99:G99)
A80: ='MAESTRA STUDENTEN'!B58 | B80: 3 Food | C80: ='01-09 Ma'!T63 | D80: ='01-10 Wo'!T63 | E80: ='01-12 Ma'!T63 | F80: ='02-09 Di'!T63 | G80: ='02-10 Do'!T63 | H80: =SUM(C83:G83) | I80: ='01-09 Ma'!U63 | J80: ='01-09 Ma'!V63 | K80: =SUM(C100:G100)
A81: ='MAESTRA STUDENTEN'!B59 | B81: 3 MA | C81: ='01-09 Ma'!T68 | D81: ='01-10 Wo'!T68 | E81: ='01-12 Ma'!T68 | F81: ='02-09 Di'!T68 | G81: ='02-10 Do'!T68 | H81: =SUM(C84:G84) | I81: ='01-09 Ma'!U68 | J81: ='01-09 Ma'!V68 | K81: =SUM(C101:G101)
A82: ='MAESTRA STUDENTEN'!B60 | B82: 3 MA | C82: ='01-09 Ma'!T69 | D82: ='01-10 Wo'!T69 | E82: ='01-12 Ma'!T69 | F82: ='02-09 Di'!T69 | G82: ='02-10 Do'!T69 | H82: =SUM(C85:G85) | I82: ='01-09 Ma'!U69 | J82: ='01-09 Ma'!V69 | K82: =SUM(C102:G102)
A83: ='MAESTRA STUDENTEN'!B61 | B83: 3 MA | C83: ='01-09 Ma'!T70 | D83: ='01-10 Wo'!T70 | E83: ='01-12 Ma'!T70 | F83: ='02-09 Di'!T70 | G83: ='02-10 Do'!T70 | H83: =SUM(C86:G86) | I83: ='01-09 Ma'!U70 | J83: ='01-09 Ma'!V70 | K83: =SUM(C103:G103)
A84: ='MAESTRA STUDENTEN'!B62 | B84: 3 MA | C84: ='01-09 Ma'!T71 | D84: ='01-10 Wo'!T71 | E84: ='01-12 Ma'!T71 | F84: ='02-09 Di'!T71 | G84: ='02-10 Do'!T71 | H84: =SUM(C87:G87) | I84: ='01-09 Ma'!U71 | J84: ='01-09 Ma'!V71 | K84: =SUM(C104:G104)
A85: ='MAESTRA STUDENTEN'!B63 | B85: 3 MA | C85: ='01-09 Ma'!T72 | D85: ='01-10 Wo'!T72 | E85: ='01-12 Ma'!T72 | F85: ='02-09 Di'!T72 | G85: ='02-10 Do'!T72 | H85: =SUM(C88:G88) | I85: ='01-09 Ma'!U72 | J85: ='01-09 Ma'!V72 | K85: =SUM(C105:G105)
A86: ='MAESTRA STUDENTEN'!B64 | B86: 3 MA | C86: ='01-09 Ma'!T73 | D86: ='01-10 Wo'!T73 | E86: ='01-12 Ma'!T73 | F86: ='02-09 Di'!T73 | G86: ='02-10 Do'!T73 | H86: =SUM(C89:G89) | I86: ='01-09 Ma'!U73 | J86: ='01-09 Ma'!V73 | K86: =SUM(C106:G106)
A87: ='MAESTRA STUDENTEN'!B65 | B87: 3 MA | C87: ='01-09 Ma'!T74 | D87: ='01-10 Wo'!T74 | E87: ='01-12 Ma'!T74 | F87: ='02-09 Di'!T74 | G87: ='02-10 Do'!T74 | H87: =SUM(C90:G90) | I87: ='01-09 Ma'!U74 | J87: ='01-09 Ma'!V74 | K87: =SUM(C107:G107)
A88: ='MAESTRA STUDENTEN'!B66 | B88: 3 MA | C88: ='01-09 Ma'!T75 | D88: ='01-10 Wo'!T75 | E88: ='01-12 Ma'!T75 | F88: ='02-09 Di'!T75 | G88: ='02-10 Do'!T75 | H88: =SUM(C91:G91) | I88: ='01-09 Ma'!U75 | J88: ='01-09 Ma'!V75 | K88: =SUM(C108:G108)
A89: ='MAESTRA STUDENTEN'!B67 | B89: 3 MGB | C89: ='01-09 Ma'!T80 | D89: ='01-10 Wo'!T80 | E89: ='01-12 Ma'!T80 | F89: ='02-09 Di'!T80 | G89: ='02-10 Do'!T80 | H89: =SUM(C92:G92) | I89: ='01-09 Ma'!U80 | J89: ='01-09 Ma'!V80 | K89: =SUM(C109:G109)
A90: ='MAESTRA STUDENTEN'!B68 | B90: 3 MGB | C90: ='01-09 Ma'!T81 | D90: ='01-10 Wo'!T81 | E90: ='01-12 Ma'!T81 | F90: ='02-09 Di'!T81 | G90: ='02-10 Do'!T81 | H90: =SUM(C93:G93) | I90: ='01-09 Ma'!U81 | J90: ='01-09 Ma'!V81 | K90: =SUM(C110:G110)
A91: ='MAESTRA STUDENTEN'!B69 | B91: 3 MGB | C91: ='01-09 Ma'!T82 | D91: ='01-10 Wo'!T82 | E91: ='01-12 Ma'!T82 | F91: ='02-09 Di'!T82 | G91: ='02-10 Do'!T82 | H91: =SUM(C94:G94) | I91: ='01-09 Ma'!U82 | J91: ='01-09 Ma'!V82 | K91: =SUM(C111:G111)
A92: ='MAESTRA STUDENTEN'!B70 | B92: 3 MGB | C92: ='01-09 Ma'!T83 | D92: ='01-10 Wo'!T83 | E92: ='01-12 Ma'!T83 | F92: ='02-09 Di'!T83 | G92: ='02-10 Do'!T83 | H92: =SUM(C95:G95) | I92: ='01-09 Ma'!U83 | J92: ='01-09 Ma'!V83 | K92: =SUM(C112:G112)
A93: ='MAESTRA STUDENTEN'!B71 | B93: 3/4 Create | C93: ='01-09 Ma'!T88 | D93: ='01-10 Wo'!T88 | E93: ='01-12 Ma'!T88 | F93: ='02-09 Di'!T88 | G93: ='02-10 Do'!T88 | H93: =SUM(C96:G96) | I93: ='01-09 Ma'!U88 | J93: ='01-09 Ma'!V88 | K93: =SUM(C113:G113)
A94: ='MAESTRA STUDENTEN'!B72 | B94: 3/4 Create | C94: ='01-09 Ma'!T89 | D94: ='01-10 Wo'!T89 | E94: ='01-12 Ma'!T89 | F94: ='02-09 Di'!T89 | G94: ='02-10 Do'!T89 | H94: =SUM(C97:G97) | I94: ='01-09 Ma'!U89 | J94: ='01-09 Ma'!V89 | K94: =SUM(C114:G114)
A95: ='MAESTRA STUDENTEN'!B73 | B95: 3/4 Create | C95: ='01-09 Ma'!T90 | D95: ='01-10 Wo'!T90 | E95: ='01-12 Ma'!T90 | F95: ='02-09 Di'!T90 | G95: ='02-10 Do'!T90 | H95: =SUM(C98:G98) | I95: ='01-09 Ma'!U90 | J95: ='01-09 Ma'!V90 | K95: =SUM(C115:G115)
A96: ='MAESTRA STUDENTEN'!B74 | B96: 3/4 Create | C96: ='01-09 Ma'!T91 | D96: ='01-10 Wo'!T91 | E96: ='01-12 Ma'!T91 | F96: ='02-09 Di'!T91 | G96: ='02-10 Do'!T91 | H96: =SUM(C99:G99) | I96: ='01-09 Ma'!U91 | J96: ='01-09 Ma'!V91 | K96: =SUM(C116:G116)
A97: ='MAESTRA STUDENTEN'!B75 | B97: 3/4 Move & Play | C97: ='01-09 Ma'!T96 | D97: ='01-10 Wo'!T96 | E97: ='01-12 Ma'!T96 | F97: ='02-09 Di'!T96 | G97: ='02-10 Do'!T96 | H97: =SUM(C100:G100) | I97: ='01-09 Ma'!U96 | J97: ='01-09 Ma'!V96 | K97: =SUM(C117:G117)
A98: ='MAESTRA STUDENTEN'!B76 | B98: 3/4 Move & Play | C98: ='01-09 Ma'!T97 | D98: ='01-10 Wo'!T97 | E98: ='01-12 Ma'!T97 | F98: ='02-09 Di'!T97 | G98: ='02-10 Do'!T97 | H98: =SUM(C101:G101) | I98: ='01-09 Ma'!U97 | J98: ='01-09 Ma'!V97 | K98: =SUM(C118:G118)
A99: ='MAESTRA STUDENTEN'!B77 | B99: 3/4 Move & Play | C99: ='01-09 Ma'!T98 | D99: ='01-10 Wo'!T98 | E99: ='01-12 Ma'!T98 | F99: ='02-09 Di'!T98 | G99: ='02-10 Do'!T98 | H99: =SUM(C102:G102) | I99: ='01-09 Ma'!U98 | J99: ='01-09 Ma'!V98 | K99: =SUM(C119:G119)
A100: ='MAESTRA STUDENTEN'!B78 | B100: 3/4 Move & Play | C100: ='01-09 Ma'!T99 | D100: ='01-10 Wo'!T99 | E100: ='01-12 Ma'!T99 | F100: ='02-09 Di'!T99 | G100: ='02-10 Do'!T99 | H100: =SUM(C103:G103) | I100: ='01-09 Ma'!U99 | J100: ='01-09 Ma'!V99 | K100: =SUM(C120:G120)
A101: ='MAESTRA STUDENTEN'!B79 | B101: 3/4 Move & Play | C101: ='01-09 Ma'!T100 | D101: ='01-10 Wo'!T100 | E101: ='01-12 Ma'!T100 | F101: ='02-09 Di'!T100 | G101: ='02-10 Do'!T100 | H101: =SUM(C104:G104) | I101: ='01-09 Ma'!U100 | J101: ='01-09 Ma'!V100 | K101: =SUM(C121:G121)
...

Sheet 02-09 Di
A1: TOTAAL PER LESUUR
B2: 1 | C2: 2 | D2: 3 | E2: 4 | F2: 5 | G2: 6 | H2: 7
