Workbook

Sheet MAESTRA STUDENTEN
A1: BEHEER VAN STUDENTEN
A2: Wijzig studenten hier. De dagelijkse bladen worden AUTOMATISCH bijgewerkt via formules. Studenten met status 'Verwijderd' worden niet getoond.
A4: Klas | B4: Student | C4: Status
A5: 1 Aarde | B5: Conner Wouters | C5: Actief
A6: 1 Aarde | B6: Dylan Abs | C6: Actief
A7: 1 Aarde | B7: Jaden Gesquiere | C7: Actief
A8: 1 Aarde | B8: Kaitlyn Van den Eede | C8: Actief
A9: 1 Aarde | B9: Kayden Van den Eede | C9: Actief
A10: 1 Aarde | B10: Leandro Degrendele | C10: Actief
A11: 1 Aarde | B11: Nasser Ayari | C11: Actief
A12: 1 Aarde | B12: Timothy Baert | C12: Actief
A13: 1 Aarde | B13: Virgilles Vandenbussche | C13: Actief
A14: 1 Lucht | B14: Alexander Desaever | C14: Actief
A15: 1 Lucht | B15: Emmelien Verstraete | C15: Actief
... A115: 6 Food | B115: Maylin Jonckheere | C115: Actief
A118: NIEUWE STUDENTEN (Hier toevoegen)
A119: Klas | B119: Student | C119: Status
C120: Actief
C121: Actief
C122: Actief
C123: Actief
C124: Actief
C125: Actief
C126: Actief
C127: Actief
C128: Actief
C129: Actief
C130: Actief
C131: Actief
... C139: Actief

Sheet 01-09 Ma
A1: TOTAAL PER LESUUR
B2: 1 | C2: 2 | D2: 3 | E2: 4 | F2: 5 | G2: 6 | H2: 7
A3: Chill-outs | B3: =(COUNTIF(B8:B16,"=1")*1+COUNTIF(B8:B16,"1+VR")*1+COUNTIF(B8:B16,"1+VL")*1+COUNTIF(B8:B16,"1+VR+VL")*1+COUNTIF(B8:B16,"VR+1")*1+COUNTIF(B8:B16,"VL+1")*1+COUNTIF(B8:B16,"=2")*2+COUNTIF(B8:B16,"2+VR")*2+COUNTIF(B8:B16,"2+VL")*2+COUNTIF(B8:B16,"VR+2")*2+COUNTIF(B8:B16,"VL+2")*2+COUNTIF(B8:B16,"=3")*3+COUNTIF(B8:B16,"3+VR")*3+COUNTIF(B8:B16,"3+VL")*3+COUNTIF(B8:B16,"VR+3")*3+COUNTIF(B8:B16,"VL+3")*3)+(COUNTIF(B21:B25,"=1")*1+COUNTIF(B21:B25,"1+VR")*1+COUNTIF(B21:B25,"1+VL")*1+COUNTIF(B21:B25,"1+VR+VL")*1+COUNTIF(B21:B25,"VR+1")*1+COUNTIF(B21:B25,"VL+1")*1+COUNTIF(B21:B25,"=2")*2+COUNTIF(B21:B25,"2+VR")*2+COUNTIF(B21:B25,"2+VL")*2+COUNTIF(B21:B25,"VR+2")*2+COUNTIF(B21:B25,"VL+2")*2+COUNTIF(B21:B25,"=3")*3+COUNTIF(B21:B25,"3+VR")*3+COUNTIF(B21:B25,"3+VL")*3+COUNTIF(B21:B25,"VR+3")*3+COUNTIF(B21:B25,"VL+3")*3)+(COUNTIF(B30:B37,"=1")*1+COUNTIF(B30:B37,"1+VR")*1+COUNTIF(B30:B37,"1+VL")*1+COUNTIF(B30:B37,"1+VR+VL")*1+COUNTIF(B30:B37,"VR+1")*1+COUNTIF(B30:B37,"VL+1")*1+COUNTIF(B30:B37,"=2")*2+COUNTIF(B30:B37,"2+VR")*2+COUNTIF(B30:B37,"2+VL")*2+COUNTIF(B30:B37,"VR+2")*2+COUNTIF(B30:B37,"VL+2")*2+COUNTIF(B30:B37,"=3")*3+COUNTIF(B30:B37,"3+VR")*3+COUNTIF(B30:B37,"3+VL")*3+COUNTIF(B30:B37,"VR+3")*3+COUNTIF(B30:B37,"VL+3")*3)+(COUNTIF(B42:B50,"=1")*1+COUNTIF(B42:B50,"1+VR")*1+COUNTIF(B42:B50,"1+VL")*1+COUNTIF(B42:B50,"1+VR+VL")*1+COUNTIF(B42:B50,"VR+1")*1+COUNTIF(B42:B50,"VL+1")*1+COUNTIF(B42:B50,"=2")*2+COUNTIF(B42:B50,"2+VR")*2+COUNTIF(B42:B50,"2+VL")*2+COUNTIF(B42:B50,"VR+2")*2+COUNTIF(B42:B50,"VL+2")*2+COUNTIF(B42:B50,"=3")*3+COUNTIF(B42:B50,"3+VR")*3+COUNTIF(B42:B50,"3+VL")*3+COUNTIF(B42:B50,"VR+3")*3+COUNTIF(B42:B50,"VL+3")*3)+(COUNTIF(B55:B63,"=1")*1+COUNTIF(B55:B63,"1+VR")*1+COUNTIF(B55:B63,"1+VL")*1+COUNTIF(B55:B63,"1+VR+VL")*1+COUNTIF(B55:B63,"VR+1")*1+COUNTIF(B55:B63,"VL+1")*1+COUNTIF(B55:B63,"=2")*2+COUNTIF(B55:B63,"2+VR")*2+COUNTIF(B55:B63,"2+VL")*2+COUNTIF(B55:B63,"VR+2")*2+COUNTIF(B55:B63,"VL+2")*2+COUNTIF(B55:B63,"=3")*3+COUNTIF(B55:B63,"3+VR")*3+COUNTIF(B55:B63,"3+VL")*3+COUNTIF(B55:B63,"VR+3")*3+COUNTIF(B55:B63,"VL+3")*3)+(COUNTIF(B68:B75,"=1")*1+COUNTIF(B68:B75,"1+VR")*1+COUNTIF(B68:B75,"1+VL")*1+COUNTIF(B68:B75,"1+VR+VL")*1+COUNTIF(B68:B75,"VR+1")*1+COUNTIF(B68:B75,"VL+1")*1+COUNTIF(B68:B75,"=2")*2+COUNTIF(B68:B75,"2+VR")*2+COUNTIF(B68:B75,"2+VL")*2+COUNTIF(B68:B75,"VR+2")*2+COUNTIF(B68:B75,"VL+2")*2+COUNTIF(B68:B75,"=3")*3+COUNTIF(B68:B75,"3+VR")*3+COUNTIF(B68:B75,"3+VL")*3+COUNTIF(B68:B75,"VR+3")*3+COUNTIF(B68:B75,"VL+3")*3)+(COUNTIF(B80:B83,"=1")*1+COUNTIF(B80:B83,"1+VR")*1+COUNTIF(B80:B83,"1+VL")*1+COUNTIF(B80:B83,"1+VR+VL")*1+COUNTIF(B80:B83,"VR+1")*1+COUNTIF(B80:B83,"VL+1")*1+COUNTIF(B80:B83,"=2")*2+COUNTIF(B80:B83,"2+VR")*2+COUNTIF(B80:B83,"2+VL")*2+COUNTIF(B80:B83,"VR+2")*2+COUNTIF(B80:B83,"VL+2")*2+COUNTIF(B80:B83,"=3")*3+COUNTIF(B80:B83,"3+VR")*3+COUNTIF(B80:B83,"3+VL")*3+COUNTIF(B80:B83,"VR+3")*3+COUNTIF(B80:B83,"VL+3")*3)+(COUNTIF(B88:B91,"=1")*1+COUNTIF(B88:B91,"1+VR")*1+COUNTIF(B88:B91,"1+VL")*1+COUNTIF(B88:B91,"1+VR+VL")*1+COUNTIF(B88:B91,"VR+1")*1+COUNTIF(B88:B91,"VL+1")*1+COUNTIF(B88:B91,"=2")*2+COUNTIF(B88:B91,"2+VR")*2+COUNTIF(B88:B91,"2+VL")*2+COUNTIF(B88:B91,"VR+2")*2+COUNTIF(B88:B91,"VL+2")*2+COUNTIF(B88:B91,"=3")*3+COUNTIF(B88:B91,"3+VR")*3+COUNTIF(B88:B91,"3+VL")*3+COUNTIF(B88:B91,"VR+3")*3+COUNTIF(B88:B91,"VL+3")*3)+(COUNTIF(B96:B105,"=1")*1+COUNTIF(B96:B105,"1+VR")*1+COUNTIF(B96:B105,"1+VL")*1+COUNTIF(B96:B105,"1+VR+VL")*1+COUNTIF(B96:B105,"VR+1")*1+COUNTIF(B96:B105,"VL+1")*1+COUNTIF(B96:B105,"=2")*2+COUNTIF(B96:B105,"2+VR")*2+COUNTIF(B96:B105,"2+VL")*2+COUNTIF(B96:B105,"VR+2")*2+COUNTIF(B96:B105,"VL+2")*2+COUNTIF(B96:B105,"=3")*3+COUNTIF(B96:B105,"3+VR")*3+COUNTIF(B96:B105,"3+VL")*3+COUNTIF(B96:B105,"VR+3")*3+COUNTIF(B96:B105,"VL+3")*3)+(COUNTIF(B110:B115,"=1")*1+COUNTIF(B110:B115,"1+VR")*1+COUNTIF(B110:B115,"1+VL")*1+COUNTIF(B110:B115,"1+VR+VL")*1+COUNTIF(B110:B115,"VR+1")*1+COUNTIF(B110:B115,"VL+1")*1+COUNTIF(B110:B115,"=2")*2+COUNTIF(B110:B115,"2+VR")*2+COUNTIF(B110:B115,"2+VL")*2+COUNTIF(B110:B115,"VR+2")*2+COUNTIF(B110:B115,"VL+2")*2+COUNTIF(B110:B115,"=3")*3+COUNTIF(B110:B115,"3+VR")*3+COUNTIF(B110:B115,"3+VL")*3+COUNTIF(B110:B115,"VR+3")*3+COUNTIF(B110:B115,"VL+3")*3)+(COUNTIF(B120:B125,"=1")*1+COUNTIF(B120:B125,"1+VR")*1+COUNTIF(B120:B125,"1+VL")*1+COUNTIF(B120:B125,"1+VR+VL")*1+COUNTIF(B120:B125,"VR+1")*1+COUNTIF(B120:B125,"VL+1")*1+COUNTIF(B120:B125,"=2")*2+COUNTIF(B120:B125,"2+VR")*2+COUNTIF(B120:B125,"2+VL")*2+COUNTIF(B120:B125,"VR+2")*2+COUNTIF(B120:B125,"VL+2")*2+COUNTIF(B120:B125,"=3")*3+COUNTIF(B120:B125,"3+VR")*3+COUNTIF(B120:B125,"3+VL")*3+COUNTIF(B120:B125,"VR+3")*3+COUNTIF(B120:B125,"VL+3")*3)+(COUNTIF(B130:B131,"=1")*1+COUNTIF(B130:B131,"1+VR")*1+COUNTIF(B130:B131,"1+VL")*1+COUNTIF(B130:B131,"1+VR+VL")*1+COUNTIF(B130:B131,"VR+1")*1+COUNTIF(B130:B131,"VL+1")*1+COUNTIF(B130:B131,"=2")*2+COUNTIF(B130:B131,"2+VR")*2+COUNTIF(B130:B131,"2+VL")*2+COUNTIF(B130:B131,"VR+2")*2+COUNTIF(B130:B131,"VL+2")*2+COUNTIF(B130:B131,"=3")*3+COUNTIF(B130:B131,"3+VR")*3+COUNTIF(B130:B131,"3+VL")*3+COUNTIF(B130:B131,"VR+3")*3+COUNTIF(B130:B131,"VL+3")*3)+(COUNTIF(B136:B137,"=1")*1+COUNTIF(B136:B137,"1+VR")*1+COUNTIF(B136:B137,"1+VL")*1+COUNTIF(B136:B137,"1+VR+VL")*1+COUNTIF(B136:B137,"VR+1")*1+COUNTIF(B136:B137,"VL+1")*1+COUNTIF(B136:B137,"=2")*2+COUNTIF(B136:B137,"2+VR")*2+COUNTIF(B136:B137,"2+VL")*2+COUNTIF(B136:B137,"VR+2")*2+COUNTIF(B136:B137,"VL+2")*2+COUNTIF(B136:B137,"=3")*3+COUNTIF(B136:B137,"3+VR")*3+COUNTIF(B136:B137,"3+VL")*3+COUNTIF(B136:B137,"VR+3")*3+COUNTIF(B136:B137,"VL+3")*3)+(COUNTIF(B142:B147,"=1")*1+COUNTIF(B142:B147,"1+VR")*1+COUNTIF(B142:B147,"1+VL")*1+COUNTIF(B142:B147,"1+VR+VL")*1+COUNTIF(B142:B147,"VR+1")*1+COUNTIF(B142:B147,"VL+1")*1+COUNTIF(B142:B147,"=2")*2+COUNTIF(B142:B147,"2+VR")*2+COUNTIF(B142:B147,"2+VL")*2+COUNTIF(B142:B147,"VR+2")*2+COUNTIF(B142:B147,"VL+2")*2+COUNTIF(B142:B147,"=3")*3+COUNTIF(B142:B147,"3+VR")*3+COUNTIF(B142:B147,"3+VL")*3+COUNTIF(B142:B147,"VR+3")*3+COUNTIF(B142:B147,"VL+3")*3)+(COUNTIF(B152:B156,"=1")*1+COUNTIF(B152:B156,"1+VR")*1+COUNTIF(B152:B156,"1+VL")*1+COUNTIF(B152:B156,"1+VR+VL")*1+COUNTIF(B152:B156,"VR+1")*1+COUNTIF(B152:B156,"VL+1")*1+COUNTIF(B152:B156,"=2")*2+COUNTIF(B152:B156,"2+VR")*2+COUNTIF(B152:B156,"2+VL")*2+COUNTIF(B152:B156,"VR+2")*2+COUNTIF(B152:B156,"VL+2")*2+COUNTIF(B152:B156,"=3")*3+COUNTIF(B152:B156,"3+VR")*3+COUNTIF(B152:B156,"3+VL")*3+COUNTIF(B152:B156,"VR+3")*3+COUNTIF(B152:B156,"VL+3")*3)+(COUNTIF(B161:B163,"=1")*1+COUNTIF(B161:B163,"1+VR")*1+COUNTIF(B161:B163,"1+VL")*1+COUNTIF(B161:B163,"1+VR+VL")*1+COUNTIF(B161:B163,"VR+1")*1+COUNTIF(B161:B163,"VL+1")*1+COUNTIF(B161:B163,"=2")*2+COUNTIF(B161:B163,"2+VR")*2+COUNTIF(B161:B163,"2+VL")*2+COUNTIF(B161:B163,"VR+2")*2+COUNTIF(B161:B163,"VL+2")*2+COUNTIF(B161:B163,"=3")*3+COUNTIF(B161:B163,"3+VR")*3+COUNTIF(B161:B163,"3+VL")*3+COUNTIF(B161:B163,"VR+3")*3+COUNTIF(B161:B163,"VL+3")*3)+(COUNTIF(B168:B168,"=1")*1+COUNTIF(B168:B168,"1+VR")*1+COUNTIF(B168:B168,"1+VL")*1+COUNTIF(B168:B168,"1+VR+VL")*1+COUNTIF(B168:B168,"VR+1")*1+COUNTIF(B168:B168,"VL+1")*1+COUNTIF(B168:B168,"=2")*2+COUNTIF(B168:B168,"2+VR")*2+COUNTIF(B168:B168,"2+VL")*2+COUNTIF(B168:B168,"VR+2")*2+COUNTIF(B168:B168,"VL+2")*2+COUNTIF(B168:B168,"=3")*3+COUNTIF(B168:B168,"3+VR")*3+COUNTIF(B168:B168,"3+VL")*3+COUNTIF(B168:B168,"VR+3")*3+COUNTIF(B168:B168,"VL+3")*3)+(COUNTIF(K8:K14,"=1")*1+COUNTIF(K8:K14,"1+VR")*1+COUNTIF(K8:K14,"1+VL")*1+COUNTIF(K8:K14,"1+VR+VL")*1+COUNTIF(K8:K14,"VR+1")*1+COUNTIF(K8:K14,"VL+1")*1+COUNTIF(K8:K14,"=2")*2+COUNTIF(K8:K14,"2+VR")*2+COUNTIF(K8:K14,"2+VL")*2+COUNTIF(K8:K14,"VR+2")*2+COUNTIF(K8:K14,"VL+2")*2+COUNTIF(K8:K14,"=3")*3+COUNTIF(K8:K14,"3+VR")*3+COUNTIF(K8:K14,"3+VL")*3+COUNTIF(K8:K14,"VR+3")*3+COUNTIF(K8:K14,"VL+3")*3)+(COUNTIF(K19:K25,"=1")*1+COUNTIF(K19:K25,"1+VR")*1+COUNTIF(K19:K25,"1+VL")*1+COUNTIF(K19:K25,"1+VR+VL")*1+COUNTIF(K19:K25,"VR+1")*1+COUNTIF(K19:K25,"VL+1")*1+COUNTIF(K19:K25,"=2")*2+COUNTIF(K19:K25,"2+VR")*2+COUNTIF(K19:K25,"2+VL")*2+COUNTIF(K19:K25,"VR+2")*2+COUNTIF(K19:K25,"VL+2")*2+COUNTIF(K19:K25,"=3")*3+COUNTIF(K19:K25,"3+VR")*3+COUNTIF(K19:K25,"3+VL")*3+COUNTIF(K19:K25,"VR+3")*3+COUNTIF(K19:K25,"VL+3")*3) -> 1 | C3: =(COUNTIF(C8:C16,"=1")*1+COUNTIF(C8:C16,"1+VR")*1+COUNTIF(C8:C16,"1+VL")*1+COUNTIF(C8:C16,"1+VR+VL")*1+COUNTIF(C8:C16,"VR+1")*1+COUNTIF(C8:C16,"VL+1")*1+COUNTIF(C8:C16,"=2")*2+COUNTIF(C8:C16,"2+VR")*2+COUNTIF(C8:C16,"2+VL")*2+COUNTIF(C8:C16,"VR+2")*2+COUNTIF(C8:C16,"VL+2")*2+COUNTIF(C8:C16,"=3")*3+COUNTIF(C8:C16,"3+VR")*3+COUNTIF(C8:C16,"3+VL")*3+COUNTIF(C8:C16,"VR+3")*3+COUNTIF(C8:C16,"VL+3")*3)+(COUNTIF(C21:C25,"=1")*1+COUNTIF(C21:C25,"1+VR")*1+COUNTIF(C21:C25,"1+VL")*1+COUNTIF(C21:C25,"1+VR+VL")*1+COUNTIF(C21:C25,"VR+1")*1+COUNTIF(C21:C25,"VL+1")*1+COUNTIF(C21:C25,"=2")*2+COUNTIF(C21:C25,"2+VR")*2+COUNTIF(C21:C25,"2+VL")*2+COUNTIF(C21:C25,"VR+2")*2+COUNTIF(C21:C25,"VL+2")*2+COUNTIF(C21:C25,"=3")*3+COUNTIF(C21:C25,"3+VR")*3+COUNTIF(C21:C25,"3+VL")*3+COUNTIF(C21:C25,"VR+3")*3+COUNTIF(C21:C25,"VL+3")*3)+(COUNTIF(C30:C37,"=1")*1+COUNTIF(C30:C37,"1+VR")*1+COUNTIF(C30:C37,"1+VL")*1+COUNTIF(C30:C37,"1+VR+VL")*1+COUNTIF(C30:C37,"VR+1")*1+COUNTIF(C30:C37,"VL+1")*1+COUNTIF(C30:C37,"=2")*2+COUNTIF(C30:C37,"2+VR")*2+COUNTIF(C30:C37,"2+VL")*2+COUNTIF(C30:C37,"VR+2")*2+COUNTIF(C30:C37,"VL+2")*2+COUNTIF(C30:C37,"=3")*3+COUNTIF(C30:C37,"3+VR")*3+COUNTIF(C30:C37,"3+VL")*3+COUNTIF(C30:C37,"VR+3")*3+COUNTIF(C30:C37,"VL+3")*3)+(COUNTIF(C42:C50,"=1")*1+COUNTIF(C42:C50,"1+VR")*1+COUNTIF(C42:C50,"1+VL")*1+COUNTIF(C42:C50,"1+VR+VL")*1+COUNTIF(C42:C50,"VR+1")*1+COUNTIF(C42:C50,"VL+1")*1+COUNTIF(C42:C50,"=2")*2+COUNTIF(C42:C50,"2+VR")*2+COUNTIF(C42:C50,"2+VL")*2+COUNTIF(C42:C50,"VR+2")*2+COUNTIF(C42:C50,"VL+2")*2+COUNTIF(C42:C50,"=3")*3+COUNTIF(C42:C50,"3+VR")*3+COUNTIF(C42:C50,"3+VL")*3+COUNTIF(C42:C50,"VR+3")*3+COUNTIF(C42:C50,"VL+3")*3)+(COUNTIF(C55:C63,"=1")*1+COUNTIF(C55:C63,"1+VR")*1+COUNTIF(C55:C63,"1+VL")*1+COUNTIF(C55:C63,"1+VR+VL")*1+COUNTIF(C55:C63,"VR+1")*1+COUNTIF(C55:C63,"VL+1")*1+COUNTIF(C55:C63,"=2")*2+COUNTIF(C55:C63,"2+VR")*2+COUNTIF(C55:C63,"2+VL")*2+COUNTIF(C55:C63,"VR+2")*2+COUNTIF(C55:C63,"VL+2")*2+COUNTIF(C55:C63,"=3")*3+COUNTIF(C55:C63,"3+VR")*3+COUNTIF(C55:C63,"3+VL")*3+COUNTIF(C55:C63,"VR+3")*3+COUNTIF(C55:C63,"VL+3")*3)+(COUNTIF(C68:C75,"=1")*1+COUNTIF(C68:C75,"1+VR")*1+COUNTIF(C68:C75,"1+VL")*1+COUNTIF(C68:C75,"1+VR+VL")*1+COUNTIF(C68:C75,"VR+1")*1+COUNTIF(C68:C75,"VL+1")*1+COUNTIF(C68:C75,"=2")*2+COUNTIF(C68:C75,"2+VR")*2+COUNTIF(C68:C75,"2+VL")*2+COUNTIF(C68:C75,"VR+2")*2+COUNTIF(C68:C75,"VL+2")*2+COUNTIF(C68:C75,"=3")*3+COUNTIF(C68:C75,"3+VR")*3+COUNTIF(C68:C75,"3+VL")*3+COUNTIF(C68:C75,"VR+3")*3+COUNTIF(C68:C75,"VL+3")*3)+(COUNTIF(C80:C83,"=1")*1+COUNTIF(C80:C83,"1+VR")*1+COUNTIF(C80:C83,"1+VL")*1+COUNTIF(C80:C83,"1+VR+VL")*1+COUNTIF(C80:C83,"VR+1")*1+COUNTIF(C80:C83,"VL+1")*1+COUNTIF(C80:C83,"=2")*2+COUNTIF(C80:C83,"2+VR")*2+COUNTIF(C80:C83,"2+VL")*2+COUNTIF(C80:C83,"VR+2")*2+COUNTIF(C80:C83,"VL+2")*2+COUNTIF(C80:C83,"=3")*3+COUNTIF(C80:C83,"3+VR")*3+COUNTIF(C80:C83,"3+VL")*3+COUNTIF(C80:C83,"VR+3")*3+COUNTIF(C80:C83,"VL+3")*3)+(COUNTIF(C88:C91,"=1")*1+COUNTIF(C88:C91,"1+VR")*1+COUNTIF(C88:C91,"1+VL")*1+COUNTIF(C88:C91,"1+VR+VL")*1+COUNTIF(C88:C91,"VR+1")*1+COUNTIF(C88:C91,"VL+1")*1+COUNTIF(C88:C91,"=2")*2+COUNTIF(C88:C91,"2+VR")*2+COUNTIF(C88:C91,"2+VL")*2+COUNTIF(C88:C91,"VR+2")*2+COUNTIF(C88:C91,"VL+2")*2+COUNTIF(C88:C91,"=3")*3+COUNTIF(C88:C91,"3+VR")*3+COUNTIF(C88:C91,"3+VL")*3+COUNTIF(C88:C91,"VR+3")*3+COUNTIF(C88:C91,"VL+3")*3)+(COUNTIF(C96:C105,"=1")*1+COUNTIF(C96:C105,"1+VR")*1+COUNTIF(C96:C105,"1+VL")*1+COUNTIF(C96:C105,"1+VR+VL")*1+COUNTIF(C96:C105,"VR+1")*1+COUNTIF(C96:C105,"VL+1")*1+COUNTIF(C96:C105,"=2")*2+COUNTIF(C96:C105,"2+VR")*2+COUNTIF(C96:C105,"2+VL")*2+COUNTIF(C96:C105,"VR+2")*2+COUNTIF(C96:C105,"VL+2")*2+COUNTIF(C96:C105,"=3")*3+COUNTIF(C96:C105,"3+VR")*3+COUNTIF(C96:C105,"3+VL")*3+COUNTIF(C96:C105,"VR+3")*3+COUNTIF(C96:C105,"VL+3")*3)+(COUNTIF(C110:C115,"=1")*1+COUNTIF(C110:C115,"1+VR")*1+COUNTIF(C110:C115,"1+VL")*1+COUNTIF(C110:C115,"1+VR+VL")*1+COUNTIF(C110:C115,"VR+1")*1+COUNTIF(C110:C115,"VL+1")*1+COUNTIF(C110:C115,"=2")*2+COUNTIF(C110:C115,"2+VR")*2+COUNTIF(C110:C115,"2+VL")*2+COUNTIF(C110:C115,"VR+2")*2+COUNTIF(C110:C115,"VL+2")*2+COUNTIF(C110:C115,"=3")*3+COUNTIF(C110:C115,"3+VR")*3+COUNTIF(C110:C115,"3+VL")*3+COUNTIF(C110:C115,"VR+3")*3+COUNTIF(C110:C115,"VL+3")*3)+(COUNTIF(C120:C125,"=1")*1+COUNTIF(C120:C125,"1+VR")*1+COUNTIF(C120:C125,"1+VL")*1+COUNTIF(C120:C125,"1+VR+VL")*1+COUNTIF(C120:C125,"VR+1")*1+COUNTIF(C120:C125,"VL+1")*1+COUNTIF(C120:C125,"=2")*2+COUNTIF(C120:C125,"2+VR")*2+COUNTIF(C120:C125,"2+VL")*2+COUNTIF(C120:C125,"VR+2")*2+COUNTIF(C120:C125,"VL+2")*2+COUNTIF(C120:C125,"=3")*3+COUNTIF(C120:C125,"3+VR")*3+COUNTIF(C120:C125,"3+VL")*3+COUNTIF(C120:C125,"VR+3")*3+COUNTIF(C120:C125,"VL+3")*3)+(COUNTIF(C130:C131,"=1")*1+COUNTIF(C130:C131,"1+VR")*1+COUNTIF(C130:C131,"1+VL")*1+COUNTIF(C130:C131,"1+VR+VL")*1+COUNTIF(C130:C131,"VR+1")*1+COUNTIF(C130:C131,"VL+1")*1+COUNTIF(C130:C131,"=2")*2+COUNTIF(C130:C131,"2+VR")*2+COUNTIF(C130:C131,"2+VL")*2+COUNTIF(C130:C131,"VR+2")*2+COUNTIF(C130:C131,"VL+2")*2+COUNTIF(C130:C131,"=3")*3+COUNTIF(C130:C131,"3+VR")*3+COUNTIF(C130:C131,"3+VL")*3+COUNTIF(C130:C131,"VR+3")*3+COUNTIF(C130:C131,"VL+3")*3)+(COUNTIF(C136:C137,"=1")*1+COUNTIF(C136:C137,"1+VR")*1+COUNTIF(C136:C137,"1+VL")*1+COUNTIF(C136:C137,"1+VR+VL")*1+COUNTIF(C136:C137,"VR+1")*1+COUNTIF(C136:C137,"VL+1")*1+COUNTIF(C136:C137,"=2")*2+COUNTIF(C136:C137,"2+VR")*2+COUNTIF(C136:C137,"2+VL")*2+COUNTIF(C136:C137,"VR+2")*2+COUNTIF(C136:C137,"VL+2")*2+COUNTIF(C136:C137,"=3")*3+COUNTIF(C136:C137,"3+VR")*3+COUNTIF(C136:C137,"3+VL")*3+COUNTIF(C136:C137,"VR+3")*3+COUNTIF(C136:C137,"VL+3")*3)+(COUNTIF(C142:C147,"=1")*1+COUNTIF(C142:C147,"1+VR")*1+COUNTIF(C142:C147,"1+VL")*1+COUNTIF(C142:C147,"1+VR+VL")*1+COUNTIF(C142:C147,"VR+1")*1+COUNTIF(C142:C147,"VL+1")*1+COUNTIF(C142:C147,"=2")*2+COUNTIF(C142:C147,"2+VR")*2+COUNTIF(C142:C147,"2+VL")*2+COUNTIF(C142:C147,"VR+2")*2+COUNTIF(C142:C147,"VL+2")*2+COUNTIF(C142:C147,"=3")*3+COUNTIF(C142:C147,"3+VR")*3+COUNTIF(C142:C147,"3+VL")*3+COUNTIF(C142:C147,"VR+3")*3+COUNTIF(C142:C147,"VL+3")*3)+(COUNTIF(C152:C156,"=1")*1+COUNTIF(C152:C156,"1+VR")*1+COUNTIF(C152:C156,"1+VL")*1+COUNTIF(C152:C156,"1+VR+VL")*1+COUNTIF(C152:C156,"VR+1")*1+COUNTIF(C152:C156,"VL+1")*1+COUNTIF(C152:C156,"=2")*2+COUNTIF(C152:C156,"2+VR")*2+COUNTIF(C152:C156,"2+VL")*2+COUNTIF(C152:C156,"VR+2")*2+COUNTIF(C152:C156,"VL+2")*2+COUNTIF(C152:C156,"=3")*3+COUNTIF(C152:C156,"3+VR")*3+COUNTIF(C152:C156,"3+VL")*3+COUNTIF(C152:C156,"VR+3")*3+COUNTIF(C152:C156,"VL+3")*3)+(COUNTIF(C161:C163,"=1")*1+COUNTIF(C161:C163,"1+VR")*1+COUNTIF(C161:C163,"1+VL")*1+COUNTIF(C161:C163,"1+VR+VL")*1+COUNTIF(C161:C163,"VR+1")*1+COUNTIF(C161:C163,"VL+1")*1+COUNTIF(C161:C163,"=2")*2+COUNTIF(C161:C163,"2+VR")*2+COUNTIF(C161:C163,"2+VL")*2+COUNTIF(C161:C163,"VR+2")*2+COUNTIF(C161:C163,"VL+2")*2+COUNTIF(C161:C163,"=3")*3+COUNTIF(C161:C163,"3+VR")*3+COUNTIF(C161:C163,"3+VL")*3+COUNTIF(C161:C163,"VR+3")*3+COUNTIF(C161:C163,"VL+3")*3)+(COUNTIF(C168:C168,"=1")*1+COUNTIF(C168:C168,"1+VR")*1+COUNTIF(C168:C168,"1+VL")*1+COUNTIF(C168:C168,"1+VR+VL")*1+COUNTIF(C168:C168,"VR+1")*1+COUNTIF(C168:C168,"VL+1")*1+COUNTIF(C168:C168,"=2")*2+COUNTIF(C168:C168,"2+VR")*2+COUNTIF(C168:C168,"2+VL")*2+COUNTIF(C168:C168,"VR+2")*2+COUNTIF(C168:C168,"VL+2")*2+COUNTIF(C168:C168,"=3")*3+COUNTIF(C168:C168,"3+VR")*3+COUNTIF(C168:C168,"3+VL")*3+COUNTIF(C168:C168,"VR+3")*3+COUNTIF(C168:C168,"VL+3")*3)+(COUNTIF(L8:L14,"=1")*1+COUNTIF(L8:L14,"1+VR")*1+COUNTIF(L8:L14,"1+VL")*1+COUNTIF(L8:L14,"1+VR+VL")*1+COUNTIF(L8:L14,"VR+1")*1+COUNTIF(L8:L14,"VL+1")*1+COUNTIF(L8:L14,"=2")*2+COUNTIF(L8:L14,"2+VR")*2+COUNTIF(L8:L14,"2+VL")*2+COUNTIF(L8:L14,"VR+2")*2+COUNTIF(L8:L14,"VL+2")*2+COUNTIF(L8:L14,"=3")*3+COUNTIF(L8:L14,"3+VR")*3+COUNTIF(L8:L14,"3+VL")*3+COUNTIF(L8:L14,"VR+3")*3+COUNTIF(L8:L14,"VL+3")*3)+(COUNTIF(L19:L25,"=1")*1+COUNTIF(L19:L25,"1+VR")*1+COUNTIF(L19:L25,"1+VL")*1+COUNTIF(L19:L25,"1+VR+VL")*1+COUNTIF(L19:L25,"VR+1")*1+COUNTIF(L19:L25,"VL+1")*1+COUNTIF(L19:L25,"=2")*2+COUNTIF(L19:L25,"2+VR")*2+COUNTIF(L19:L25,"2+VL")*2+COUNTIF(L19:L25,"VR+2")*2+COUNTIF(L19:L25,"VL+2")*2+COUNTIF(L19:L25,"=3")*3+COUNTIF(L19:L25,"3+VR")*3+COUNTIF(L19:L25,"3+VL")*3+COUNTIF(L19:L25,"VR+3")*3+COUNTIF(L19:L25,"VL+3")*3) -> 0 | D3: =(COUNTIF(D8:D16,"=1")*1+COUNTIF(D8:D16,"1+VR")*1+COUNTIF(D8:D16,"1+VL")*1+COUNTIF(D8:D16,"1+VR+VL")*1+COUNTIF(D8:D16,"VR+1")*1+COUNTIF(D8:D16,"VL+1")*1+COUNTIF(D8:D16,"=2")*2+COUNTIF(D8:D16,"2+VR")*2+COUNTIF(D8:D16,"2+VL")*2+COUNTIF(D8:D16,"VR+2")*2+COUNTIF(D8:D16,"VL+2")*2+COUNTIF(D8:D16,"=3")*3+COUNTIF(D8:D16,"3+VR")*3+COUNTIF(D8:D16,"3+VL")*3+COUNTIF(D8:D16,"VR+3")*3+COUNTIF(D8:D16,"VL+3")*3)+(COUNTIF(D21:D25,"=1")*1+COUNTIF(D21:D25,"1+VR")*1+COUNTIF(D21:D25,"1+VL")*1+COUNTIF(D21:D25,"1+VR+VL")*1+COUNTIF(D21:D25,"VR+1")*1+COUNTIF(D21:D25,"VL+1")*1+COUNTIF(D21:D25,"=2")*2+COUNTIF(D21:D25,"2+VR")*2+COUNTIF(D21:D25,"2+VL")*2+COUNTIF(D21:D25,"VR+2")*2+COUNTIF(D21:D25,"VL+2")*2+COUNTIF(D21:D25,"=3")*3+COUNTIF(D21:D25,"3+VR")*3+COUNTIF(D21:D25,"3+VL")*3+COUNTIF(D21:D25,"VR+3")*3+COUNTIF(D21:D25,"VL+3")*3)+(COUNTIF(D30:D37,"=1")*1+COUNTIF(D30:D37,"1+VR")*1+COUNTIF(D30:D37,"1+VL")*1+COUNTIF(D30:D37,"1+VR+VL")*1+COUNTIF(D30:D37,"VR+1")*1+COUNTIF(D30:D37,"VL+1")*1+COUNTIF(D30:D37,"=2")*2+COUNTIF(D30:D37,"2+VR")*2+COUNTIF(D30:D37,"2+VL")*2+COUNTIF(D30:D37,"VR+2")*2+COUNTIF(D30:D37,"VL+2")*2+COUNTIF(D30:D37,"=3")*3+COUNTIF(D30:D37,"3+VR")*3+COUNTIF(D30:D37,"3+VL")*3+COUNTIF(D30:D37,"VR+3")*3+COUNTIF(D30:D37,"VL+3")*3)+(COUNTIF(D42:D50,"=1")*1+COUNTIF(D42:D50,"1+VR")*1+COUNTIF(D42:D50,"1+VL")*1+COUNTIF(D42:D50,"1+VR+VL")*1+COUNTIF(D42:D50,"VR+1")*1+COUNTIF(D42:D50,"VL+1")*1+COUNTIF(D42:D50,"=2")*2+COUNTIF(D42:D50,"2+VR")*2+COUNTIF(D42:D50,"2+VL")*2+COUNTIF(D42:D50,"VR+2")*2+COUNTIF(D42:D50,"VL+2")*2+COUNTIF(D42:D50,"=3")*3+COUNTIF(D42:D50,"3+VR")*3+COUNTIF(D42:D50,"3+VL")*3+COUNTIF(D42:D50,"VR+3")*3+COUNTIF(D42:D50,"VL+3")*3)+(COUNTIF(D55:D63,"=1")*1+COUNTIF(D55:D63,"1+VR")*1+COUNTIF(D55:D63,"1+VL")*1+COUNTIF(D55:D63,"1+VR+VL")*1+COUNTIF(D55:D63,"VR+1")*1+COUNTIF(D55:D63,"VL+1")*1+COUNTIF(D55:D63,"=2")*2+COUNTIF(D55:D63,"2+VR")*2+COUNTIF(D55:D63,"2+VL")*2+COUNTIF(D55:D63,"VR+2")*2+COUNTIF(D55:D63,"VL+2")*2+COUNTIF(D55:D63,"=3")*3+COUNTIF(D55:D63,"3+VR")*3+COUNTIF(D55:D63,"3+VL")*3+COUNTIF(D55:D63,"VR+3")*3+COUNTIF(D55:D63,"VL+3")*3)+(COUNTIF(D68:D75,"=1")*1+COUNTIF(D68:D75,"1+VR")*1+COUNTIF(D68:D75,"1+VL")*1+COUNTIF(D68:D75,"1+VR+VL")*1+COUNTIF(D68:D75,"VR+1")*1+COUNTIF(D68:D75,"VL+1")*1+COUNTIF(D68:D75,"=2")*2+COUNTIF(D68:D75,"2+VR")*2+COUNTIF(D68:D75,"2+VL")*2+COUNTIF(D68:D75,"VR+2")*2+COUNTIF(D68:D75,"VL+2")*2+COUNTIF(D68:D75,"=3")*3+COUNTIF(D68:D75,"3+VR")*3+COUNTIF(D68:D75,"3+VL")*3+COUNTIF(D68:D75,"VR+3")*3+COUNTIF(D68:D75,"VL+3")*3)+(COUNTIF(D80:D83,"=1")*1+COUNTIF(D80:D83,"1+VR")*1+COUNTIF(D80:D83,"1+VL")*1+COUNTIF(D80:D83,"1+VR+VL")*1+COUNTIF(D80:D83,"VR+1")*1+COUNTIF(D80:D83,"VL+1")*1+COUNTIF(D80:D83,"=2")*2+COUNTIF(D80:D83,"2+VR")*2+COUNTIF(D80:D83,"2+VL")*2+COUNTIF(D80:D83,"VR+2")*2+COUNTIF(D80:D83,"VL+2")*2+COUNTIF(D80:D83,"=3")*3+COUNTIF(D80:D83,"3+VR")*3+COUNTIF(D80:D83,"3+VL")*3+COUNTIF(D80:D83,"VR+3")*3+COUNTIF(D80:D83,"VL+3")*3)+(COUNTIF(D88:D91,"=1")*1+COUNTIF(D88:D91,"1+VR")*1+COUNTIF(D88:D91,"1+VL")*1+COUNTIF(D88:D91,"1+VR+VL")*1+COUNTIF(D88:D91,"VR+1")*1+COUNTIF(D88:D91,"VL+1")*1+COUNTIF(D88:D91,"=2")*2+COUNTIF(D88:D91,"2+VR")*2+COUNTIF(D88:D91,"2+VL")*2+COUNTIF(D88:D91,"VR+2")*2+COUNTIF(D88:D91,"VL+2")*2+COUNTIF(D88:D91,"=3")*3+COUNTIF(D88:D91,"3+VR")*3+COUNTIF(D88:D91,"3+VL")*3+COUNTIF(D88:D91,"VR+3")*3+COUNTIF(D88:D91,"VL+3")*3)+(COUNTIF(D96:D105,"=1")*1+COUNTIF(D96:D105,"1+VR")*1+COUNTIF(D96:D105,"1+VL")*1+COUNTIF(D96:D105,"1+VR+VL")*1+COUNTIF(D96:D105,"VR+1")*1+COUNTIF(D96:D105,"VL+1")*1+COUNTIF(D96:D105,"=2")*2+COUNTIF(D96:D105,"2+VR")*2+COUNTIF(D96:D105,"2+VL")*2+COUNTIF(D96:D105,"VR+2")*2+COUNTIF(D96:D105,"VL+2")*2+COUNTIF(D96:D105,"=3")*3+COUNTIF(D96:D105,"3+VR")*3+COUNTIF(D96:D105,"3+VL")*3+COUNTIF(D96:D105,"VR+3")*3+COUNTIF(D96:D105,"VL+3")*3)+(COUNTIF(D110:D115,"=1")*1+COUNTIF(D110:D115,"1+VR")*1+COUNTIF(D110:D115,"1+VL")*1+COUNTIF(D110:D115,"1+VR+VL")*1+COUNTIF(D110:D115,"VR+1")*1+COUNTIF(D110:D115,"VL+1")*1+COUNTIF(D110:D115,"=2")*2+COUNTIF(D110:D115,"2+VR")*2+COUNTIF(D110:D115,"2+VL")*2+COUNTIF(D110:D115,"VR+2")*2+COUNTIF(D110:D115,"VL+2")*2+COUNTIF(D110:D115,"=3")*3+COUNTIF(D110:D115,"3+VR")*3+COUNTIF(D110:D115,"3+VL")*3+COUNTIF(D110:D115,"VR+3")*3+COUNTIF(D110:D115,"VL+3")*3)+(COUNTIF(D120:D125,"=1")*1+COUNTIF(D120:D125,"1+VR")*1+COUNTIF(D120:D125,"1+VL")*1+COUNTIF(D120:D125,"1+VR+VL")*1+COUNTIF(D120:D125,"VR+1")*1+COUNTIF(D120:D125,"VL+1")*1+COUNTIF(D120:D125,"=2")*2+COUNTIF(D120:D125,"2+VR")*2+COUNTIF(D120:D125,"2+VL")*2+COUNTIF(D120:D125,"VR+2")*2+COUNTIF(D120:D125,"VL+2")*2+COUNTIF(D120:D125,"=3")*3+COUNTIF(D120:D125,"3+VR")*3+COUNTIF(D120:D125,"3+VL")*3+COUNTIF(D120:D125,"VR+3")*3+COUNTIF(D120:D125,"VL+3")*3)+(COUNTIF(D130:D131,"=1")*1+COUNTIF(D130:D131,"1+VR")*1+COUNTIF(D130:D131,"1+VL")*1+COUNTIF(D130:D131,"1+VR+VL")*1+COUNTIF(D130:D131,"VR+1")*1+COUNTIF(D130:D131,"VL+1")*1+COUNTIF(D130:D131,"=2")*2+COUNTIF(D130:D131,"2+VR")*2+COUNTIF(D130:D131,"2+VL")*2+COUNTIF(D130:D131,"VR+2")*2+COUNTIF(D130:D131,"VL+2")*2+COUNTIF(D130:D131,"=3")*3+COUNTIF(D130:D131,"3+VR")*3+COUNTIF(D130:D131,"3+VL")*3+COUNTIF(D130:D131,"VR+3")*3+COUNTIF(D130:D131,"VL+3")*3)+(COUNTIF(D136:D137,"=1")*1+COUNTIF(D136:D137,"1+VR")*1+COUNTIF(D136:D137,"1+VL")*1+COUNTIF(D136:D137,"1+VR+VL")*1+COUNTIF(D136:D137,"VR+1")*1+COUNTIF(D136:D137,"VL+1")*1+COUNTIF(D136:D137,"=2")*2+COUNTIF(D136:D137,"2+VR")*2+COUNTIF(D136:D137,"2+VL")*2+COUNTIF(D136:D137,"VR+2")*2+COUNTIF(D136:D137,"VL+2")*2+COUNTIF(D136:D137,"=3")*3+COUNTIF(D136:D137,"3+VR")*3+COUNTIF(D136:D137,"3+VL")*3+COUNTIF(D136:D137,"VR+3")*3+COUNTIF(D136:D137,"VL+3")*3)+(COUNTIF(D142:D147,"=1")*1+COUNTIF(D142:D147,"1+VR")*1+COUNTIF(D142:D147,"1+VL")*1+COUNTIF(D142:D147,"1+VR+VL")*1+COUNTIF(D142:D147,"VR+1")*1+COUNTIF(D142:D147,"VL+1")*1+COUNTIF(D142:D147,"=2")*2+COUNTIF(D142:D147,"2+VR")*2+COUNTIF(D142:D147,"2+VL")*2+COUNTIF(D142:D147,"VR+2")*2+COUNTIF(D142:D147,"VL+2")*2+COUNTIF(D142:D147,"=3")*3+COUNTIF(D142:D147,"3+VR")*3+COUNTIF(D142:D147,"3+VL")*3+COUNTIF(D142:D147,"VR+3")*3+COUNTIF(D142:D147,"VL+3")*3)+(COUNTIF(D152:D156,"=1")*1+COUNTIF(D152:D156,"1+VR")*1+COUNTIF(D152:D156,"1+VL")*1+COUNTIF(D152:D156,"1+VR+VL")*1+COUNTIF(D152:D156,"VR+1")*1+COUNTIF(D152:D156,"VL+1")*1+COUNTIF(D152:D156,"=2")*2+COUNTIF(D152:D156,"2+VR")*2+COUNTIF(D152:D156,"2+VL")*2+COUNTIF(D152:D156,"VR+2")*2+COUNTIF(D152:D156,"VL+2")*2+COUNTIF(D152:D156,"=3")*3+COUNTIF(D152:D156,"3+VR")*3+COUNTIF(D152:D156,"3+VL")*3+COUNTIF(D152:D156,"VR+3")*3+COUNTIF(D152:D156,"VL+3")*3)+(COUNTIF(D161:D163,"=1")*1+COUNTIF(D161:D163,"1+VR")*1+COUNTIF(D161:D163,"1+VL")*1+COUNTIF(D161:D163,"1+VR+VL")*1+COUNTIF(D161:D163,"VR+1")*1+COUNTIF(D161:D163,"VL+1")*1+COUNTIF(D161:D163,"=2")*2+COUNTIF(D161:D163,"2+VR")*2+COUNTIF(D161:D163,"2+VL")*2+COUNTIF(D161:D163,"VR+2")*2+COUNTIF(D161:D163,"VL+2")*2+COUNTIF(D161:D163,"=3")*3+COUNTIF(D161:D163,"3+VR")*3+COUNTIF(D161:D163,"3+VL")*3+COUNTIF(D161:D163,"VR+3")*3+COUNTIF(D161:D163,"VL+3")*3)+(COUNTIF(D168:D168,"=1")*1+COUNTIF(D168:D168,"1+VR")*1+COUNTIF(D168:D168,"1+VL")*1+COUNTIF(D168:D168,"1+VR+VL")*1+COUNTIF(D168:D168,"VR+1")*1+COUNTIF(D168:D168,"VL+1")*1+COUNTIF(D168:D168,"=2")*2+COUNTIF(D168:D168,"2+VR")*2+COUNTIF(D168:D168,"2+VL")*2+COUNTIF(D168:D168,"VR+2")*2+COUNTIF(D168:D168,"VL+2")*2+COUNTIF(D168:D168,"=3")*3+COUNTIF(D168:D168,"3+VR")*3+COUNTIF(D168:D168,"3+VL")*3+COUNTIF(D168:D168,"VR+3")*3+COUNTIF(D168:D168,"VL+3")*3)+(COUNTIF(M8:M14,"=1")*1+COUNTIF(M8:M14,"1+VR")*1+COUNTIF(M8:M14,"1+VL")*1+COUNTIF(M8:M14,"1+VR+VL")*1+COUNTIF(M8:M14,"VR+1")*1+COUNTIF(M8:M14,"VL+1")*1+COUNTIF(M8:M14,"=2")*2+COUNTIF(M8:M14,"2+VR")*2+COUNTIF(M8:M14,"2+VL")*2+COUNTIF(M8:M14,"VR+2")*2+COUNTIF(M8:M14,"VL+2")*2+COUNTIF(M8:M14,"=3")*3+COUNTIF(M8:M14,"3+VR")*3+COUNTIF(M8:M14,"3+VL")*3+COUNTIF(M8:M14,"VR+3")*3+COUNTIF(M8:M14,"VL+3")*3)+(COUNTIF(M19:M25,"=1")*1+COUNTIF(M19:M25,"1+VR")*1+COUNTIF(M19:M25,"1+VL")*1+COUNTIF(M19:M25,"1+VR+VL")*1+COUNTIF(M19:M25,"VR+1")*1+COUNTIF(M19:M25,"VL+1")*1+COUNTIF(M19:M25,"=2")*2+COUNTIF(M19:M25,"2+VR")*2+COUNTIF(M19:M25,"2+VL")*2+COUNTIF(M19:M25,"VR+2")*2+COUNTIF(M19:M25,"VL+2")*2+COUNTIF(M19:M25,"=3")*3+COUNTIF(M19:M25,"3+VR")*3+COUNTIF(M19:M25,"3+VL")*3+COUNTIF(M19:M25,"VR+3")*3+COUNTIF(M19:M25,"VL+3")*3) -> 0 | E3: =(COUNTIF(E8:E16,"=1")*1+COUNTIF(E8:E16,"1+VR")*1+COUNTIF(E8:E16,"1+VL")*1+COUNTIF(E8:E16,"1+VR+VL")*1+COUNTIF(E8:E16,"VR+1")*1+COUNTIF(E8:E16,"VL+1")*1+COUNTIF(E8:E16,"=2")*2+COUNTIF(E8:E16,"2+VR")*2+COUNTIF(E8:E16,"2+VL")*2+COUNTIF(E8:E16,"VR+2")*2+COUNTIF(E8:E16,"VL+2")*2+COUNTIF(E8:E16,"=3")*3+COUNTIF(E8:E16,"3+VR")*3+COUNTIF(E8:E16,"3+VL")*3+COUNTIF(E8:E16,"VR+3")*3+COUNTIF(E8:E16,"VL+3")*3)+(COUNTIF(E21:E25,"=1")*1+COUNTIF(E21:E25,"1+VR")*1+COUNTIF(E21:E25,"1+VL")*1+COUNTIF(E21:E25,"1+VR+VL")*1+COUNTIF(E21:E25,"VR+1")*1+COUNTIF(E21:E25,"VL+1")*1+COUNTIF(E21:E25,"=2")*2+COUNTIF(E21:E25,"2+VR")*2+COUNTIF(E21:E25,"2+VL")*2+COUNTIF(E21:E25,"VR+2")*2+COUNTIF(E21:E25,"VL+2")*2+COUNTIF(E21:E25,"=3")*3+COUNTIF(E21:E25,"3+VR")*3+COUNTIF(E21:E25,"3+VL")*3+COUNTIF(E21:E25,"VR+3")*3+COUNTIF(E21:E25,"VL+3")*3)+(COUNTIF(E30:E37,"=1")*1+COUNTIF(E30:E37,"1+VR")*1+COUNTIF(E30:E37,"1+VL")*1+COUNTIF(E30:E37,"1+VR+VL")*1+COUNTIF(E30:E37,"VR+1")*1+COUNTIF(E30:E37,"VL+1")*1+COUNTIF(E30:E37,"=2")*2+COUNTIF(E30:E37,"2+VR")*2+COUNTIF(E30:E37,"2+VL")*2+COUNTIF(E30:E37,"VR+2")*2+COUNTIF(E30:E37,"VL+2")*2+COUNTIF(E30:E37,"=3")*3+COUNTIF(E30:E37,"3+VR")*3+COUNTIF(E30:E37,"3+VL")*3+COUNTIF(E30:E37,"VR+3")*3+COUNTIF(E30:E37,"VL+3")*3)+(COUNTIF(E42:E50,"=1")*1+COUNTIF(E42:E50,"1+VR")*1+COUNTIF(E42:E50,"1+VL")*1+COUNTIF(E42:E50,"1+VR+VL")*1+COUNTIF(E42:E50,"VR+1")*1+COUNTIF(E42:E50,"VL+1")*1+COUNTIF(E42:E50,"=2")*2+COUNTIF(E42:E50,"2+VR")*2+COUNTIF(E42:E50,"2+VL")*2+COUNTIF(E42:E50,"VR+2")*2+COUNTIF(E42:E50,"VL+2")*2+COUNTIF(E42:E50,"=3")*3+COUNTIF(E42:E50,"3+VR")*3+COUNTIF(E42:E50,"3+VL")*3+COUNTIF(E42:E50,"VR+3")*3+COUNTIF(E42:E50,"VL+3")*3)+(COUNTIF(E55:E63,"=1")*1+COUNTIF(E55:E63,"1+VR")*1+COUNTIF(E55:E63,"1+VL")*1+COUNTIF(E55:E63,"1+VR+VL")*1+COUNTIF(E55:E63,"VR+1")*1+COUNTIF(E55:E63,"VL+1")*1+COUNTIF(E55:E63,"=2")*2+COUNTIF(E55:E63,"2+VR")*2+COUNTIF(E55:E63,"2+VL")*2+COUNTIF(E55:E63,"VR+2")*2+COUNTIF(E55:E63,"VL+2")*2+COUNTIF(E55:E63,"=3")*3+COUNTIF(E55:E63,"3+VR")*3+COUNTIF(E55:E63,"3+VL")*3+COUNTIF(E55:E63,"VR+3")*3+COUNTIF(E55:E63,"VL+3")*3)+(COUNTIF(E68:E75,"=1")*1+COUNTIF(E68:E75,"1+VR")*1+COUNTIF(E68:E75,"1+VL")*1+COUNTIF(E68:E75,"1+VR+VL")*1+COUNTIF(E68:E75,"VR+1")*1+COUNTIF(E68:E75,"VL+1")*1+COUNTIF(E68:E75,"=2")*2+COUNTIF(E68:E75,"2+VR")*2+COUNTIF(E68:E75,"2+VL")*2+COUNTIF(E68:E75,"VR+2")*2+COUNTIF(E68:E75,"VL+2")*2+COUNTIF(E68:E75,"=3")*3+COUNTIF(E68:E75,"3+VR")*3+COUNTIF(E68:E75,"3+VL")*3+COUNTIF(E68:E75,"VR+3")*3+COUNTIF(E68:E75,"VL+3")*3)+(COUNTIF(E80:E83,"=1")*1+COUNTIF(E80:E83,"1+VR")*1+COUNTIF(E80:E83,"1+VL")*1+COUNTIF(E80:E83,"1+VR+VL")*1+COUNTIF(E80:E83,"VR+1")*1+COUNTIF(E80:E83,"VL+1")*1+COUNTIF(E80:E83,"=2")*2+COUNTIF(E80:E83,"2+VR")*2+COUNTIF(E80:E83,"2+VL")*2+COUNTIF(E80:E83,"VR+2")*2+COUNTIF(E80:E83,"VL+2")*2+COUNTIF(E80:E83,"=3")*3+COUNTIF(E80:E83,"3+VR")*3+COUNTIF(E80:E83,"3+VL")*3+COUNTIF(E80:E83,"VR+3")*3+COUNTIF(E80:E83,"VL+3")*3)+(COUNTIF(E88:E91,"=1")*1+COUNTIF(E88:E91,"1+VR")*1+COUNTIF(E88:E91,"1+VL")*1+COUNTIF(E88:E91,"1+VR+VL")*1+COUNTIF(E88:E91,"VR+1")*1+COUNTIF(E88:E91,"VL+1")*1+COUNTIF(E88:E91,"=2")*2+COUNTIF(E88:E91,"2+VR")*2+COUNTIF(E88:E91,"2+VL")*2+COUNTIF(E88:E91,"VR+2")*2+COUNTIF(E88:E91,"VL+2")*2+COUNTIF(E88:E91,"=3")*3+COUNTIF(E88:E91,"3+VR")*3+COUNTIF(E88:E91,"3+VL")*3+COUNTIF(E88:E91,"VR+3")*3+COUNTIF(E88:E91,"VL+3")*3)+(COUNTIF(E96:E105,"=1")*1+COUNTIF(E96:E105,"1+VR")*1+COUNTIF(E96:E105,"1+VL")*1+COUNTIF(E96:E105,"1+VR+VL")*1+COUNTIF(E96:E105,"VR+1")*1+COUNTIF(E96:E105,"VL+1")*1+COUNTIF(E96:E105,"=2")*2+COUNTIF(E96:E105,"2+VR")*2+COUNTIF(E96:E105,"2+VL")*2+COUNTIF(E96:E105,"VR+2")*2+COUNTIF(E96:E105,"VL+2")*2+COUNTIF(E96:E105,"=3")*3+COUNTIF(E96:E105,"3+VR")*3+COUNTIF(E96:E105,"3+VL")*3+COUNTIF(E96:E105,"VR+3")*3+COUNTIF(E96:E105,"VL+3")*3)+(COUNTIF(E110:E115,"=1")*1+COUNTIF(E110:E115,"1+VR")*1+COUNTIF(E110:E115,"1+VL")*1+COUNTIF(E110:E115,"1+VR+VL")*1+COUNTIF(E110:E115,"VR+1")*1+COUNTIF(E110:E115,"VL+1")*1+COUNTIF(E110:E115,"=2")*2+COUNTIF(E110:E115,"2+VR")*2+COUNTIF(E110:E115,"2+VL")*2+COUNTIF(E110:E115,"VR+2")*2+COUNTIF(E110:E115,"VL+2")*2+COUNTIF(E110:E115,"=3")*3+COUNTIF(E110:E115,"3+VR")*3+COUNTIF(E110:E115,"3+VL")*3+COUNTIF(E110:E115,"VR+3")*3+COUNTIF(E110:E115,"VL+3")*3)+(COUNTIF(E120:E125,"=1")*1+COUNTIF(E120:E125,"1+VR")*1+COUNTIF(E120:E125,"1+VL")*1+COUNTIF(E120:E125,"1+VR+VL")*1+COUNTIF(E120:E125,"VR+1")*1+COUNTIF(E120:E125,"VL+1")*1+COUNTIF(E120:E125,"=2")*2+COUNTIF(E120:E125,"2+VR")*2+COUNTIF(E120:E125,"2+VL")*2+COUNTIF(E120:E125,"VR+2")*2+COUNTIF(E120:E125,"VL+2")*2+COUNTIF(E120:E125,"=3")*3+COUNTIF(E120:E125,"3+VR")*3+COUNTIF(E120:E125,"3+VL")*3+COUNTIF(E120:E125,"VR+3")*3+COUNTIF(E120:E125,"VL+3")*3)+(COUNTIF(E130:E131,"=1")*1+COUNTIF(E130:E131,"1+VR")*1+COUNTIF(E130:E131,"1+VL")*1+COUNTIF(E130:E131,"1+VR+VL")*1+COUNTIF(E130:E131,"VR+1")*1+COUNTIF(E130:E131,"VL+1")*1+COUNTIF(E130:E131,"=2")*2+COUNTIF(E130:E131,"2+VR")*2+COUNTIF(E130:E131,"2+VL")*2+COUNTIF(E130:E131,"VR+2")*2+COUNTIF(E130:E131,"VL+2")*2+COUNTIF(E130:E131,"=3")*3+COUNTIF(E130:E131,"3+VR")*3+COUNTIF(E130:E131,"3+VL")*3+COUNTIF(E130:E131,"VR+3")*3+COUNTIF(E130:E131,"VL+3")*3)+(COUNTIF(E136:E137,"=1")*1+COUNTIF(E136:E137,"1+VR")*1+COUNTIF(E136:E137,"1+VL")*1+COUNTIF(E136:E137,"1+VR+VL")*1+COUNTIF(E136:E137,"VR+1")*1+COUNTIF(E136:E137,"VL+1")*1+COUNTIF(E136:E137,"=2")*2+COUNTIF(E136:E137,"2+VR")*2+COUNTIF(E136:E137,"2+VL")*2+COUNTIF(E136:E137,"VR+2")*2+COUNTIF(E136:E137,"VL+2")*2+COUNTIF(E136:E137,"=3")*3+COUNTIF(E136:E137,"3+VR")*3+COUNTIF(E136:E137,"3+VL")*3+COUNTIF(E136:E137,"VR+3")*3+COUNTIF(E136:E137,"VL+3")*3)+(COUNTIF(E142:E147,"=1")*1+COUNTIF(E142:E147,"1+VR")*1+COUNTIF(E142:E147,"1+VL")*1+COUNTIF(E142:E147,"1+VR+VL")*1+COUNTIF(E142:E147,"VR+1")*1+COUNTIF(E142:E147,"VL+1")*1+COUNTIF(E142:E147,"=2")*2+COUNTIF(E142:E147,"2+VR")*2+COUNTIF(E142:E147,"2+VL")*2+COUNTIF(E142:E147,"VR+2")*2+COUNTIF(E142:E147,"VL+2")*2+COUNTIF(E142:E147,"=3")*3+COUNTIF(E142:E147,"3+VR")*3+COUNTIF(E142:E147,"3+VL")*3+COUNTIF(E142:E147,"VR+3")*3+COUNTIF(E142:E147,"VL+3")*3)+(COUNTIF(E152:E156,"=1")*1+COUNTIF(E152:E156,"1+VR")*1+COUNTIF(E152:E156,"1+VL")*1+COUNTIF(E152:E156,"1+VR+VL")*1+COUNTIF(E152:E156,"VR+1")*1+COUNTIF(E152:E156,"VL+1")*1+COUNTIF(E152:E156,"=2")*2+COUNTIF(E152:E156,"2+VR")*2+COUNTIF(E152:E156,"2+VL")*2+COUNTIF(E152:E156,"VR+2")*2+COUNTIF(E152:E156,"VL+2")*2+COUNTIF(E152:E156,"=3")*3+COUNTIF(E152:E156,"3+VR")*3+COUNTIF(E152:E156,"3+VL")*3+COUNTIF(E152:E156,"VR+3")*3+COUNTIF(E152:E156,"VL+3")*3)+(COUNTIF(E161:E163,"=1")*1+COUNTIF(E161:E163,"1+VR")*1+COUNTIF(E161:E163,"1+VL")*1+COUNTIF(E161:E163,"1+VR+VL")*1+COUNTIF(E161:E163,"VR+1")*1+COUNTIF(E161:E163,"VL+1")*1+COUNTIF(E161:E163,"=2")*2+COUNTIF(E161:E163,"2+VR")*2+COUNTIF(E161:E163,"2+VL")*2+COUNTIF(E161:E163,"VR+2")*2+COUNTIF(E161:E163,"VL+2")*2+COUNTIF(E161:E163,"=3")*3+COUNTIF(E161:E163,"3+VR")*3+COUNTIF(E161:E163,"3+VL")*3+COUNTIF(E161:E163,"VR+3")*3+COUNTIF(E161:E163,"VL+3")*3)+(COUNTIF(E168:E168,"=1")*1+COUNTIF(E168:E168,"1+VR")*1+COUNTIF(E168:E168,"1+VL")*1+COUNTIF(E168:E168,"1+VR+VL")*1+COUNTIF(E168:E168,"VR+1")*1+COUNTIF(E168:E168,"VL+1")*1+COUNTIF(E168:E168,"=2")*2+COUNTIF(E168:E168,"2+VR")*2+COUNTIF(E168:E168,"2+VL")*2+COUNTIF(E168:E168,"VR+2")*2+COUNTIF(E168:E168,"VL+2")*2+COUNTIF(E168:E168,"=3")*3+COUNTIF(E168:E168,"3+VR")*3+COUNTIF(E168:E168,"3+VL")*3+COUNTIF(E168:E168,"VR+3")*3+COUNTIF(E168:E168,"VL+3")*3)+(COUNTIF(N8:N14,"=1")*1+COUNTIF(N8:N14,"1+VR")*1+COUNTIF(N8:N14,"1+VL")*1+COUNTIF(N8:N14,"1+VR+VL")*1+COUNTIF(N8:N14,"VR+1")*1+COUNTIF(N8:N14,"VL+1")*1+COUNTIF(N8:N14,"=2")*2+COUNTIF(N8:N14,"2+VR")*2+COUNTIF(N8:N14,"2+VL")*2+COUNTIF(N8:N14,"VR+2")*2+COUNTIF(N8:N14,"VL+2")*2+COUNTIF(N8:N14,"=3")*3+COUNTIF(N8:N14,"3+VR")*3+COUNTIF(N8:N14,"3+VL")*3+COUNTIF(N8:N14,"VR+3")*3+COUNTIF(N8:N14,"VL+3")*3)+(COUNTIF(N19:N25,"=1")*1+COUNTIF(N19:N25,"1+VR")*1+COUNTIF(N19:N25,"1+VL")*1+COUNTIF(N19:N25,"1+VR+VL")*1+COUNTIF(N19:N25,"VR+1")*1+COUNTIF(N19:N25,"VL+1")*1+COUNTIF(N19:N25,"=2")*2+COUNTIF(N19:N25,"2+VR")*2+COUNTIF(N19:N25,"2+VL")*2+COUNTIF(N19:N25,"VR+2")*2+COUNTIF(N19:N25,"VL+2")*2+COUNTIF(N19:N25,"=3")*3+COUNTIF(N19:N25,"3+VR")*3+COUNTIF(N19:N25,"3+VL")*3+COUNTIF(N19:N25,"VR+3")*3+COUNTIF(N19:N25,"VL+3")*3) -> 0 | F3: =(COUNTIF(F8:F16,"=1")*1+COUNTIF(F8:F16,"1+VR")*1+COUNTIF(F8:F16,"1+VL")*1+COUNTIF(F8:F16,"1+VR+VL")*1+COUNTIF(F8:F16,"VR+1")*1+COUNTIF(F8:F16,"VL+1")*1+COUNTIF(F8:F16,"=2")*2+COUNTIF(F8:F16,"2+VR")*2+COUNTIF(F8:F16,"2+VL")*2+COUNTIF(F8:F16,"VR+2")*2+COUNTIF(F8:F16,"VL+2")*2+COUNTIF(F8:F16,"=3")*3+COUNTIF(F8:F16,"3+VR")*3+COUNTIF(F8:F16,"3+VL")*3+COUNTIF(F8:F16,"VR+3")*3+COUNTIF(F8:F16,"VL+3")*3)+(COUNTIF(F21:F25,"=1")*1+COUNTIF(F21:F25,"1+VR")*1+COUNTIF(F21:F25,"1+VL")*1+COUNTIF(F21:F25,"1+VR+VL")*1+COUNTIF(F21:F25,"VR+1")*1+COUNTIF(F21:F25,"VL+1")*1+COUNTIF(F21:F25,"=2")*2+COUNTIF(F21:F25,"2+VR")*2+COUNTIF(F21:F25,"2+VL")*2+COUNTIF(F21:F25,"VR+2")*2+COUNTIF(F21:F25,"VL+2")*2+COUNTIF(F21:F25,"=3")*3+COUNTIF(F21:F25,"3+VR")*3+COUNTIF(F21:F25,"3+VL")*3+COUNTIF(F21:F25,"VR+3")*3+COUNTIF(F21:F25,"VL+3")*3)+(COUNTIF(F30:F37,"=1")*1+COUNTIF(F30:F37,"1+VR")*1+COUNTIF(F30:F37,"1+VL")*1+COUNTIF(F30:F37,"1+VR+VL")*1+COUNTIF(F30:F37,"VR+1")*1+COUNTIF(F30:F37,"VL+1")*1+COUNTIF(F30:F37,"=2")*2+COUNTIF(F30:F37,"2+VR")*2+COUNTIF(F30:F37,"2+VL")*2+COUNTIF(F30:F37,"VR+2")*2+COUNTIF(F30:F37,"VL+2")*2+COUNTIF(F30:F37,"=3")*3+COUNTIF(F30:F37,"3+VR")*3+COUNTIF(F30:F37,"3+VL")*3+COUNTIF(F30:F37,"VR+3")*3+COUNTIF(F30:F37,"VL+3")*3)+(COUNTIF(F42:F50,"=1")*1+COUNTIF(F42:F50,"1+VR")*1+COUNTIF(F42:F50,"1+VL")*1+COUNTIF(F42:F50,"1+VR+VL")*1+COUNTIF(F42:F50,"VR+1")*1+COUNTIF(F42:F50,"VL+1")*1+COUNTIF(F42:F50,"=2")*2+COUNTIF(F42:F50,"2+VR")*2+COUNTIF(F42:F50,"2+VL")*2+COUNTIF(F42:F50,"VR+2")*2+COUNTIF(F42:F50,"VL+2")*2+COUNTIF(F42:F50,"=3")*3+COUNTIF(F42:F50,"3+VR")*3+COUNTIF(F42:F50,"3+VL")*3+COUNTIF(F42:F50,"VR+3")*3+COUNTIF(F42:F50,"VL+3")*3)+(COUNTIF(F55:F63,"=1")*1+COUNTIF(F55:F63,"1+VR")*1+COUNTIF(F55:F63,"1+VL")*1+COUNTIF(F55:F63,"1+VR+VL")*1+COUNTIF(F55:F63,"VR+1")*1+COUNTIF(F55:F63,"VL+1")*1+COUNTIF(F55:F63,"=2")*2+COUNTIF(F55:F63,"2+VR")*2+COUNTIF(F55:F63,"2+VL")*2+COUNTIF(F55:F63,"VR+2")*2+COUNTIF(F55:F63,"VL+2")*2+COUNTIF(F55:F63,"=3")*3+COUNTIF(F55:F63,"3+VR")*3+COUNTIF(F55:F63,"3+VL")*3+COUNTIF(F55:F63,"VR+3")*3+COUNTIF(F55:F63,"VL+3")*3)+(COUNTIF(F68:F75,"=1")*1+COUNTIF(F68:F75,"1+VR")*1+COUNTIF(F68:F75,"1+VL")*1+COUNTIF(F68:F75,"1+VR+VL")*1+COUNTIF(F68:F75,"VR+1")*1+COUNTIF(F68:F75,"VL+1")*1+COUNTIF(F68:F75,"=2")*2+COUNTIF(F68:F75,"2+VR")*2+COUNTIF(F68:F75,"2+VL")*2+COUNTIF(F68:F75,"VR+2")*2+COUNTIF(F68:F75,"VL+2")*2+COUNTIF(F68:F75,"=3")*3+COUNTIF(F68:F75,"3+VR")*3+COUNTIF(F68:F75,"3+VL")*3+COUNTIF(F68:F75,"VR+3")*3+COUNTIF(F68:F75,"VL+3")*3)+(COUNTIF(F80:F83,"=1")*1+COUNTIF(F80:F83,"1+VR")*1+COUNTIF(F80:F83,"1+VL")*1+COUNTIF(F80:F83,"1+VR+VL")*1+COUNTIF(F80:F83,"VR+1")*1+COUNTIF(F80:F83,"VL+1")*1+COUNTIF(F80:F83,"=2")*2+COUNTIF(F80:F83,"2+VR")*2+COUNTIF(F80:F83,"2+VL")*2+COUNTIF(F80:F83,"VR+2")*2+COUNTIF(F80:F83,"VL+2")*2+COUNTIF(F80:F83,"=3")*3+COUNTIF(F80:F83,"3+VR")*3+COUNTIF(F80:F83,"3+VL")*3+COUNTIF(F80:F83,"VR+3")*3+COUNTIF(F80:F83,"VL+3")*3)+(COUNTIF(F88:F91,"=1")*1+COUNTIF(F88:F91,"1+VR")*1+COUNTIF(F88:F91,"1+VL")*1+COUNTIF(F88:F91,"1+VR+VL")*1+COUNTIF(F88:F91,"VR+1")*1+COUNTIF(F88:F91,"VL+1")*1+COUNTIF(F88:F91,"=2")*2+COUNTIF(F88:F91,"2+VR")*2+COUNTIF(F88:F91,"2+VL")*2+COUNTIF(F88:F91,"VR+2")*2+COUNTIF(F88:F91,"VL+2")*2+COUNTIF(F88:F91,"=3")*3+COUNTIF(F88:F91,"3+VR")*3+COUNTIF(F88:F91,"3+VL")*3+COUNTIF(F88:F91,"VR+3")*3+COUNTIF(F88:F91,"VL+3")*3)+(COUNTIF(F96:F105,"=1")*1+COUNTIF(F96:F105,"1+VR")*1+COUNTIF(F96:F105,"1+VL")*1+COUNTIF(F96:F105,"1+VR+VL")*1+COUNTIF(F96:F105,"VR+1")*1+COUNTIF(F96:F105,"VL+1")*1+COUNTIF(F96:F105,"=2")*2+COUNTIF(F96:F105,"2+VR")*2+COUNTIF(F96:F105,"2+VL")*2+COUNTIF(F96:F105,"VR+2")*2+COUNTIF(F96:F105,"VL+2")*2+COUNTIF(F96:F105,"=3")*3+COUNTIF(F96:F105,"3+VR")*3+COUNTIF(F96:F105,"3+VL")*3+COUNTIF(F96:F105,"VR+3")*3+COUNTIF(F96:F105,"VL+3")*3)+(COUNTIF(F110:F115,"=1")*1+COUNTIF(F110:F115,"1+VR")*1+COUNTIF(F110:F115,"1+VL")*1+COUNTIF(F110:F115,"1+VR+VL")*1+COUNTIF(F110:F115,"VR+1")*1+COUNTIF(F110:F115,"VL+1")*1+COUNTIF(F110:F115,"=2")*2+COUNTIF(F110:F115,"2+VR")*2+COUNTIF(F110:F115,"2+VL")*2+COUNTIF(F110:F115,"VR+2")*2+COUNTIF(F110:F115,"VL+2")*2+COUNTIF(F110:F115,"=3")*3+COUNTIF(F110:F115,"3+VR")*3+COUNTIF(F110:F115,"3+VL")*3+COUNTIF(F110:F115,"VR+3")*3+COUNTIF(F110:F115,"VL+3")*3)+(COUNTIF(F120:F125,"=1")*1+COUNTIF(F120:F125,"1+VR")*1+COUNTIF(F120:F125,"1+VL")*1+COUNTIF(F120:F125,"1+VR+VL")*1+COUNTIF(F120:F125,"VR+1")*1+COUNTIF(F120:F125,"VL+1")*1+COUNTIF(F120:F125,"=2")*2+COUNTIF(F120:F125,"2+VR")*2+COUNTIF(F120:F125,"2+VL")*2+COUNTIF(F120:F125,"VR+2")*2+COUNTIF(F120:F125,"VL+2")*2+COUNTIF(F120:F125,"=3")*3+COUNTIF(F120:F125,"3+VR")*3+COUNTIF(F120:F125,"3+VL")*3+COUNTIF(F120:F125,"VR+3")*3+COUNTIF(F120:F125,"VL+3")*3)+(COUNTIF(F130:F131,"=1")*1+COUNTIF(F130:F131,"1+VR")*1+COUNTIF(F130:F131,"1+VL")*1+COUNTIF(F130:F131,"1+VR+VL")*1+COUNTIF(F130:F131,"VR+1")*1+COUNTIF(F130:F131,"VL+1")*1+COUNTIF(F130:F131,"=2")*2+COUNTIF(F130:F131,"2+VR")*2+COUNTIF(F130:F131,"2+VL")*2+COUNTIF(F130:F131,"VR+2")*2+COUNTIF(F130:F131,"VL+2")*2+COUNTIF(F130:F131,"=3")*3+COUNTIF(F130:F131,"3+VR")*3+COUNTIF(F130:F131,"3+VL")*3+COUNTIF(F130:F131,"VR+3")*3+COUNTIF(F130:F131,"VL+3")*3)+(COUNTIF(F136:F137,"=1")*1+COUNTIF(F136:F137,"1+VR")*1+COUNTIF(F136:F137,"1+VL")*1+COUNTIF(F136:F137,"1+VR+VL")*1+COUNTIF(F136:F137,"VR+1")*1+COUNTIF(F136:F137,"VL+1")*1+COUNTIF(F136:F137,"=2")*2+COUNTIF(F136:F137,"2+VR")*2+COUNTIF(F136:F137,"2+VL")*2+COUNTIF(F136:F137,"VR+2")*2+COUNTIF(F136:F137,"VL+2")*2+COUNTIF(F136:F137,"=3")*3+COUNTIF(F136:F137,"3+VR")*3+COUNTIF(F136:F137,"3+VL")*3+COUNTIF(F136:F137,"VR+3")*3+COUNTIF(F136:F137,"VL+3")*3)+(COUNTIF(F142:F147,"=1")*1+COUNTIF(F142:F147,"1+VR")*1+COUNTIF(F142:F147,"1+VL")*1+COUNTIF(F142:F147,"1+VR+VL")*1+COUNTIF(F142:F147,"VR+1")*1+COUNTIF(F142:F147,"VL+1")*1+COUNTIF(F142:F147,"=2")*2+COUNTIF(F142:F147,"2+VR")*2+COUNTIF(F142:F147,"2+VL")*2+COUNTIF(F142:F147,"VR+2")*2+COUNTIF(F142:F147,"VL+2")*2+COUNTIF(F142:F147,"=3")*3+COUNTIF(F142:F147,"3+VR")*3+COUNTIF(F142:F147,"3+VL")*3+COUNTIF(F142:F147,"VR+3")*3+COUNTIF(F142:F147,"VL+3")*3)+(COUNTIF(F152:F156,"=1")*1+COUNTIF(F152:F156,"1+VR")*1+COUNTIF(F152:F156,"1+VL")*1+COUNTIF(F152:F156,"1+VR+VL")*1+COUNTIF(F152:F156,"VR+1")*1+COUNTIF(F152:F156,"VL+1")*1+COUNTIF(F152:F156,"=2")*2+COUNTIF(F152:F156,"2+VR")*2+COUNTIF(F152:F156,"2+VL")*2+COUNTIF(F152:F156,"VR+2")*2+COUNTIF(F152:F156,"VL+2")*2+COUNTIF(F152:F156,"=3")*3+COUNTIF(F152:F156,"3+VR")*3+COUNTIF(F152:F156,"3+VL")*3+COUNTIF(F152:F156,"VR+3")*3+COUNTIF(F152:F156,"VL+3")*3)+(COUNTIF(F161:F163,"=1")*1+COUNTIF(F161:F163,"1+VR")*1+COUNTIF(F161:F163,"1+VL")*1+COUNTIF(F161:F163,"1+VR+VL")*1+COUNTIF(F161:F163,"VR+1")*1+COUNTIF(F161:F163,"VL+1")*1+COUNTIF(F161:F163,"=2")*2+COUNTIF(F161:F163,"2+VR")*2+COUNTIF(F161:F163,"2+VL")*2+COUNTIF(F161:F163,"VR+2")*2+COUNTIF(F161:F163,"VL+2")*2+COUNTIF(F161:F163,"=3")*3+COUNTIF(F161:F163,"3+VR")*3+COUNTIF(F161:F163,"3+VL")*3+COUNTIF(F161:F163,"VR+3")*3+COUNTIF(F161:F163,"VL+3")*3)+(COUNTIF(F168:F168,"=1")*1+COUNTIF(F168:F168,"1+VR")*1+COUNTIF(F168:F168,"1+VL")*1+COUNTIF(F168:F168,"1+VR+VL")*1+COUNTIF(F168:F168,"VR+1")*1+COUNTIF(F168:F168,"VL+1")*1+COUNTIF(F168:F168,"=2")*2+COUNTIF(F168:F168,"2+VR")*2+COUNTIF(F168:F168,"2+VL")*2+COUNTIF(F168:F168,"VR+2")*2+COUNTIF(F168:F168,"VL+2")*2+COUNTIF(F168:F168,"=3")*3+COUNTIF(F168:F168,"3+VR")*3+COUNTIF(F168:F168,"3+VL")*3+COUNTIF(F168:F168,"VR+3")*3+COUNTIF(F168:F168,"VL+3")*3)+(COUNTIF(O8:O14,"=1")*1+COUNTIF(O8:O14,"1+VR")*1+COUNTIF(O8:O14,"1+VL")*1+COUNTIF(O8:O14,"1+VR+VL")*1+COUNTIF(O8:O14,"VR+1")*1+COUNTIF(O8:O14,"VL+1")*1+COUNTIF(O8:O14,"=2")*2+COUNTIF(O8:O14,"2+VR")*2+COUNTIF(O8:O14,"2+VL")*2+COUNTIF(O8:O14,"VR+2")*2+COUNTIF(O8:O14,"VL+2")*2+COUNTIF(O8:O14,"=3")*3+COUNTIF(O8:O14,"3+VR")*3+COUNTIF(O8:O14,"3+VL")*3+COUNTIF(O8:O14,"VR+3")*3+COUNTIF(O8:O14,"VL+3")*3)+(COUNTIF(O19:O25,"=1")*1+COUNTIF(O19:O25,"1+VR")*1+COUNTIF(O19:O25,"1+VL")*1+COUNTIF(O19:O25,"1+VR+VL")*1+COUNTIF(O19:O25,"VR+1")*1+COUNTIF(O19:O25,"VL+1")*1+COUNTIF(O19:O25,"=2")*2+COUNTIF(O19:O25,"2+VR")*2+COUNTIF(O19:O25,"2+VL")*2+COUNTIF(O19:O25,"VR+2")*2+COUNTIF(O19:O25,"VL+2")*2+COUNTIF(O19:O25,"=3")*3+COUNTIF(O19:O25,"3+VR")*3+COUNTIF(O19:O25,"3+VL")*3+COUNTIF(O19:O25,"VR+3")*3+COUNTIF(O19:O25,"VL+3")*3) -> 0 | G3: =(COUNTIF(G8:G16,"=1")*1+COUNTIF(G8:G16,"1+VR")*1+COUNTIF(G8:G16,"1+VL")*1+COUNTIF(G8:G16,"1+VR+VL")*1+COUNTIF(G8:G16,"VR+1")*1+COUNTIF(G8:G16,"VL+1")*1+COUNTIF(G8:G16,"=2")*2+COUNTIF(G8:G16,"2+VR")*2+COUNTIF(G8:G16,"2+VL")*2+COUNTIF(G8:G16,"VR+2")*2+COUNTIF(G8:G16,"VL+2")*2+COUNTIF(G8:G16,"=3")*3+COUNTIF(G8:G16,"3+VR")*3+COUNTIF(G8:G16,"3+VL")*3+COUNTIF(G8:G16,"VR+3")*3+COUNTIF(G8:G16,"VL+3")*3)+(COUNTIF(G21:G25,"=1")*1+COUNTIF(G21:G25,"1+VR")*1+COUNTIF(G21:G25,"1+VL")*1+COUNTIF(G21:G25,"1+VR+VL")*1+COUNTIF(G21:G25,"VR+1")*1+COUNTIF(G21:G25,"VL+1")*1+COUNTIF(G21:G25,"=2")*2+COUNTIF(G21:G25,"2+VR")*2+COUNTIF(G21:G25,"2+VL")*2+COUNTIF(G21:G25,"VR+2")*2+COUNTIF(G21:G25,"VL+2")*2+COUNTIF(G21:G25,"=3")*3+COUNTIF(G21:G25,"3+VR")*3+COUNTIF(G21:G25,"3+VL")*3+COUNTIF(G21:G25,"VR+3")*3+COUNTIF(G21:G25,"VL+3")*3)+(COUNTIF(G30:G37,"=1")*1+COUNTIF(G30:G37,"1+VR")*1+COUNTIF(G30:G37,"1+VL")*1+COUNTIF(G30:G37,"1+VR+VL")*1+COUNTIF(G30:G37,"VR+1")*1+COUNTIF(G30:G37,"VL+1")*1+COUNTIF(G30:G37,"=2")*2+COUNTIF(G30:G37,"2+VR")*2+COUNTIF(G30:G37,"2+VL")*2+COUNTIF(G30:G37,"VR+2")*2+COUNTIF(G30:G37,"VL+2")*2+COUNTIF(G30:G37,"=3")*3+COUNTIF(G30:G37,"3+VR")*3+COUNTIF(G30:G37,"3+VL")*3+COUNTIF(G30:G37,"VR+3")*3+COUNTIF(G30:G37,"VL+3")*3)+(COUNTIF(G42:G50,"=1")*1+COUNTIF(G42:G50,"1+VR")*1+COUNTIF(G42:G50,"1+VL")*1+COUNTIF(G42:G50,"1+VR+VL")*1+COUNTIF(G42:G50,"VR+1")*1+COUNTIF(G42:G50,"VL+1")*1+COUNTIF(G42:G50,"=2")*2+COUNTIF(G42:G50,"2+VR")*2+COUNTIF(G42:G50,"2+VL")*2+COUNTIF(G42:G50,"VR+2")*2+COUNTIF(G42:G50,"VL+2")*2+COUNTIF(G42:G50,"=3")*3+COUNTIF(G42:G50,"3+VR")*3+COUNTIF(G42:G50,"3+VL")*3+COUNTIF(G42:G50,"VR+3")*3+COUNTIF(G42:G50,"VL+3")*3)+(COUNTIF(G55:G63,"=1")*1+COUNTIF(G55:G63,"1+VR")*1+COUNTIF(G55:G63,"1+VL")*1+COUNTIF(G55:G63,"1+VR+VL")*1+COUNTIF(G55:G63,"VR+1")*1+COUNTIF(G55:G63,"VL+1")*1+COUNTIF(G55:G63,"=2")*2+COUNTIF(G55:G63,"2+VR")*2+COUNTIF(G55:G63,"2+VL")*2+COUNTIF(G55:G63,"VR+2")*2+COUNTIF(G55:G63,"VL+2")*2+COUNTIF(G55:G63,"=3")*3+COUNTIF(G55:G63,"3+VR")*3+COUNTIF(G55:G63,"3+VL")*3+COUNTIF(G55:G63,"VR+3")*3+COUNTIF(G55:G63,"VL+3")*3)+(COUNTIF(G68:G75,"=1")*1+COUNTIF(G68:G75,"1+VR")*1+COUNTIF(G68:G75,"1+VL")*1+COUNTIF(G68:G75,"1+VR+VL")*1+COUNTIF(G68:G75,"VR+1")*1+COUNTIF(G68:G75,"VL+1")*1+COUNTIF(G68:G75,"=2")*2+COUNTIF(G68:G75,"2+VR")*2+COUNTIF(G68:G75,"2+VL")*2+COUNTIF(G68:G75,"VR+2")*2+COUNTIF(G68:G75,"VL+2")*2+COUNTIF(G68:G75,"=3")*3+COUNTIF(G68:G75,"3+VR")*3+COUNTIF(G68:G75,"3+VL")*3+COUNTIF(G68:G75,"VR+3")*3+COUNTIF(G68:G75,"VL+3")*3)+(COUNTIF(G80:G83,"=1")*1+COUNTIF(G80:G83,"1+VR")*1+COUNTIF(G80:G83,"1+VL")*1+COUNTIF(G80:G83,"1+VR+VL")*1+COUNTIF(G80:G83,"VR+1")*1+COUNTIF(G80:G83,"VL+1")*1+COUNTIF(G80:G83,"=2")*2+COUNTIF(G80:G83,"2+VR")*2+COUNTIF(G80:G83,"2+VL")*2+COUNTIF(G80:G83,"VR+2")*2+COUNTIF(G80:G83,"VL+2")*2+COUNTIF(G80:G83,"=3")*3+COUNTIF(G80:G83,"3+VR")*3+COUNTIF(G80:G83,"3+VL")*3+COUNTIF(G80:G83,"VR+3")*3+COUNTIF(G80:G83,"VL+3")*3)+(COUNTIF(G88:G91,"=1")*1+COUNTIF(G88:G91,"1+VR")*1+COUNTIF(G88:G91,"1+VL")*1+COUNTIF(G88:G91,"1+VR+VL")*1+COUNTIF(G88:G91,"VR+1")*1+COUNTIF(G88:G91,"VL+1")*1+COUNTIF(G88:G91,"=2")*2+COUNTIF(G88:G91,"2+VR")*2+COUNTIF(G88:G91,"2+VL")*2+COUNTIF(G88:G91,"VR+2")*2+COUNTIF(G88:G91,"VL+2")*2+COUNTIF(G88:G91,"=3")*3+COUNTIF(G88:G91,"3+VR")*3+COUNTIF(G88:G91,"3+VL")*3+COUNTIF(G88:G91,"VR+3")*3+COUNTIF(G88:G91,"VL+3")*3)+(COUNTIF(G96:G105,"=1")*1+COUNTIF(G96:G105,"1+VR")*1+COUNTIF(G96:G105,"1+VL")*1+COUNTIF(G96:G105,"1+VR+VL")*1+COUNTIF(G96:G105,"VR+1")*1+COUNTIF(G96:G105,"VL+1")*1+COUNTIF(G96:G105,"=2")*2+COUNTIF(G96:G105,"2+VR")*2+COUNTIF(G96:G105,"2+VL")*2+COUNTIF(G96:G105,"VR+2")*2+COUNTIF(G96:G105,"VL+2")*2+COUNTIF(G96:G105,"=3")*3+COUNTIF(G96:G105,"3+VR")*3+COUNTIF(G96:G105,"3+VL")*3+COUNTIF(G96:G105,"VR+3")*3+COUNTIF(G96:G105,"VL+3")*3)+(COUNTIF(G110:G115,"=1")*1+COUNTIF(G110:G115,"1+VR")*1+COUNTIF(G110:G115,"1+VL")*1+COUNTIF(G110:G115,"1+VR+VL")*1+COUNTIF(G110:G115,"VR+1")*1+COUNTIF(G110:G115,"VL+1")*1+COUNTIF(G110:G115,"=2")*2+COUNTIF(G110:G115,"2+VR")*2+COUNTIF(G110:G115,"2+VL")*2+COUNTIF(G110:G115,"VR+2")*2+COUNTIF(G110:G115,"VL+2")*2+COUNTIF(G110:G115,"=3")*3+COUNTIF(G110:G115,"3+VR")*3+COUNTIF(G110:G115,"3+VL")*3+COUNTIF(G110:G115,"VR+3")*3+COUNTIF(G110:G115,"VL+3")*3)+(COUNTIF(G120:G125,"=1")*1+COUNTIF(G120:G125,"1+VR")*1+COUNTIF(G120:G125,"1+VL")*1+COUNTIF(G120:G125,"1+VR+VL")*1+COUNTIF(G120:G125,"VR+1")*1+COUNTIF(G120:G125,"VL+1")*1+COUNTIF(G120:G125,"=2")*2+COUNTIF(G120:G125,"2+VR")*2+COUNTIF(G120:G125,"2+VL")*2+COUNTIF(G120:G125,"VR+2")*2+COUNTIF(G120:G125,"VL+2")*2+COUNTIF(G120:G125,"=3")*3+COUNTIF(G120:G125,"3+VR")*3+COUNTIF(G120:G125,"3+VL")*3+COUNTIF(G120:G125,"VR+3")*3+COUNTIF(G120:G125,"VL+3")*3)+(COUNTIF(G130:G131,"=1")*1+COUNTIF(G130:G131,"1+VR")*1+COUNTIF(G130:G131,"1+VL")*1+COUNTIF(G130:G131,"1+VR+VL")*1+COUNTIF(G130:G131,"VR+1")*1+COUNTIF(G130:G131,"VL+1")*1+COUNTIF(G130:G131,"=2")*2+COUNTIF(G130:G131,"2+VR")*2+COUNTIF(G130:G131,"2+VL")*2+COUNTIF(G130:G131,"VR+2")*2+COUNTIF(G130:G131,"VL+2")*2+COUNTIF(G130:G131,"=3")*3+COUNTIF(G130:G131,"3+VR")*3+COUNTIF(G130:G131,"3+VL")*3+COUNTIF(G130:G131,"VR+3")*3+COUNTIF(G130:G131,"VL+3")*3)+(COUNTIF(G136:G137,"=1")*1+COUNTIF(G136:G137,"1+VR")*1+COUNTIF(G136:G137,"1+VL")*1+COUNTIF(G136:G137,"1+VR+VL")*1+COUNTIF(G136:G137,"VR+1")*1+COUNTIF(G136:G137,"VL+1")*1+COUNTIF(G136:G137,"=2")*2+COUNTIF(G136:G137,"2+VR")*2+COUNTIF(G136:G137,"2+VL")*2+COUNTIF(G136:G137,"VR+2")*2+COUNTIF(G136:G137,"VL+2")*2+COUNTIF(G136:G137,"=3")*3+COUNTIF(G136:G137,"3+VR")*3+COUNTIF(G136:G137,"3+VL")*3+COUNTIF(G136:G137,"VR+3")*3+COUNTIF(G136:G137,"VL+3")*3)+(COUNTIF(G142:G147,"=1")*1+COUNTIF(G142:G147,"1+VR")*1+COUNTIF(G142:G147,"1+VL")*1+COUNTIF(G142:G147,"1+VR+VL")*1+COUNTIF(G142:G147,"VR+1")*1+COUNTIF(G142:G147,"VL+1")*1+COUNTIF(G142:G147,"=2")*2+COUNTIF(G142:G147,"2+VR")*2+COUNTIF(G142:G147,"2+VL")*2+COUNTIF(G142:G147,"VR+2")*2+COUNTIF(G142:G147,"VL+2")*2+COUNTIF(G142:G147,"=3")*3+COUNTIF(G142:G147,"3+VR")*3+COUNTIF(G142:G147,"3+VL")*3+COUNTIF(G142:G147,"VR+3")*3+COUNTIF(G142:G147,"VL+3")*3)+(COUNTIF(G152:G156,"=1")*1+COUNTIF(G152:G156,"1+VR")*1+COUNTIF(G152:G156,"1+VL")*1+COUNTIF(G152:G156,"1+VR+VL")*1+COUNTIF(G152:G156,"VR+1")*1+COUNTIF(G152:G156,"VL+1")*1+COUNTIF(G152:G156,"=2")*2+COUNTIF(G152:G156,"2+VR")*2+COUNTIF(G152:G156,"2+VL")*2+COUNTIF(G152:G156,"VR+2")*2+COUNTIF(G152:G156,"VL+2")*2+COUNTIF(G152:G156,"=3")*3+COUNTIF(G152:G156,"3+VR")*3+COUNTIF(G152:G156,"3+VL")*3+COUNTIF(G152:G156,"VR+3")*3+COUNTIF(G152:G156,"VL+3")*3)+(COUNTIF(G161:G163,"=1")*1+COUNTIF(G161:G163,"1+VR")*1+COUNTIF(G161:G163,"1+VL")*1+COUNTIF(G161:G163,"1+VR+VL")*1+COUNTIF(G161:G163,"VR+1")*1+COUNTIF(G161:G163,"VL+1")*1+COUNTIF(G161:G163,"=2")*2+COUNTIF(G161:G163,"2+VR")*2+COUNTIF(G161:G163,"2+VL")*2+COUNTIF(G161:G163,"VR+2")*2+COUNTIF(G161:G163,"VL+2")*2+COUNTIF(G161:G163,"=3")*3+COUNTIF(G161:G163,"3+VR")*3+COUNTIF(G161:G163,"3+VL")*3+COUNTIF(G161:G163,"VR+3")*3+COUNTIF(G161:G163,"VL+3")*3)+(COUNTIF(G168:G168,"=1")*1+COUNTIF(G168:G168,"1+VR")*1+COUNTIF(G168:G168,"1+VL")*1+COUNTIF(G168:G168,"1+VR+VL")*1+COUNTIF(G168:G168,"VR+1")*1+COUNTIF(G168:G168,"VL+1")*1+COUNTIF(G168:G168,"=2")*2+COUNTIF(G168:G168,"2+VR")*2+COUNTIF(G168:G168,"2+VL")*2+COUNTIF(G168:G168,"VR+2")*2+COUNTIF(G168:G168,"VL+2")*2+COUNTIF(G168:G168,"=3")*3+COUNTIF(G168:G168,"3+VR")*3+COUNTIF(G168:G168,"3+VL")*3+COUNTIF(G168:G168,"VR+3")*3+COUNTIF(G168:G168,"VL+3")*3)+(COUNTIF(P8:P14,"=1")*1+COUNTIF(P8:P14,"1+VR")*1+COUNTIF(P8:P14,"1+VL")*1+COUNTIF(P8:P14,"1+VR+VL")*1+COUNTIF(P8:P14,"VR+1")*1+COUNTIF(P8:P14,"VL+1")*1+COUNTIF(P8:P14,"=2")*2+COUNTIF(P8:P14,"2+VR")*2+COUNTIF(P8:P14,"2+VL")*2+COUNTIF(P8:P14,"VR+2")*2+COUNTIF(P8:P14,"VL+2")*2+COUNTIF(P8:P14,"=3")*3+COUNTIF(P8:P14,"3+VR")*3+COUNTIF(P8:P14,"3+VL")*3+COUNTIF(P8:P14,"VR+3")*3+COUNTIF(P8:P14,"VL+3")*3)+(COUNTIF(P19:P25,"=1")*1+COUNTIF(P19:P25,"1+VR")*1+COUNTIF(P19:P25,"1+VL")*1+COUNTIF(P19:P25,"1+VR+VL")*1+COUNTIF(P19:P25,"VR+1")*1+COUNTIF(P19:P25,"VL+1")*1+COUNTIF(P19:P25,"=2")*2+COUNTIF(P19:P25,"2+VR")*2+COUNTIF(P19:P25,"2+VL")*2+COUNTIF(P19:P25,"VR+2")*2+COUNTIF(P19:P25,"VL+2")*2+COUNTIF(P19:P25,"=3")*3+COUNTIF(P19:P25,"3+VR")*3+COUNTIF(P19:P25,"3+VL")*3+COUNTIF(P19:P25,"VR+3")*3+COUNTIF(P19:P25,"VL+3")*3) -> 0 | H3: =(COUNTIF(H8:H16,"=1")*1+COUNTIF(H8:H16,"1+VR")*1+COUNTIF(H8:H16,"1+VL")*1+COUNTIF(H8:H16,"1+VR+VL")*1+COUNTIF(H8:H16,"VR+1")*1+COUNTIF(H8:H16,"VL+1")*1+COUNTIF(H8:H16,"=2")*2+COUNTIF(H8:H16,"2+VR")*2+COUNTIF(H8:H16,"2+VL")*2+COUNTIF(H8:H16,"VR+2")*2+COUNTIF(H8:H16,"VL+2")*2+COUNTIF(H8:H16,"=3")*3+COUNTIF(H8:H16,"3+VR")*3+COUNTIF(H8:H16,"3+VL")*3+COUNTIF(H8:H16,"VR+3")*3+COUNTIF(H8:H16,"VL+3")*3)+(COUNTIF(H21:H25,"=1")*1+COUNTIF(H21:H25,"1+VR")*1+COUNTIF(H21:H25,"1+VL")*1+COUNTIF(H21:H25,"1+VR+VL")*1+COUNTIF(H21:H25,"VR+1")*1+COUNTIF(H21:H25,"VL+1")*1+COUNTIF(H21:H25,"=2")*2+COUNTIF(H21:H25,"2+VR")*2+COUNTIF(H21:H25,"2+VL")*2+COUNTIF(H21:H25,"VR+2")*2+COUNTIF(H21:H25,"VL+2")*2+COUNTIF(H21:H25,"=3")*3+COUNTIF(H21:H25,"3+VR")*3+COUNTIF(H21:H25,"3+VL")*3+COUNTIF(H21:H25,"VR+3")*3+COUNTIF(H21:H25,"VL+3")*3)+(COUNTIF(H30:H37,"=1")*1+COUNTIF(H30:H37,"1+VR")*1+COUNTIF(H30:H37,"1+VL")*1+COUNTIF(H30:H37,"1+VR+VL")*1+COUNTIF(H30:H37,"VR+1")*1+COUNTIF(H30:H37,"VL+1")*1+COUNTIF(H30:H37,"=2")*2+COUNTIF(H30:H37,"2+VR")*2+COUNTIF(H30:H37,"2+VL")*2+COUNTIF(H30:H37,"VR+2")*2+COUNTIF(H30:H37,"VL+2")*2+COUNTIF(H30:H37,"=3")*3+COUNTIF(H30:H37,"3+VR")*3+COUNTIF(H30:H37,"3+VL")*3+COUNTIF(H30:H37,"VR+3")*3+COUNTIF(H30:H37,"VL+3")*3)+(COUNTIF(H42:H50,"=1")*1+COUNTIF(H42:H50,"1+VR")*1+COUNTIF(H42:H50,"1+VL")*1+COUNTIF(H42:H50,"1+VR+VL")*1+COUNTIF(H42:H50,"VR+1")*1+COUNTIF(H42:H50,"VL+1")*1+COUNTIF(H42:H50,"=2")*2+COUNTIF(H42:H50,"2+VR")*2+COUNTIF(H42:H50,"2+VL")*2+COUNTIF(H42:H50,"VR+2")*2+COUNTIF(H42:H50,"VL+2")*2+COUNTIF(H42:H50,"=3")*3+COUNTIF(H42:H50,"3+VR")*3+COUNTIF(H42:H50,"3+VL")*3+COUNTIF(H42:H50,"VR+3")*3+COUNTIF(H42:H50,"VL+3")*3)+(COUNTIF(H55:H63,"=1")*1+COUNTIF(H55:H63,"1+VR")*1+COUNTIF(H55:H63,"1+VL")*1+COUNTIF(H55:H63,"1+VR+VL")*1+COUNTIF(H55:H63,"VR+1")*1+COUNTIF(H55:H63,"VL+1")*1+COUNTIF(H55:H63,"=2")*2+COUNTIF(H55:H63,"2+VR")*2+COUNTIF(H55:H63,"2+VL")*2+COUNTIF(H55:H63,"VR+2")*2+COUNTIF(H55:H63,"VL+2")*2+COUNTIF(H55:H63,"=3")*3+COUNTIF(H55:H63,"3+VR")*3+COUNTIF(H55:H63,"3+VL")*3+COUNTIF(H55:H63,"VR+3")*3+COUNTIF(H55:H63,"VL+3")*3)+(COUNTIF(H68:H75,"=1")*1+COUNTIF(H68:H75,"1+VR")*1+COUNTIF(H68:H75,"1+VL")*1+COUNTIF(H68:H75,"1+VR+VL")*1+COUNTIF(H68:H75,"VR+1")*1+COUNTIF(H68:H75,"VL+1")*1+COUNTIF(H68:H75,"=2")*2+COUNTIF(H68:H75,"2+VR")*2+COUNTIF(H68:H75,"2+VL")*2+COUNTIF(H68:H75,"VR+2")*2+COUNTIF(H68:H75,"VL+2")*2+COUNTIF(H68:H75,"=3")*3+COUNTIF(H68:H75,"3+VR")*3+COUNTIF(H68:H75,"3+VL")*3+COUNTIF(H68:H75,"VR+3")*3+COUNTIF(H68:H75,"VL+3")*3)+(COUNTIF(H80:H83,"=1")*1+COUNTIF(H80:H83,"1+VR")*1+COUNTIF(H80:H83,"1+VL")*1+COUNTIF(H80:H83,"1+VR+VL")*1+COUNTIF(H80:H83,"VR+1")*1+COUNTIF(H80:H83,"VL+1")*1+COUNTIF(H80:H83,"=2")*2+COUNTIF(H80:H83,"2+VR")*2+COUNTIF(H80:H83,"2+VL")*2+COUNTIF(H80:H83,"VR+2")*2+COUNTIF(H80:H83,"VL+2")*2+COUNTIF(H80:H83,"=3")*3+COUNTIF(H80:H83,"3+VR")*3+COUNTIF(H80:H83,"3+VL")*3+COUNTIF(H80:H83,"VR+3")*3+COUNTIF(H80:H83,"VL+3")*3)+(COUNTIF(H88:H91,"=1")*1+COUNTIF(H88:H91,"1+VR")*1+COUNTIF(H88:H91,"1+VL")*1+COUNTIF(H88:H91,"1+VR+VL")*1+COUNTIF(H88:H91,"VR+1")*1+COUNTIF(H88:H91,"VL+1")*1+COUNTIF(H88:H91,"=2")*2+COUNTIF(H88:H91,"2+VR")*2+COUNTIF(H88:H91,"2+VL")*2+COUNTIF(H88:H91,"VR+2")*2+COUNTIF(H88:H91,"VL+2")*2+COUNTIF(H88:H91,"=3")*3+COUNTIF(H88:H91,"3+VR")*3+COUNTIF(H88:H91,"3+VL")*3+COUNTIF(H88:H91,"VR+3")*3+COUNTIF(H88:H91,"VL+3")*3)+(COUNTIF(H96:H105,"=1")*1+COUNTIF(H96:H105,"1+VR")*1+COUNTIF(H96:H105,"1+VL")*1+COUNTIF(H96:H105,"1+VR+VL")*1+COUNTIF(H96:H105,"VR+1")*1+COUNTIF(H96:H105,"VL+1")*1+COUNTIF(H96:H105,"=2")*2+COUNTIF(H96:H105,"2+VR")*2+COUNTIF(H96:H105,"2+VL")*2+COUNTIF(H96:H105,"VR+2")*2+COUNTIF(H96:H105,"VL+2")*2+COUNTIF(H96:H105,"=3")*3+COUNTIF(H96:H105,"3+VR")*3+COUNTIF(H96:H105,"3+VL")*3+COUNTIF(H96:H105,"VR+3")*3+COUNTIF(H96:H105,"VL+3")*3)+(COUNTIF(H110:H115,"=1")*1+COUNTIF(H110:H115,"1+VR")*1+COUNTIF(H110:H115,"1+VL")*1+COUNTIF(H110:H115,"1+VR+VL")*1+COUNTIF(H110:H115,"VR+1")*1+COUNTIF(H110:H115,"VL+1")*1+COUNTIF(H110:H115,"=2")*2+COUNTIF(H110:H115,"2+VR")*2+COUNTIF(H110:H115,"2+VL")*2+COUNTIF(H110:H115,"VR+2")*2+COUNTIF(H110:H115,"VL+2")*2+COUNTIF(H110:H115,"=3")*3+COUNTIF(H110:H115,"3+VR")*3+COUNTIF(H110:H115,"3+VL")*3+COUNTIF(H110:H115,"VR+3")*3+COUNTIF(H110:H115,"VL+3")*3)+(COUNTIF(H120:H125,"=1")*1+COUNTIF(H120:H125,"1+VR")*1+COUNTIF(H120:H125,"1+VL")*1+COUNTIF(H120:H125,"1+VR+VL")*1+COUNTIF(H120:H125,"VR+1")*1+COUNTIF(H120:H125,"VL+1")*1+COUNTIF(H120:H125,"=2")*2+COUNTIF(H120:H125,"2+VR")*2+COUNTIF(H120:H125,"2+VL")*2+COUNTIF(H120:H125,"VR+2")*2+COUNTIF(H120:H125,"VL+2")*2+COUNTIF(H120:H125,"=3")*3+COUNTIF(H120:H125,"3+VR")*3+COUNTIF(H120:H125,"3+VL")*3+COUNTIF(H120:H125,"VR+3")*3+COUNTIF(H120:H125,"VL+3")*3)+(COUNTIF(H130:H131,"=1")*1+COUNTIF(H130:H131,"1+VR")*1+COUNTIF(H130:H131,"1+VL")*1+COUNTIF(H130:H131,"1+VR+VL")*1+COUNTIF(H130:H131,"VR+1")*1+COUNTIF(H130:H131,"VL+1")*1+COUNTIF(H130:H131,"=2")*2+COUNTIF(H130:H131,"2+VR")*2+COUNTIF(H130:H131,"2+VL")*2+COUNTIF(H130:H131,"VR+2")*2+COUNTIF(H130:H131,"VL+2")*2+COUNTIF(H130:H131,"=3")*3+COUNTIF(H130:H131,"3+VR")*3+COUNTIF(H130:H131,"3+VL")*3+COUNTIF(H130:H131,"VR+3")*3+COUNTIF(H130:H131,"VL+3")*3)+(COUNTIF(H136:H137,"=1")*1+COUNTIF(H136:H137,"1+VR")*1+COUNTIF(H136:H137,"1+VL")*1+COUNTIF(H136:H137,"1+VR+VL")*1+COUNTIF(H136:H137,"VR+1")*1+COUNTIF(H136:H137,"VL+1")*1+COUNTIF(H136:H137,"=2")*2+COUNTIF(H136:H137,"2+VR")*2+COUNTIF(H136:H137,"2+VL")*2+COUNTIF(H136:H137,"VR+2")*2+COUNTIF(H136:H137,"VL+2")*2+COUNTIF(H136:H137,"=3")*3+COUNTIF(H136:H137,"3+VR")*3+COUNTIF(H136:H137,"3+VL")*3+COUNTIF(H136:H137,"VR+3")*3+COUNTIF(H136:H137,"VL+3")*3)+(COUNTIF(H142:H147,"=1")*1+COUNTIF(H142:H147,"1+VR")*1+COUNTIF(H142:H147,"1+VL")*1+COUNTIF(H142:H147,"1+VR+VL")*1+COUNTIF(H142:H147,"VR+1")*1+COUNTIF(H142:H147,"VL+1")*1+COUNTIF(H142:H147,"=2")*2+COUNTIF(H142:H147,"2+VR")*2+COUNTIF(H142:H147,"2+VL")*2+COUNTIF(H142:H147,"VR+2")*2+COUNTIF(H142:H147,"VL+2")*2+COUNTIF(H142:H147,"=3")*3+COUNTIF(H142:H147,"3+VR")*3+COUNTIF(H142:H147,"3+VL")*3+COUNTIF(H142:H147,"VR+3")*3+COUNTIF(H142:H147,"VL+3")*3)+(COUNTIF(H152:H156,"=1")*1+COUNTIF(H152:H156,"1+VR")*1+COUNTIF(H152:H156,"1+VL")*1+COUNTIF(H152:H156,"1+VR+VL")*1+COUNTIF(H152:H156,"VR+1")*1+COUNTIF(H152:H156,"VL+1")*1+COUNTIF(H152:H156,"=2")*2+COUNTIF(H152:H156,"2+VR")*2+COUNTIF(H152:H156,"2+VL")*2+COUNTIF(H152:H156,"VR+2")*2+COUNTIF(H152:H156,"VL+2")*2+COUNTIF(H152:H156,"=3")*3+COUNTIF(H152:H156,"3+VR")*3+COUNTIF(H152:H156,"3+VL")*3+COUNTIF(H152:H156,"VR+3")*3+COUNTIF(H152:H156,"VL+3")*3)+(COUNTIF(H161:H163,"=1")*1+COUNTIF(H161:H163,"1+VR")*1+COUNTIF(H161:H163,"1+VL")*1+COUNTIF(H161:H163,"1+VR+VL")*1+COUNTIF(H161:H163,"VR+1")*1+COUNTIF(H161:H163,"VL+1")*1+COUNTIF(H161:H163,"=2")*2+COUNTIF(H161:H163,"2+VR")*2+COUNTIF(H161:H163,"2+VL")*2+COUNTIF(H161:H163,"VR+2")*2+COUNTIF(H161:H163,"VL+2")*2+COUNTIF(H161:H163,"=3")*3+COUNTIF(H161:H163,"3+VR")*3+COUNTIF(H161:H163,"3+VL")*3+COUNTIF(H161:H163,"VR+3")*3+COUNTIF(H161:H163,"VL+3")*3)+(COUNTIF(H168:H168,"=1")*1+COUNTIF(H168:H168,"1+VR")*1+COUNTIF(H168:H168,"1+VL")*1+COUNTIF(H168:H168,"1+VR+VL")*1+COUNTIF(H168:H168,"VR+1")*1+COUNTIF(H168:H168,"VL+1")*1+COUNTIF(H168:H168,"=2")*2+COUNTIF(H168:H168,"2+VR")*2+COUNTIF(H168:H168,"2+VL")*2+COUNTIF(H168:H168,"VR+2")*2+COUNTIF(H168:H168,"VL+2")*2+COUNTIF(H168:H168,"=3")*3+COUNTIF(H168:H168,"3+VR")*3+COUNTIF(H168:H168,"3+VL")*3+COUNTIF(H168:H168,"VR+3")*3+COUNTIF(H168:H168,"VL+3")*3)+(COUNTIF(Q8:Q14,"=1")*1+COUNTIF(Q8:Q14,"1+VR")*1+COUNTIF(Q8:Q14,"1+VL")*1+COUNTIF(Q8:Q14,"1+VR+VL")*1+COUNTIF(Q8:Q14,"VR+1")*1+COUNTIF(Q8:Q14,"VL+1")*1+COUNTIF(Q8:Q14,"=2")*2+COUNTIF(Q8:Q14,"2+VR")*2+COUNTIF(Q8:Q14,"2+VL")*2+COUNTIF(Q8:Q14,"VR+2")*2+COUNTIF(Q8:Q14,"VL+2")*2+COUNTIF(Q8:Q14,"=3")*3+COUNTIF(Q8:Q14,"3+VR")*3+COUNTIF(Q8:Q14,"3+VL")*3+COUNTIF(Q8:Q14,"VR+3")*3+COUNTIF(Q8:Q14,"VL+3")*3)+(COUNTIF(Q19:Q25,"=1")*1+COUNTIF(Q19:Q25,"1+VR")*1+COUNTIF(Q19:Q25,"1+VL")*1+COUNTIF(Q19:Q25,"1+VR+VL")*1+COUNTIF(Q19:Q25,"VR+1")*1+COUNTIF(Q19:Q25,"VL+1")*1+COUNTIF(Q19:Q25,"=2")*2+COUNTIF(Q19:Q25,"2+VR")*2+COUNTIF(Q19:Q25,"2+VL")*2+COUNTIF(Q19:Q25,"VR+2")*2+COUNTIF(Q19:Q25,"VL+2")*2+COUNTIF(Q19:Q25,"=3")*3+COUNTIF(Q19:Q25,"3+VR")*3+COUNTIF(Q19:Q25,"3+VL")*3+COUNTIF(Q19:Q25,"VR+3")*3+COUNTIF(Q19:Q25,"VL+3")*3) -> 1
A4: VR | B4: =(COUNTIF(B8:B16,"=VR")+COUNTIF(B8:B16,"1+VR")+COUNTIF(B8:B16,"2+VR")+COUNTIF(B8:B16,"3+VR")+COUNTIF(B8:B16,"VR+1")+COUNTIF(B8:B16,"VR+2")+COUNTIF(B8:B16,"VR+3")+COUNTIF(B8:B16,"1+VR+VL")+COUNTIF(B8:B16,"VR+VL+1"))+(COUNTIF(B21:B25,"=VR")+COUNTIF(B21:B25,"1+VR")+COUNTIF(B21:B25,"2+VR")+COUNTIF(B21:B25,"3+VR")+COUNTIF(B21:B25,"VR+1")+COUNTIF(B21:B25,"VR+2")+COUNTIF(B21:B25,"VR+3")+COUNTIF(B21:B25,"1+VR+VL")+COUNTIF(B21:B25,"VR+VL+1"))+(COUNTIF(B30:B37,"=VR")+COUNTIF(B30:B37,"1+VR")+COUNTIF(B30:B37,"2+VR")+COUNTIF(B30:B37,"3+VR")+COUNTIF(B30:B37,"VR+1")+COUNTIF(B30:B37,"VR+2")+COUNTIF(B30:B37,"VR+3")+COUNTIF(B30:B37,"1+VR+VL")+COUNTIF(B30:B37,"VR+VL+1"))+(COUNTIF(B42:B50,"=VR")+COUNTIF(B42:B50,"1+VR")+COUNTIF(B42:B50,"2+VR")+COUNTIF(B42:B50,"3+VR")+COUNTIF(B42:B50,"VR+1")+COUNTIF(B42:B50,"VR+2")+COUNTIF(B42:B50,"VR+3")+COUNTIF(B42:B50,"1+VR+VL")+COUNTIF(B42:B50,"VR+VL+1"))+(COUNTIF(B55:B63,"=VR")+COUNTIF(B55:B63,"1+VR")+COUNTIF(B55:B63,"2+VR")+COUNTIF(B55:B63,"3+VR")+COUNTIF(B55:B63,"VR+1")+COUNTIF(B55:B63,"VR+2")+COUNTIF(B55:B63,"VR+3")+COUNTIF(B55:B63,"1+VR+VL")+COUNTIF(B55:B63,"VR+VL+1"))+(COUNTIF(B68:B75,"=VR")+COUNTIF(B68:B75,"1+VR")+COUNTIF(B68:B75,"2+VR")+COUNTIF(B68:B75,"3+VR")+COUNTIF(B68:B75,"VR+1")+COUNTIF(B68:B75,"VR+2")+COUNTIF(B68:B75,"VR+3")+COUNTIF(B68:B75,"1+VR+VL")+COUNTIF(B68:B75,"VR+VL+1"))+(COUNTIF(B80:B83,"=VR")+COUNTIF(B80:B83,"1+VR")+COUNTIF(B80:B83,"2+VR")+COUNTIF(B80:B83,"3+VR")+COUNTIF(B80:B83,"VR+1")+COUNTIF(B80:B83,"VR+2")+COUNTIF(B80:B83,"VR+3")+COUNTIF(B80:B83,"1+VR+VL")+COUNTIF(B80:B83,"VR+VL+1"))+(COUNTIF(B88:B91,"=VR")+COUNTIF(B88:B91,"1+VR")+COUNTIF(B88:B91,"2+VR")+COUNTIF(B88:B91,"3+VR")+COUNTIF(B88:B91,"VR+1")+COUNTIF(B88:B91,"VR+2")+COUNTIF(B88:B91,"VR+3")+COUNTIF(B88:B91,"1+VR+VL")+COUNTIF(B88:B91,"VR+VL+1"))+(COUNTIF(B96:B105,"=VR")+COUNTIF(B96:B105,"1+VR")+COUNTIF(B96:B105,"2+VR")+COUNTIF(B96:B105,"3+VR")+COUNTIF(B96:B105,"VR+1")+COUNTIF(B96:B105,"VR+2")+COUNTIF(B96:B105,"VR+3")+COUNTIF(B96:B105,"1+VR+VL")+COUNTIF(B96:B105,"VR+VL+1"))+(COUNTIF(B110:B115,"=VR")+COUNTIF(B110:B115,"1+VR")+COUNTIF(B110:B115,"2+VR")+COUNTIF(B110:B115,"3+VR")+COUNTIF(B110:B115,"VR+1")+COUNTIF(B110:B115,"VR+2")+COUNTIF(B110:B115,"VR+3")+COUNTIF(B110:B115,"1+VR+VL")+COUNTIF(B110:B115,"VR+VL+1"))+(COUNTIF(B120:B125,"=VR")+COUNTIF(B120:B125,"1+VR")+COUNTIF(B120:B125,"2+VR")+COUNTIF(B120:B125,"3+VR")+COUNTIF(B120:B125,"VR+1")+COUNTIF(B120:B125,"VR+2")+COUNTIF(B120:B125,"VR+3")+COUNTIF(B120:B125,"1+VR+VL")+COUNTIF(B120:B125,"VR+VL+1"))+(COUNTIF(B130:B131,"=VR")+COUNTIF(B130:B131,"1+VR")+COUNTIF(B130:B131,"2+VR")+COUNTIF(B130:B131,"3+VR")+COUNTIF(B130:B131,"VR+1")+COUNTIF(B130:B131,"VR+2")+COUNTIF(B130:B131,"VR+3")+COUNTIF(B130:B131,"1+VR+VL")+COUNTIF(B130:B131,"VR+VL+1"))+(COUNTIF(B136:B137,"=VR")+COUNTIF(B136:B137,"1+VR")+COUNTIF(B136:B137,"2+VR")+COUNTIF(B136:B137,"3+VR")+COUNTIF(B136:B137,"VR+1")+COUNTIF(B136:B137,"VR+2")+COUNTIF(B136:B137,"VR+3")+COUNTIF(B136:B137,"1+VR+VL")+COUNTIF(B136:B137,"VR+VL+1"))+(COUNTIF(B142:B147,"=VR")+COUNTIF(B142:B147,"1+VR")+COUNTIF(B142:B147,"2+VR")+COUNTIF(B142:B147,"3+VR")+COUNTIF(B142:B147,"VR+1")+COUNTIF(B142:B147,"VR+2")+COUNTIF(B142:B147,"VR+3")+COUNTIF(B142:B147,"1+VR+VL")+COUNTIF(B142:B147,"VR+VL+1"))+(COUNTIF(B152:B156,"=VR")+COUNTIF(B152:B156,"1+VR")+COUNTIF(B152:B156,"2+VR")+COUNTIF(B152:B156,"3+VR")+COUNTIF(B152:B156,"VR+1")+COUNTIF(B152:B156,"VR+2")+COUNTIF(B152:B156,"VR+3")+COUNTIF(B152:B156,"1+VR+VL")+COUNTIF(B152:B156,"VR+VL+1"))+(COUNTIF(B161:B163,"=VR")+COUNTIF(B161:B163,"1+VR")+COUNTIF(B161:B163,"2+VR")+COUNTIF(B161:B163,"3+VR")+COUNTIF(B161:B163,"VR+1")+COUNTIF(B161:B163,"VR+2")+COUNTIF(B161:B163,"VR+3")+COUNTIF(B161:B163,"1+VR+VL")+COUNTIF(B161:B163,"VR+VL+1"))+(COUNTIF(B168:B168,"=VR")+COUNTIF(B168:B168,"1+VR")+COUNTIF(B168:B168,"2+VR")+COUNTIF(B168:B168,"3+VR")+COUNTIF(B168:B168,"VR+1")+COUNTIF(B168:B168,"VR+2")+COUNTIF(B168:B168,"VR+3")+COUNTIF(B168:B168,"1+VR+VL")+COUNTIF(B168:B168,"VR+VL+1"))+(COUNTIF(K8:K14,"=VR")+COUNTIF(K8:K14,"1+VR")+COUNTIF(K8:K14,"2+VR")+COUNTIF(K8:K14,"3+VR")+COUNTIF(K8:K14,"VR+1")+COUNTIF(K8:K14,"VR+2")+COUNTIF(K8:K14,"VR+3")+COUNTIF(K8:K14,"1+VR+VL")+COUNTIF(K8:K14,"VR+VL+1"))+(COUNTIF(K19:K25,"=VR")+COUNTIF(K19:K25,"1+VR")+COUNTIF(K19:K25,"2+VR")+COUNTIF(K19:K25,"3+VR")+COUNTIF(K19:K25,"VR+1")+COUNTIF(K19:K25,"VR+2")+COUNTIF(K19:K25,"VR+3")+COUNTIF(K19:K25,"1+VR+VL")+COUNTIF(K19:K25,"VR+VL+1")) -> 1 | C4: =(COUNTIF(C8:C16,"=VR")+COUNTIF(C8:C16,"1+VR")+COUNTIF(C8:C16,"2+VR")+COUNTIF(C8:C16,"3+VR")+COUNTIF(C8:C16,"VR+1")+COUNTIF(C8:C16,"VR+2")+COUNTIF(C8:C16,"VR+3")+COUNTIF(C8:C16,"1+VR+VL")+COUNTIF(C8:C16,"VR+VL+1"))+(COUNTIF(C21:C25,"=VR")+COUNTIF(C21:C25,"1+VR")+COUNTIF(C21:C25,"2+VR")+COUNTIF(C21:C25,"3+VR")+COUNTIF(C21:C25,"VR+1")+COUNTIF(C21:C25,"VR+2")+COUNTIF(C21:C25,"VR+3")+COUNTIF(C21:C25,"1+VR+VL")+COUNTIF(C21:C25,"VR+VL+1"))+(COUNTIF(C30:C37,"=VR")+COUNTIF(C30:C37,"1+VR")+COUNTIF(C30:C37,"2+VR")+COUNTIF(C30:C37,"3+VR")+COUNTIF(C30:C37,"VR+1")+COUNTIF(C30:C37,"VR+2")+COUNTIF(C30:C37,"VR+3")+COUNTIF(C30:C37,"1+VR+VL")+COUNTIF(C30:C37,"VR+VL+1"))+(COUNTIF(C42:C50,"=VR")+COUNTIF(C42:C50,"1+VR")+COUNTIF(C42:C50,"2+VR")+COUNTIF(C42:C50,"3+VR")+COUNTIF(C42:C50,"VR+1")+COUNTIF(C42:C50,"VR+2")+COUNTIF(C42:C50,"VR+3")+COUNTIF(C42:C50,"1+VR+VL")+COUNTIF(C42:C50,"VR+VL+1"))+(COUNTIF(C55:C63,"=VR")+COUNTIF(C55:C63,"1+VR")+COUNTIF(C55:C63,"2+VR")+COUNTIF(C55:C63,"3+VR")+COUNTIF(C55:C63,"VR+1")+COUNTIF(C55:C63,"VR+2")+COUNTIF(C55:C63,"VR+3")+COUNTIF(C55:C63,"1+VR+VL")+COUNTIF(C55:C63,"VR+VL+1"))+(COUNTIF(C68:C75,"=VR")+COUNTIF(C68:C75,"1+VR")+COUNTIF(C68:C75,"2+VR")+COUNTIF(C68:C75,"3+VR")+COUNTIF(C68:C75,"VR+1")+COUNTIF(C68:C75,"VR+2")+COUNTIF(C68:C75,"VR+3")+COUNTIF(C68:C75,"1+VR+VL")+COUNTIF(C68:C75,"VR+VL+1"))+(COUNTIF(C80:C83,"=VR")+COUNTIF(C80:C83,"1+VR")+COUNTIF(C80:C83,"2+VR")+COUNTIF(C80:C83,"3+VR")+COUNTIF(C80:C83,"VR+1")+COUNTIF(C80:C83,"VR+2")+COUNTIF(C80:C83,"VR+3")+COUNTIF(C80:C83,"1+VR+VL")+COUNTIF(C80:C83,"VR+VL+1"))+(COUNTIF(C88:C91,"=VR")+COUNTIF(C88:C91,"1+VR")+COUNTIF(C88:C91,"2+VR")+COUNTIF(C88:C91,"3+VR")+COUNTIF(C88:C91,"VR+1")+COUNTIF(C88:C91,"VR+2")+COUNTIF(C88:C91,"VR+3")+COUNTIF(C88:C91,"1+VR+VL")+COUNTIF(C88:C91,"VR+VL+1"))+(COUNTIF(C96:C105,"=VR")+COUNTIF(C96:C105,"1+VR")+COUNTIF(C96:C105,"2+VR")+COUNTIF(C96:C105,"3+VR")+COUNTIF(C96:C105,"VR+1")+COUNTIF(C96:C105,"VR+2")+COUNTIF(C96:C105,"VR+3")+COUNTIF(C96:C105,"1+VR+VL")+COUNTIF(C96:C105,"VR+VL+1"))+(COUNTIF(C110:C115,"=VR")+COUNTIF(C110:C115,"1+VR")+COUNTIF(C110:C115,"2+VR")+COUNTIF(C110:C115,"3+VR")+COUNTIF(C110:C115,"VR+1")+COUNTIF(C110:C115,"VR+2")+COUNTIF(C110:C115,"VR+3")+COUNTIF(C110:C115,"1+VR+VL")+COUNTIF(C110:C115,"VR+VL+1"))+(COUNTIF(C120:C125,"=VR")+COUNTIF(C120:C125,"1+VR")+COUNTIF(C120:C125,"2+VR")+COUNTIF(C120:C125,"3+VR")+COUNTIF(C120:C125,"VR+1")+COUNTIF(C120:C125,"VR+2")+COUNTIF(C120:C125,"VR+3")+COUNTIF(C120:C125,"1+VR+VL")+COUNTIF(C120:C125,"VR+VL+1"))+(COUNTIF(C130:C131,"=VR")+COUNTIF(C130:C131,"1+VR")+COUNTIF(C130:C131,"2+VR")+COUNTIF(C130:C131,"3+VR")+COUNTIF(C130:C131,"VR+1")+COUNTIF(C130:C131,"VR+2")+COUNTIF(C130:C131,"VR+3")+COUNTIF(C130:C131,"1+VR+VL")+COUNTIF(C130:C131,"VR+VL+1"))+(COUNTIF(C136:C137,"=VR")+COUNTIF(C136:C137,"1+VR")+COUNTIF(C136:C137,"2+VR")+COUNTIF(C136:C137,"3+VR")+COUNTIF(C136:C137,"VR+1")+COUNTIF(C136:C137,"VR+2")+COUNTIF(C136:C137,"VR+3")+COUNTIF(C136:C137,"1+VR+VL")+COUNTIF(C136:C137,"VR+VL+1"))+(COUNTIF(C142:C147,"=VR")+COUNTIF(C142:C147,"1+VR")+COUNTIF(C142:C147,"2+VR")+COUNTIF(C142:C147,"3+VR")+COUNTIF(C142:C147,"VR+1")+COUNTIF(C142:C147,"VR+2")+COUNTIF(C142:C147,"VR+3")+COUNTIF(C142:C147,"1+VR+VL")+COUNTIF(C142:C147,"VR+VL+1"))+(COUNTIF(C152:C156,"=VR")+COUNTIF(C152:C156,"1+VR")+COUNTIF(C152:C156,"2+VR")+COUNTIF(C152:C156,"3+VR")+COUNTIF(C152:C156,"VR+1")+COUNTIF(C152:C156,"VR+2")+COUNTIF(C152:C156,"VR+3")+COUNTIF(C152:C156,"1+VR+VL")+COUNTIF(C152:C156,"VR+VL+1"))+(COUNTIF(C161:C163,"=VR")+COUNTIF(C161:C163,"1+VR")+COUNTIF(C161:C163,"2+VR")+COUNTIF(C161:C163,"3+VR")+COUNTIF(C161:C163,"VR+1")+COUNTIF(C161:C163,"VR+2")+COUNTIF(C161:C163,"VR+3")+COUNTIF(C161:C163,"1+VR+VL")+COUNTIF(C161:C163,"VR+VL+1"))+(COUNTIF(C168:C168,"=VR")+COUNTIF(C168:C168,"1+VR")+COUNTIF(C168:C168,"2+VR")+COUNTIF(C168:C168,"3+VR")+COUNTIF(C168:C168,"VR+1")+COUNTIF(C168:C168,"VR+2")+COUNTIF(C168:C168,"VR+3")+COUNTIF(C168:C168,"1+VR+VL")+COUNTIF(C168:C168,"VR+VL+1"))+(COUNTIF(L8:L14,"=VR")+COUNTIF(L8:L14,"1+VR")+COUNTIF(L8:L14,"2+VR")+COUNTIF(L8:L14,"3+VR")+COUNTIF(L8:L14,"VR+1")+COUNTIF(L8:L14,"VR+2")+COUNTIF(L8:L14,"VR+3")+COUNTIF(L8:L14,"1+VR+VL")+COUNTIF(L8:L14,"VR+VL+1"))+(COUNTIF(L19:L25,"=VR")+COUNTIF(L19:L25,"1+VR")+COUNTIF(L19:L25,"2+VR")+COUNTIF(L19:L25,"3+VR")+COUNTIF(L19:L25,"VR+1")+COUNTIF(L19:L25,"VR+2")+COUNTIF(L19:L25,"VR+3")+COUNTIF(L19:L25,"1+VR+VL")+COUNTIF(L19:L25,"VR+VL+1")) -> 0 | D4: =(COUNTIF(D8:D16,"=VR")+COUNTIF(D8:D16,"1+VR")+COUNTIF(D8:D16,"2+VR")+COUNTIF(D8:D16,"3+VR")+COUNTIF(D8:D16,"VR+1")+COUNTIF(D8:D16,"VR+2")+COUNTIF(D8:D16,"VR+3")+COUNTIF(D8:D16,"1+VR+VL")+COUNTIF(D8:D16,"VR+VL+1"))+(COUNTIF(D21:D25,"=VR")+COUNTIF(D21:D25,"1+VR")+COUNTIF(D21:D25,"2+VR")+COUNTIF(D21:D25,"3+VR")+COUNTIF(D21:D25,"VR+1")+COUNTIF(D21:D25,"VR+2")+COUNTIF(D21:D25,"VR+3")+COUNTIF(D21:D25,"1+VR+VL")+COUNTIF(D21:D25,"VR+VL+1"))+(COUNTIF(D30:D37,"=VR")+COUNTIF(D30:D37,"1+VR")+COUNTIF(D30:D37,"2+VR")+COUNTIF(D30:D37,"3+VR")+COUNTIF(D30:D37,"VR+1")+COUNTIF(D30:D37,"VR+2")+COUNTIF(D30:D37,"VR+3")+COUNTIF(D30:D37,"1+VR+VL")+COUNTIF(D30:D37,"VR+VL+1"))+(COUNTIF(D42:D50,"=VR")+COUNTIF(D42:D50,"1+VR")+COUNTIF(D42:D50,"2+VR")+COUNTIF(D42:D50,"3+VR")+COUNTIF(D42:D50,"VR+1")+COUNTIF(D42:D50,"VR+2")+COUNTIF(D42:D50,"VR+3")+COUNTIF(D42:D50,"1+VR+VL")+COUNTIF(D42:D50,"VR+VL+1"))+(COUNTIF(D55:D63,"=VR")+COUNTIF(D55:D63,"1+VR")+COUNTIF(D55:D63,"2+VR")+COUNTIF(D55:D63,"3+VR")+COUNTIF(D55:D63,"VR+1")+COUNTIF(D55:D63,"VR+2")+COUNTIF(D55:D63,"VR+3")+COUNTIF(D55:D63,"1+VR+VL")+COUNTIF(D55:D63,"VR+VL+1"))+(COUNTIF(D68:D75,"=VR")+COUNTIF(D68:D75,"1+VR")+COUNTIF(D68:D75,"2+VR")+COUNTIF(D68:D75,"3+VR")+COUNTIF(D68:D75,"VR+1")+COUNTIF(D68:D75,"VR+2")+COUNTIF(D68:D75,"VR+3")+COUNTIF(D68:D75,"1+VR+VL")+COUNTIF(D68:D75,"VR+VL+1"))+(COUNTIF(D80:D83,"=VR")+COUNTIF(D80:D83,"1+VR")+COUNTIF(D80:D83,"2+VR")+COUNTIF(D80:D83,"3+VR")+COUNTIF(D80:D83,"VR+1")+COUNTIF(D80:D83,"VR+2")+COUNTIF(D80:D83,"VR+3")+COUNTIF(D80:D83,"1+VR+VL")+COUNTIF(D80:D83,"VR+VL+1"))+(COUNTIF(D88:D91,"=VR")+COUNTIF(D88:D91,"1+VR")+COUNTIF(D88:D91,"2+VR")+COUNTIF(D88:D91,"3+VR")+COUNTIF(D88:D91,"VR+1")+COUNTIF(D88:D91,"VR+2")+COUNTIF(D88:D91,"VR+3")+COUNTIF(D88:D91,"1+VR+VL")+COUNTIF(D88:D91,"VR+VL+1"))+(COUNTIF(D96:D105,"=VR")+COUNTIF(D96:D105,"1+VR")+COUNTIF(D96:D105,"2+VR")+COUNTIF(D96:D105,"3+VR")+COUNTIF(D96:D105,"VR+1")+COUNTIF(D96:D105,"VR+2")+COUNTIF(D96:D105,"VR+3")+COUNTIF(D96:D105,"1+VR+VL")+COUNTIF(D96:D105,"VR+VL+1"))+(COUNTIF(D110:D115,"=VR")+COUNTIF(D110:D115,"1+VR")+COUNTIF(D110:D115,"2+VR")+COUNTIF(D110:D115,"3+VR")+COUNTIF(D110:D115,"VR+1")+COUNTIF(D110:D115,"VR+2")+COUNTIF(D110:D115,"VR+3")+COUNTIF(D110:D115,"1+VR+VL")+COUNTIF(D110:D115,"VR+VL+1"))+(COUNTIF(D120:D125,"=VR")+COUNTIF(D120:D125,"1+VR")+COUNTIF(D120:D125,"2+VR")+COUNTIF(D120:D125,"3+VR")+COUNTIF(D120:D125,"VR+1")+COUNTIF(D120:D125,"VR+2")+COUNTIF(D120:D125,"VR+3")+COUNTIF(D120:D125,"1+VR+VL")+COUNTIF(D120:D125,"VR+VL+1"))+(COUNTIF(D130:D131,"=VR")+COUNTIF(D130:D131,"1+VR")+COUNTIF(D130:D131,"2+VR")+COUNTIF(D130:D131,"3+VR")+COUNTIF(D130:D131,"VR+1")+COUNTIF(D130:D131,"VR+2")+COUNTIF(D130:D131,"VR+3")+COUNTIF(D130:D131,"1+VR+VL")+COUNTIF(D130:D131,"VR+VL+1"))+(COUNTIF(D136:D137,"=VR")+COUNTIF(D136:D137,"1+VR")+COUNTIF(D136:D137,"2+VR")+COUNTIF(D136:D137,"3+VR")+COUNTIF(D136:D137,"VR+1")+COUNTIF(D136:D137,"VR+2")+COUNTIF(D136:D137,"VR+3")+COUNTIF(D136:D137,"1+VR+VL")+COUNTIF(D136:D137,"VR+VL+1"))+(COUNTIF(D142:D147,"=VR")+COUNTIF(D142:D147,"1+VR")+COUNTIF(D142:D147,"2+VR")+COUNTIF(D142:D147,"3+VR")+COUNTIF(D142:D147,"VR+1")+COUNTIF(D142:D147,"VR+2")+COUNTIF(D142:D147,"VR+3")+COUNTIF(D142:D147,"1+VR+VL")+COUNTIF(D142:D147,"VR+VL+1"))+(COUNTIF(D152:D156,"=VR")+COUNTIF(D152:D156,"1+VR")+COUNTIF(D152:D156,"2+VR")+COUNTIF(D152:D156,"3+VR")+COUNTIF(D152:D156,"VR+1")+COUNTIF(D152:D156,"VR+2")+COUNTIF(D152:D156,"VR+3")+COUNTIF(D152:D156,"1+VR+VL")+COUNTIF(D152:D156,"VR+VL+1"))+(COUNTIF(D161:D163,"=VR")+COUNTIF(D161:D163,"1+VR")+COUNTIF(D161:D163,"2+VR")+COUNTIF(D161:D163,"3+VR")+COUNTIF(D161:D163,"VR+1")+COUNTIF(D161:D163,"VR+2")+COUNTIF(D161:D163,"VR+3")+COUNTIF(D161:D163,"1+VR+VL")+COUNTIF(D161:D163,"VR+VL+1"))+(COUNTIF(D168:D168,"=VR")+COUNTIF(D168:D168,"1+VR")+COUNTIF(D168:D168,"2+VR")+COUNTIF(D168:D168,"3+VR")+COUNTIF(D168:D168,"VR+1")+COUNTIF(D168:D168,"VR+2")+COUNTIF(D168:D168,"VR+3")+COUNTIF(D168:D168,"1+VR+VL")+COUNTIF(D168:D168,"VR+VL+1"))+(COUNTIF(M8:M14,"=VR")+COUNTIF(M8:M14,"1+VR")+COUNTIF(M8:M14,"2+VR")+COUNTIF(M8:M14,"3+VR")+COUNTIF(M8:M14,"VR+1")+COUNTIF(M8:M14,"VR+2")+COUNTIF(M8:M14,"VR+3")+COUNTIF(M8:M14,"1+VR+VL")+COUNTIF(M8:M14,"VR+VL+1"))+(COUNTIF(M19:M25,"=VR")+COUNTIF(M19:M25,"1+VR")+COUNTIF(M19:M25,"2+VR")+COUNTIF(M19:M25,"3+VR")+COUNTIF(M19:M25,"VR+1")+COUNTIF(M19:M25,"VR+2")+COUNTIF(M19:M25,"VR+3")+COUNTIF(M19:M25,"1+VR+VL")+COUNTIF(M19:M25,"VR+VL+1")) -> 0 | E4: =(COUNTIF(E8:E16,"=VR")+COUNTIF(E8:E16,"1+VR")+COUNTIF(E8:E16,"2+VR")+COUNTIF(E8:E16,"3+VR")+COUNTIF(E8:E16,"VR+1")+COUNTIF(E8:E16,"VR+2")+COUNTIF(E8:E16,"VR+3")+COUNTIF(E8:E16,"1+VR+VL")+COUNTIF(E8:E16,"VR+VL+1"))+(COUNTIF(E21:E25,"=VR")+COUNTIF(E21:E25,"1+VR")+COUNTIF(E21:E25,"2+VR")+COUNTIF(E21:E25,"3+VR")+COUNTIF(E21:E25,"VR+1")+COUNTIF(E21:E25,"VR+2")+COUNTIF(E21:E25,"VR+3")+COUNTIF(E21:E25,"1+VR+VL")+COUNTIF(E21:E25,"VR+VL+1"))+(COUNTIF(E30:E37,"=VR")+COUNTIF(E30:E37,"1+VR")+COUNTIF(E30:E37,"2+VR")+COUNTIF(E30:E37,"3+VR")+COUNTIF(E30:E37,"VR+1")+COUNTIF(E30:E37,"VR+2")+COUNTIF(E30:E37,"VR+3")+COUNTIF(E30:E37,"1+VR+VL")+COUNTIF(E30:E37,"VR+VL+1"))+(COUNTIF(E42:E50,"=VR")+COUNTIF(E42:E50,"1+VR")+COUNTIF(E42:E50,"2+VR")+COUNTIF(E42:E50,"3+VR")+COUNTIF(E42:E50,"VR+1")+COUNTIF(E42:E50,"VR+2")+COUNTIF(E42:E50,"VR+3")+COUNTIF(E42:E50,"1+VR+VL")+COUNTIF(E42:E50,"VR+VL+1"))+(COUNTIF(E55:E63,"=VR")+COUNTIF(E55:E63,"1+VR")+COUNTIF(E55:E63,"2+VR")+COUNTIF(E55:E63,"3+VR")+COUNTIF(E55:E63,"VR+1")+COUNTIF(E55:E63,"VR+2")+COUNTIF(E55:E63,"VR+3")+COUNTIF(E55:E63,"1+VR+VL")+COUNTIF(E55:E63,"VR+VL+1"))+(COUNTIF(E68:E75,"=VR")+COUNTIF(E68:E75,"1+VR")+COUNTIF(E68:E75,"2+VR")+COUNTIF(E68:E75,"3+VR")+COUNTIF(E68:E75,"VR+1")+COUNTIF(E68:E75,"VR+2")+COUNTIF(E68:E75,"VR+3")+COUNTIF(E68:E75,"1+VR+VL")+COUNTIF(E68:E75,"VR+VL+1"))+(COUNTIF(E80:E83,"=VR")+COUNTIF(E80:E83,"1+VR")+COUNTIF(E80:E83,"2+VR")+COUNTIF(E80:E83,"3+VR")+COUNTIF(E80:E83,"VR+1")+COUNTIF(E80:E83,"VR+2")+COUNTIF(E80:E83,"VR+3")+COUNTIF(E80:E83,"1+VR+VL")+COUNTIF(E80:E83,"VR+VL+1"))+(COUNTIF(E88:E91,"=VR")+COUNTIF(E88:E91,"1+VR")+COUNTIF(E88:E91,"2+VR")+COUNTIF(E88:E91,"3+VR")+COUNTIF(E88:E91,"VR+1")+COUNTIF(E88:E91,"VR+2")+COUNTIF(E88:E91,"VR+3")+COUNTIF(E88:E91,"1+VR+VL")+COUNTIF(E88:E91,"VR+VL+1"))+(COUNTIF(E96:E105,"=VR")+COUNTIF(E96:E105,"1+VR")+COUNTIF(E96:E105,"2+VR")+COUNTIF(E96:E105,"3+VR")+COUNTIF(E96:E105,"VR+1")+COUNTIF(E96:E105,"VR+2")+COUNTIF(E96:E105,"VR+3")+COUNTIF(E96:E105,"1+VR+VL")+COUNTIF(E96:E105,"VR+VL+1"))+(COUNTIF(E110:E115,"=VR")+COUNTIF(E110:E115,"1+VR")+COUNTIF(E110:E115,"2+VR")+COUNTIF(E110:E115,"3+VR")+COUNTIF(E110:E115,"VR+1")+COUNTIF(E110:E115,"VR+2")+COUNTIF(E110:E115,"VR+3")+COUNTIF(E110:E115,"1+VR+VL")+COUNTIF(E110:E115,"VR+VL+1"))+(COUNTIF(E120:E125,"=VR")+COUNTIF(E120:E125,"1+VR")+COUNTIF(E120:E125,"2+VR")+COUNTIF(E120:E125,"3+VR")+COUNTIF(E120:E125,"VR+1")+COUNTIF(E120:E125,"VR+2")+COUNTIF(E120:E125,"VR+3")+COUNTIF(E120:E125,"1+VR+VL")+COUNTIF(E120:E125,"VR+VL+1"))+(COUNTIF(E130:E131,"=VR")+COUNTIF(E130:E131,"1+VR")+COUNTIF(E130:E131,"2+VR")+COUNTIF(E130:E131,"3+VR")+COUNTIF(E130:E131,"VR+1")+COUNTIF(E130:E131,"VR+2")+COUNTIF(E130:E131,"VR+3")+COUNTIF(E130:E131,"1+VR+VL")+COUNTIF(E130:E131,"VR+VL+1"))+(COUNTIF(E136:E137,"=VR")+COUNTIF(E136:E137,"1+VR")+COUNTIF(E136:E137,"2+VR")+COUNTIF(E136:E137,"3+VR")+COUNTIF(E136:E137,"VR+1")+COUNTIF(E136:E137,"VR+2")+COUNTIF(E136:E137,"VR+3")+COUNTIF(E136:E137,"1+VR+VL")+COUNTIF(E136:E137,"VR+VL+1"))+(COUNTIF(E142:E147,"=VR")+COUNTIF(E142:E147,"1+VR")+COUNTIF(E142:E147,"2+VR")+COUNTIF(E142:E147,"3+VR")+COUNTIF(E142:E147,"VR+1")+COUNTIF(E142:E147,"VR+2")+COUNTIF(E142:E147,"VR+3")+COUNTIF(E142:E147,"1+VR+VL")+COUNTIF(E142:E147,"VR+VL+1"))+(COUNTIF(E152:E156,"=VR")+COUNTIF(E152:E156,"1+VR")+COUNTIF(E152:E156,"2+VR")+COUNTIF(E152:E156,"3+VR")+COUNTIF(E152:E156,"VR+1")+COUNTIF(E152:E156,"VR+2")+COUNTIF(E152:E156,"VR+3")+COUNTIF(E152:E156,"1+VR+VL")+COUNTIF(E152:E156,"VR+VL+1"))+(COUNTIF(E161:E163,"=VR")+COUNTIF(E161:E163,"1+VR")+COUNTIF(E161:E163,"2+VR")+COUNTIF(E161:E163,"3+VR")+COUNTIF(E161:E163,"VR+1")+COUNTIF(E161:E163,"VR+2")+COUNTIF(E161:E163,"VR+3")+COUNTIF(E161:E163,"1+VR+VL")+COUNTIF(E161:E163,"VR+VL+1"))+(COUNTIF(E168:E168,"=VR")+COUNTIF(E168:E168,"1+VR")+COUNTIF(E168:E168,"2+VR")+COUNTIF(E168:E168,"3+VR")+COUNTIF(E168:E168,"VR+1")+COUNTIF(E168:E168,"VR+2")+COUNTIF(E168:E168,"VR+3")+COUNTIF(E168:E168,"1+VR+VL")+COUNTIF(E168:E168,"VR+VL+1"))+(COUNTIF(N8:N14,"=VR")+COUNTIF(N8:N14,"1+VR")+COUNTIF(N8:N14,"2+VR")+COUNTIF(N8:N14,"3+VR")+COUNTIF(N8:N14,"VR+1")+COUNTIF(N8:N14,"VR+2")+COUNTIF(N8:N14,"VR+3")+COUNTIF(N8:N14,"1+VR+VL")+COUNTIF(N8:N14,"VR+VL+1"))+(COUNTIF(N19:N25,"=VR")+COUNTIF(N19:N25,"1+VR")+COUNTIF(N19:N25,"2+VR")+COUNTIF(N19:N25,"3+VR")+COUNTIF(N19:N25,"VR+1")+COUNTIF(N19:N25,"VR+2")+COUNTIF(N19:N25,"VR+3")+COUNTIF(N19:N25,"1+VR+VL")+COUNTIF(N19:N25,"VR+VL+1")) -> 0 | F4: =(COUNTIF(F8:F16,"=VR")+COUNTIF(F8:F16,"1+VR")+COUNTIF(F8:F16,"2+VR")+COUNTIF(F8:F16,"3+VR")+COUNTIF(F8:F16,"VR+1")+COUNTIF(F8:F16,"VR+2")+COUNTIF(F8:F16,"VR+3")+COUNTIF(F8:F16,"1+VR+VL")+COUNTIF(F8:F16,"VR+VL+1"))+(COUNTIF(F21:F25,"=VR")+COUNTIF(F21:F25,"1+VR")+COUNTIF(F21:F25,"2+VR")+COUNTIF(F21:F25,"3+VR")+COUNTIF(F21:F25,"VR+1")+COUNTIF(F21:F25,"VR+2")+COUNTIF(F21:F25,"VR+3")+COUNTIF(F21:F25,"1+VR+VL")+COUNTIF(F21:F25,"VR+VL+1"))+(COUNTIF(F30:F37,"=VR")+COUNTIF(F30:F37,"1+VR")+COUNTIF(F30:F37,"2+VR")+COUNTIF(F30:F37,"3+VR")+COUNTIF(F30:F37,"VR+1")+COUNTIF(F30:F37,"VR+2")+COUNTIF(F30:F37,"VR+3")+COUNTIF(F30:F37,"1+VR+VL")+COUNTIF(F30:F37,"VR+VL+1"))+(COUNTIF(F42:F50,"=VR")+COUNTIF(F42:F50,"1+VR")+COUNTIF(F42:F50,"2+VR")+COUNTIF(F42:F50,"3+VR")+COUNTIF(F42:F50,"VR+1")+COUNTIF(F42:F50,"VR+2")+COUNTIF(F42:F50,"VR+3")+COUNTIF(F42:F50,"1+VR+VL")+COUNTIF(F42:F50,"VR+VL+1"))+(COUNTIF(F55:F63,"=VR")+COUNTIF(F55:F63,"1+VR")+COUNTIF(F55:F63,"2+VR")+COUNTIF(F55:F63,"3+VR")+COUNTIF(F55:F63,"VR+1")+COUNTIF(F55:F63,"VR+2")+COUNTIF(F55:F63,"VR+3")+COUNTIF(F55:F63,"1+VR+VL")+COUNTIF(F55:F63,"VR+VL+1"))+(COUNTIF(F68:F75,"=VR")+COUNTIF(F68:F75,"1+VR")+COUNTIF(F68:F75,"2+VR")+COUNTIF(F68:F75,"3+VR")+COUNTIF(F68:F75,"VR+1")+COUNTIF(F68:F75,"VR+2")+COUNTIF(F68:F75,"VR+3")+COUNTIF(F68:F75,"1+VR+VL")+COUNTIF(F68:F75,"VR+VL+1"))+(COUNTIF(F80:F83,"=VR")+COUNTIF(F80:F83,"1+VR")+COUNTIF(F80:F83,"2+VR")+COUNTIF(F80:F83,"3+VR")+COUNTIF(F80:F83,"VR+1")+COUNTIF(F80:F83,"VR+2")+COUNTIF(F80:F83,"VR+3")+COUNTIF(F80:F83,"1+VR+VL")+COUNTIF(F80:F83,"VR+VL+1"))+(COUNTIF(F88:F91,"=VR")+COUNTIF(F88:F91,"1+VR")+COUNTIF(F88:F91,"2+VR")+COUNTIF(F88:F91,"3+VR")+COUNTIF(F88:F91,"VR+1")+COUNTIF(F88:F91,"VR+2")+COUNTIF(F88:F91,"VR+3")+COUNTIF(F88:F91,"1+VR+VL")+COUNTIF(F88:F91,"VR+VL+1"))+(COUNTIF(F96:F105,"=VR")+COUNTIF(F96:F105,"1+VR")+COUNTIF(F96:F105,"2+VR")+COUNTIF(F96:F105,"3+VR")+COUNTIF(F96:F105,"VR+1")+COUNTIF(F96:F105,"VR+2")+COUNTIF(F96:F105,"VR+3")+COUNTIF(F96:F105,"1+VR+VL")+COUNTIF(F96:F105,"VR+VL+1"))+(COUNTIF(F110:F115,"=VR")+COUNTIF(F110:F115,"1+VR")+COUNTIF(F110:F115,"2+VR")+COUNTIF(F110:F115,"3+VR")+COUNTIF(F110:F115,"VR+1")+COUNTIF(F110:F115,"VR+2")+COUNTIF(F110:F115,"VR+3")+COUNTIF(F110:F115,"1+VR+VL")+COUNTIF(F110:F115,"VR+VL+1"))+(COUNTIF(F120:F125,"=VR")+COUNTIF(F120:F125,"1+VR")+COUNTIF(F120:F125,"2+VR")+COUNTIF(F120:F125,"3+VR")+COUNTIF(F120:F125,"VR+1")+COUNTIF(F120:F125,"VR+2")+COUNTIF(F120:F125,"VR+3")+COUNTIF(F120:F125,"1+VR+VL")+COUNTIF(F120:F125,"VR+VL+1"))+(COUNTIF(F130:F131,"=VR")+COUNTIF(F130:F131,"1+VR")+COUNTIF(F130:F131,"2+VR")+COUNTIF(F130:F131,"3+VR")+COUNTIF(F130:F131,"VR+1")+COUNTIF(F130:F131,"VR+2")+COUNTIF(F130:F131,"VR+3")+COUNTIF(F130:F131,"1+VR+VL")+COUNTIF(F130:F131,"VR+VL+1"))+(COUNTIF(F136:F137,"=VR")+COUNTIF(F136:F137,"1+VR")+COUNTIF(F136:F137,"2+VR")+COUNTIF(F136:F137,"3+VR")+COUNTIF(F136:F137,"VR+1")+COUNTIF(F136:F137,"VR+2")+COUNTIF(F136:F137,"VR+3")+COUNTIF(F136:F137,"1+VR+VL")+COUNTIF(F136:F137,"VR+VL+1"))+(COUNTIF(F142:F147,"=VR")+COUNTIF(F142:F147,"1+VR")+COUNTIF(F142:F147,"2+VR")+COUNTIF(F142:F147,"3+VR")+COUNTIF(F142:F147,"VR+1")+COUNTIF(F142:F147,"VR+2")+COUNTIF(F142:F147,"VR+3")+COUNTIF(F142:F147,"1+VR+VL")+COUNTIF(F142:F147,"VR+VL+1"))+(COUNTIF(F152:F156,"=VR")+COUNTIF(F152:F156,"1+VR")+COUNTIF(F152:F156,"2+VR")+COUNTIF(F152:F156,"3+VR")+COUNTIF(F152:F156,"VR+1")+COUNTIF(F152:F156,"VR+2")+COUNTIF(F152:F156,"VR+3")+COUNTIF(F152:F156,"1+VR+VL")+COUNTIF(F152:F156,"VR+VL+1"))+(COUNTIF(F161:F163,"=VR")+COUNTIF(F161:F163,"1+VR")+COUNTIF(F161:F163,"2+VR")+COUNTIF(F161:F163,"3+VR")+COUNTIF(F161:F163,"VR+1")+COUNTIF(F161:F163,"VR+2")+COUNTIF(F161:F163,"VR+3")+COUNTIF(F161:F163,"1+VR+VL")+COUNTIF(F161:F163,"VR+VL+1"))+(COUNTIF(F168:F168,"=VR")+COUNTIF(F168:F168,"1+VR")+COUNTIF(F168:F168,"2+VR")+COUNTIF(F168:F168,"3+VR")+COUNTIF(F168:F168,"VR+1")+COUNTIF(F168:F168,"VR+2")+COUNTIF(F168:F168,"VR+3")+COUNTIF(F168:F168,"1+VR+VL")+COUNTIF(F168:F168,"VR+VL+1"))+(COUNTIF(O8:O14,"=VR")+COUNTIF(O8:O14,"1+VR")+COUNTIF(O8:O14,"2+VR")+COUNTIF(O8:O14,"3+VR")+COUNTIF(O8:O14,"VR+1")+COUNTIF(O8:O14,"VR+2")+COUNTIF(O8:O14,"VR+3")+COUNTIF(O8:O14,"1+VR+VL")+COUNTIF(O8:O14,"VR+VL+1"))+(COUNTIF(O19:O25,"=VR")+COUNTIF(O19:O25,"1+VR")+COUNTIF(O19:O25,"2+VR")+COUNTIF(O19:O25,"3+VR")+COUNTIF(O19:O25,"VR+1")+COUNTIF(O19:O25,"VR+2")+COUNTIF(O19:O25,"VR+3")+COUNTIF(O19:O25,"1+VR+VL")+COUNTIF(O19:O25,"VR+VL+1")) -> 0 | G4: =(COUNTIF(G8:G16,"=VR")+COUNTIF(G8:G16,"1+VR")+COUNTIF(G8:G16,"2+VR")+COUNTIF(G8:G16,"3+VR")+COUNTIF(G8:G16,"VR+1")+COUNTIF(G8:G16,"VR+2")+COUNTIF(G8:G16,"VR+3")+COUNTIF(G8:G16,"1+VR+VL")+COUNTIF(G8:G16,"VR+VL+1"))+(COUNTIF(G21:G25,"=VR")+COUNTIF(G21:G25,"1+VR")+COUNTIF(G21:G25,"2+VR")+COUNTIF(G21:G25,"3+VR")+COUNTIF(G21:G25,"VR+1")+COUNTIF(G21:G25,"VR+2")+COUNTIF(G21:G25,"VR+3")+COUNTIF(G21:G25,"1+VR+VL")+COUNTIF(G21:G25,"VR+VL+1"))+(COUNTIF(G30:G37,"=VR")+COUNTIF(G30:G37,"1+VR")+COUNTIF(G30:G37,"2+VR")+COUNTIF(G30:G37,"3+VR")+COUNTIF(G30:G37,"VR+1")+COUNTIF(G30:G37,"VR+2")+COUNTIF(G30:G37,"VR+3")+COUNTIF(G30:G37,"1+VR+VL")+COUNTIF(G30:G37,"VR+VL+1"))+(COUNTIF(G42:G50,"=VR")+COUNTIF(G42:G50,"1+VR")+COUNTIF(G42:G50,"2+VR")+COUNTIF(G42:G50,"3+VR")+COUNTIF(G42:G50,"VR+1")+COUNTIF(G42:G50,"VR+2")+COUNTIF(G42:G50,"VR+3")+COUNTIF(G42:G50,"1+VR+VL")+COUNTIF(G42:G50,"VR+VL+1"))+(COUNTIF(G55:G63,"=VR")+COUNTIF(G55:G63,"1+VR")+COUNTIF(G55:G63,"2+VR")+COUNTIF(G55:G63,"3+VR")+COUNTIF(G55:G63,"VR+1")+COUNTIF(G55:G63,"VR+2")+COUNTIF(G55:G63,"VR+3")+COUNTIF(G55:G63,"1+VR+VL")+COUNTIF(G55:G63,"VR+VL+1"))+(COUNTIF(G68:G75,"=VR")+COUNTIF(G68:G75,"1+VR")+COUNTIF(G68:G75,"2+VR")+COUNTIF(G68:G75,"3+VR")+COUNTIF(G68:G75,"VR+1")+COUNTIF(G68:G75,"VR+2")+COUNTIF(G68:G75,"VR+3")+COUNTIF(G68:G75,"1+VR+VL")+COUNTIF(G68:G75,"VR+VL+1"))+(COUNTIF(G80:G83,"=VR")+COUNTIF(G80:G83,"1+VR")+COUNTIF(G80:G83,"2+VR")+COUNTIF(G80:G83,"3+VR")+COUNTIF(G80:G83,"VR+1")+COUNTIF(G80:G83,"VR+2")+COUNTIF(G80:G83,"VR+3")+COUNTIF(G80:G83,"1+VR+VL")+COUNTIF(G80:G83,"VR+VL+1"))+(COUNTIF(G88:G91,"=VR")+COUNTIF(G88:G91,"1+VR")+COUNTIF(G88:G91,"2+VR")+COUNTIF(G88:G91,"3+VR")+COUNTIF(G88:G91,"VR+1")+COUNTIF(G88:G91,"VR+2")+COUNTIF(G88:G91,"VR+3")+COUNTIF(G88:G91,"1+VR+VL")+COUNTIF(G88:G91,"VR+VL+1"))+(COUNTIF(G96:G105,"=VR")+COUNTIF(G96:G105,"1+VR")+COUNTIF(G96:G105,"2+VR")+COUNTIF(G96:G105,"3+VR")+COUNTIF(G96:G105,"VR+1")+COUNTIF(G96:G105,"VR+2")+COUNTIF(G96:G105,"VR+3")+COUNTIF(G96:G105,"1+VR+VL")+COUNTIF(G96:G105,"VR+VL+1"))+(COUNTIF(G110:G115,"=VR")+COUNTIF(G110:G115,"1+VR")+COUNTIF(G110:G115,"2+VR")+COUNTIF(G110:G115,"3+VR")+COUNTIF(G110:G115,"VR+1")+COUNTIF(G110:G115,"VR+2")+COUNTIF(G110:G115,"VR+3")+COUNTIF(G110:G115,"1+VR+VL")+COUNTIF(G110:G115,"VR+VL+1"))+(COUNTIF(G120:G125,"=VR")+COUNTIF(G120:G125,"1+VR")+COUNTIF(G120:G125,"2+VR")+COUNTIF(G120:G125,"3+VR")+COUNTIF(G120:G125,"VR+1")+COUNTIF(G120:G125,"VR+2")+COUNTIF(G120:G125,"VR+3")+COUNTIF(G120:G125,"1+VR+VL")+COUNTIF(G120:G125,"VR+VL+1"))+(COUNTIF(G130:G131,"=VR")+COUNTIF(G130:G131,"1+VR")+COUNTIF(G130:G131,"2+VR")+COUNTIF(G130:G131,"3+VR")+COUNTIF(G130:G131,"VR+1")+COUNTIF(G130:G131,"VR+2")+COUNTIF(G130:G131,"VR+3")+COUNTIF(G130:G131,"1+VR+VL")+COUNTIF(G130:G131,"VR+VL+1"))+(COUNTIF(G136:G137,"=VR")+COUNTIF(G136:G137,"1+VR")+COUNTIF(G136:G137,"2+VR")+COUNTIF(G136:G137,"3+VR")+COUNTIF(G136:G137,"VR+1")+COUNTIF(G136:G137,"VR+2")+COUNTIF(G136:G137,"VR+3")+COUNTIF(G136:G137,"1+VR+VL")+COUNTIF(G136:G137,"VR+VL+1"))+(COUNTIF(G142:G147,"=VR")+COUNTIF(G142:G147,"1+VR")+COUNTIF(G142:G147,"2+VR")+COUNTIF(G142:G147,"3+VR")+COUNTIF(G142:G147,"VR+1")+COUNTIF(G142:G147,"VR+2")+COUNTIF(G142:G147,"VR+3")+COUNTIF(G142:G147,"1+VR+VL")+COUNTIF(G142:G147,"VR+VL+1"))+(COUNTIF(G152:G156,"=VR")+COUNTIF(G152:G156,"1+VR")+COUNTIF(G152:G156,"2+VR")+COUNTIF(G152:G156,"3+VR")+COUNTIF(G152:G156,"VR+1")+COUNTIF(G152:G156,"VR+2")+COUNTIF(G152:G156,"VR+3")+COUNTIF(G152:G156,"1+VR+VL")+COUNTIF(G152:G156,"VR+VL+1"))+(COUNTIF(G161:G163,"=VR")+COUNTIF(G161:G163,"1+VR")+COUNTIF(G161:G163,"2+VR")+COUNTIF(G161:G163,"3+VR")+COUNTIF(G161:G163,"VR+1")+COUNTIF(G161:G163,"VR+2")+COUNTIF(G161:G163,"VR+3")+COUNTIF(G161:G163,"1+VR+VL")+COUNTIF(G161:G163,"VR+VL+1"))+(COUNTIF(G168:G168,"=VR")+COUNTIF(G168:G168,"1+VR")+COUNTIF(G168:G168,"2+VR")+COUNTIF(G168:G168,"3+VR")+COUNTIF(G168:G168,"VR+1")+COUNTIF(G168:G168,"VR+2")+COUNTIF(G168:G168,"VR+3")+COUNTIF(G168:G168,"1+VR+VL")+COUNTIF(G168:G168,"VR+VL+1"))+(COUNTIF(P8:P14,"=VR")+COUNTIF(P8:P14,"1+VR")+COUNTIF(P8:P14,"2+VR")+COUNTIF(P8:P14,"3+VR")+COUNTIF(P8:P14,"VR+1")+COUNTIF(P8:P14,"VR+2")+COUNTIF(P8:P14,"VR+3")+COUNTIF(P8:P14,"1+VR+VL")+COUNTIF(P8:P14,"VR+VL+1"))+(COUNTIF(P19:P25,"=VR")+COUNTIF(P19:P25,"1+VR")+COUNTIF(P19:P25,"2+VR")+COUNTIF(P19:P25,"3+VR")+COUNTIF(P19:P25,"VR+1")+COUNTIF(P19:P25,"VR+2")+COUNTIF(P19:P25,"VR+3")+COUNTIF(P19:P25,"1+VR+VL")+COUNTIF(P19:P25,"VR+VL+1")) -> 0 | H4: =(COUNTIF(H8:H16,"=VR")+COUNTIF(H8:H16,"1+VR")+COUNTIF(H8:H16,"2+VR")+COUNTIF(H8:H16,"3+VR")+COUNTIF(H8:H16,"VR+1")+COUNTIF(H8:H16,"VR+2")+COUNTIF(H8:H16,"VR+3")+COUNTIF(H8:H16,"1+VR+VL")+COUNTIF(H8:H16,"VR+VL+1"))+(COUNTIF(H21:H25,"=VR")+COUNTIF(H21:H25,"1+VR")+COUNTIF(H21:H25,"2+VR")+COUNTIF(H21:H25,"3+VR")+COUNTIF(H21:H25,"VR+1")+COUNTIF(H21:H25,"VR+2")+COUNTIF(H21:H25,"VR+3")+COUNTIF(H21:H25,"1+VR+VL")+COUNTIF(H21:H25,"VR+VL+1"))+(COUNTIF(H30:H37,"=VR")+COUNTIF(H30:H37,"1+VR")+COUNTIF(H30:H37,"2+VR")+COUNTIF(H30:H37,"3+VR")+COUNTIF(H30:H37,"VR+1")+COUNTIF(H30:H37,"VR+2")+COUNTIF(H30:H37,"VR+3")+COUNTIF(H30:H37,"1+VR+VL")+COUNTIF(H30:H37,"VR+VL+1"))+(COUNTIF(H42:H50,"=VR")+COUNTIF(H42:H50,"1+VR")+COUNTIF(H42:H50,"2+VR")+COUNTIF(H42:H50,"3+VR")+COUNTIF(H42:H50,"VR+1")+COUNTIF(H42:H50,"VR+2")+COUNTIF(H42:H50,"VR+3")+COUNTIF(H42:H50,"1+VR+VL")+COUNTIF(H42:H50,"VR+VL+1"))+(COUNTIF(H55:H63,"=VR")+COUNTIF(H55:H63,"1+VR")+COUNTIF(H55:H63,"2+VR")+COUNTIF(H55:H63,"3+VR")+COUNTIF(H55:H63,"VR+1")+COUNTIF(H55:H63,"VR+2")+COUNTIF(H55:H63,"VR+3")+COUNTIF(H55:H63,"1+VR+VL")+COUNTIF(H55:H63,"VR+VL+1"))+(COUNTIF(H68:H75,"=VR")+COUNTIF(H68:H75,"1+VR")+COUNTIF(H68:H75,"2+VR")+COUNTIF(H68:H75,"3+VR")+COUNTIF(H68:H75,"VR+1")+COUNTIF(H68:H75,"VR+2")+COUNTIF(H68:H75,"VR+3")+COUNTIF(H68:H75,"1+VR+VL")+COUNTIF(H68:H75,"VR+VL+1"))+(COUNTIF(H80:H83,"=VR")+COUNTIF(H80:H83,"1+VR")+COUNTIF(H80:H83,"2+VR")+COUNTIF(H80:H83,"3+VR")+COUNTIF(H80:H83,"VR+1")+COUNTIF(H80:H83,"VR+2")+COUNTIF(H80:H83,"VR+3")+COUNTIF(H80:H83,"1+VR+VL")+COUNTIF(H80:H83,"VR+VL+1"))+(COUNTIF(H88:H91,"=VR")+COUNTIF(H88:H91,"1+VR")+COUNTIF(H88:H91,"2+VR")+COUNTIF(H88:H91,"3+VR")+COUNTIF(H88:H91,"VR+1")+COUNTIF(H88:H91,"VR+2")+COUNTIF(H88:H91,"VR+3")+COUNTIF(H88:H91,"1+VR+VL")+COUNTIF(H88:H91,"VR+VL+1"))+(COUNTIF(H96:H105,"=VR")+COUNTIF(H96:H105,"1+VR")+COUNTIF(H96:H105,"2+VR")+COUNTIF(H96:H105,"3+VR")+COUNTIF(H96:H105,"VR+1")+COUNTIF(H96:H105,"VR+2")+COUNTIF(H96:H105,"VR+3")+COUNTIF(H96:H105,"1+VR+VL")+COUNTIF(H96:H105,"VR+VL+1"))+(COUNTIF(H110:H115,"=VR")+COUNTIF(H110:H115,"1+VR")+COUNTIF(H110:H115,"2+VR")+COUNTIF(H110:H115,"3+VR")+COUNTIF(H110:H115,"VR+1")+COUNTIF(H110:H115,"VR+2")+COUNTIF(H110:H115,"VR+3")+COUNTIF(H110:H115,"1+VR+VL")+COUNTIF(H110:H115,"VR+VL+1"))+(COUNTIF(H120:H125,"=VR")+COUNTIF(H120:H125,"1+VR")+COUNTIF(H120:H125,"2+VR")+COUNTIF(H120:H125,"3+VR")+COUNTIF(H120:H125,"VR+1")+COUNTIF(H120:H125,"VR+2")+COUNTIF(H120:H125,"VR+3")+COUNTIF(H120:H125,"1+VR+VL")+COUNTIF(H120:H125,"VR+VL+1"))+(COUNTIF(H130:H131,"=VR")+COUNTIF(H130:H131,"1+VR")+COUNTIF(H130:H131,"2+VR")+COUNTIF(H130:H131,"3+VR")+COUNTIF(H130:H131,"VR+1")+COUNTIF(H130:H131,"VR+2")+COUNTIF(H130:H131,"VR+3")+COUNTIF(H130:H131,"1+VR+VL")+COUNTIF(H130:H131,"VR+VL+1"))+(COUNTIF(H136:H137,"=VR")+COUNTIF(H136:H137,"1+VR")+COUNTIF(H136:H137,"2+VR")+COUNTIF(H136:H137,"3+VR")+COUNTIF(H136:H137,"VR+1")+COUNTIF(H136:H137,"VR+2")+COUNTIF(H136:H137,"VR+3")+COUNTIF(H136:H137,"1+VR+VL")+COUNTIF(H136:H137,"VR+VL+1"))+(COUNTIF(H142:H147,"=VR")+COUNTIF(H142:H147,"1+VR")+COUNTIF(H142:H147,"2+VR")+COUNTIF(H142:H147,"3+VR")+COUNTIF(H142:H147,"VR+1")+COUNTIF(H142:H147,"VR+2")+COUNTIF(H142:H147,"VR+3")+COUNTIF(H142:H147,"1+VR+VL")+COUNTIF(H142:H147,"VR+VL+1"))+(COUNTIF(H152:H156,"=VR")+COUNTIF(H152:H156,"1+VR")+COUNTIF(H152:H156,"2+VR")+COUNTIF(H152:H156,"3+VR")+COUNTIF(H152:H156,"VR+1")+COUNTIF(H152:H156,"VR+2")+COUNTIF(H152:H156,"VR+3")+COUNTIF(H152:H156,"1+VR+VL")+COUNTIF(H152:H156,"VR+VL+1"))+(COUNTIF(H161:H163,"=VR")+COUNTIF(H161:H163,"1+VR")+COUNTIF(H161:H163,"2+VR")+COUNTIF(H161:H163,"3+VR")+COUNTIF(H161:H163,"VR+1")+COUNTIF(H161:H163,"VR+2")+COUNTIF(H161:H163,"VR+3")+COUNTIF(H161:H163,"1+VR+VL")+COUNTIF(H161:H163,"VR+VL+1"))+(COUNTIF(H168:H168,"=VR")+COUNTIF(H168:H168,"1+VR")+COUNTIF(H168:H168,"2+VR")+COUNTIF(H168:H168,"3+VR")+COUNTIF(H168:H168,"VR+1")+COUNTIF(H168:H168,"VR+2")+COUNTIF(H168:H168,"VR+3")+COUNTIF(H168:H168,"1+VR+VL")+COUNTIF(H168:H168,"VR+VL+1"))+(COUNTIF(Q8:Q14,"=VR")+COUNTIF(Q8:Q14,"1+VR")+COUNTIF(Q8:Q14,"2+VR")+COUNTIF(Q8:Q14,"3+VR")+COUNTIF(Q8:Q14,"VR+1")+COUNTIF(Q8:Q14,"VR+2")+COUNTIF(Q8:Q14,"VR+3")+COUNTIF(Q8:Q14,"1+VR+VL")+COUNTIF(Q8:Q14,"VR+VL+1"))+(COUNTIF(Q19:Q25,"=VR")+COUNTIF(Q19:Q25,"1+VR")+COUNTIF(Q19:Q25,"2+VR")+COUNTIF(Q19:Q25,"3+VR")+COUNTIF(Q19:Q25,"VR+1")+COUNTIF(Q19:Q25,"VR+2")+COUNTIF(Q19:Q25,"VR+3")+COUNTIF(Q19:Q25,"1+VR+VL")+COUNTIF(Q19:Q25,"VR+VL+1")) -> 0
A5: VL | B5: =(COUNTIF(B8:B16,"=VL")+COUNTIF(B8:B16,"1+VL")+COUNTIF(B8:B16,"2+VL")+COUNTIF(B8:B16,"3+VL")+COUNTIF(B8:B16,"VL+1")+COUNTIF(B8:B16,"VL+2")+COUNTIF(B8:B16,"VL+3")+COUNTIF(B8:B16,"1+VR+VL")+COUNTIF(B8:B16,"VR+VL+1"))+(COUNTIF(B21:B25,"=VL")+COUNTIF(B21:B25,"1+VL")+COUNTIF(B21:B25,"2+VL")+COUNTIF(B21:B25,"3+VL")+COUNTIF(B21:B25,"VL+1")+COUNTIF(B21:B25,"VL+2")+COUNTIF(B21:B25,"VL+3")+COUNTIF(B21:B25,"1+VR+VL")+COUNTIF(B21:B25,"VR+VL+1"))+(COUNTIF(B30:B37,"=VL")+COUNTIF(B30:B37,"1+VL")+COUNTIF(B30:B37,"2+VL")+COUNTIF(B30:B37,"3+VL")+COUNTIF(B30:B37,"VL+1")+COUNTIF(B30:B37,"VL+2")+COUNTIF(B30:B37,"VL+3")+COUNTIF(B30:B37,"1+VR+VL")+COUNTIF(B30:B37,"VR+VL+1"))+(COUNTIF(B42:B50,"=VL")+COUNTIF(B42:B50,"1+VL")+COUNTIF(B42:B50,"2+VL")+COUNTIF(B42:B50,"3+VL")+COUNTIF(B42:B50,"VL+1")+COUNTIF(B42:B50,"VL+2")+COUNTIF(B42:B50,"VL+3")+COUNTIF(B42:B50,"1+VR+VL")+COUNTIF(B42:B50,"VR+VL+1"))+(COUNTIF(B55:B63,"=VL")+COUNTIF(B55:B63,"1+VL")+COUNTIF(B55:B63,"2+VL")+COUNTIF(B55:B63,"3+VL")+COUNTIF(B55:B63,"VL+1")+COUNTIF(B55:B63,"VL+2")+COUNTIF(B55:B63,"VL+3")+COUNTIF(B55:B63,"1+VR+VL")+COUNTIF(B55:B63,"VR+VL+1"))+(COUNTIF(B68:B75,"=VL")+COUNTIF(B68:B75,"1+VL")+COUNTIF(B68:B75,"2+VL")+COUNTIF(B68:B75,"3+VL")+COUNTIF(B68:B75,"VL+1")+COUNTIF(B68:B75,"VL+2")+COUNTIF(B68:B75,"VL+3")+COUNTIF(B68:B75,"1+VR+VL")+COUNTIF(B68:B75,"VR+VL+1"))+(COUNTIF(B80:B83,"=VL")+COUNTIF(B80:B83,"1+VL")+COUNTIF(B80:B83,"2+VL")+COUNTIF(B80:B83,"3+VL")+COUNTIF(B80:B83,"VL+1")+COUNTIF(B80:B83,"VL+2")+COUNTIF(B80:B83,"VL+3")+COUNTIF(B80:B83,"1+VR+VL")+COUNTIF(B80:B83,"VR+VL+1"))+(COUNTIF(B88:B91,"=VL")+COUNTIF(B88:B91,"1+VL")+COUNTIF(B88:B91,"2+VL")+COUNTIF(B88:B91,"3+VL")+COUNTIF(B88:B91,"VL+1")+COUNTIF(B88:B91,"VL+2")+COUNTIF(B88:B91,"VL+3")+COUNTIF(B88:B91,"1+VR+VL")+COUNTIF(B88:B91,"VR+VL+1"))+(COUNTIF(B96:B105,"=VL")+COUNTIF(B96:B105,"1+VL")+COUNTIF(B96:B105,"2+VL")+COUNTIF(B96:B105,"3+VL")+COUNTIF(B96:B105,"VL+1")+COUNTIF(B96:B105,"VL+2")+COUNTIF(B96:B105,"VL+3")+COUNTIF(B96:B105,"1+VR+VL")+COUNTIF(B96:B105,"VR+VL+1"))+(COUNTIF(B110:B115,"=VL")+COUNTIF(B110:B115,"1+VL")+COUNTIF(B110:B115,"2+VL")+COUNTIF(B110:B115,"3+VL")+COUNTIF(B110:B115,"VL+1")+COUNTIF(B110:B115,"VL+2")+COUNTIF(B110:B115,"VL+3")+COUNTIF(B110:B115,"1+VR+VL")+COUNTIF(B110:B115,"VR+VL+1"))+(COUNTIF(B120:B125,"=VL")+COUNTIF(B120:B125,"1+VL")+COUNTIF(B120:B125,"2+VL")+COUNTIF(B120:B125,"3+VL")+COUNTIF(B120:B125,"VL+1")+COUNTIF(B120:B125,"VL+2")+COUNTIF(B120:B125,"VL+3")+COUNTIF(B120:B125,"1+VR+VL")+COUNTIF(B120:B125,"VR+VL+1"))+(COUNTIF(B130:B131,"=VL")+COUNTIF(B130:B131,"1+VL")+COUNTIF(B130:B131,"2+VL")+COUNTIF(B130:B131,"3+VL")+COUNTIF(B130:B131,"VL+1")+COUNTIF(B130:B131,"VL+2")+COUNTIF(B130:B131,"VL+3")+COUNTIF(B130:B131,"1+VR+VL")+COUNTIF(B130:B131,"VR+VL+1"))+(COUNTIF(B136:B137,"=VL")+COUNTIF(B136:B137,"1+VL")+COUNTIF(B136:B137,"2+VL")+COUNTIF(B136:B137,"3+VL")+COUNTIF(B136:B137,"VL+1")+COUNTIF(B136:B137,"VL+2")+COUNTIF(B136:B137,"VL+3")+COUNTIF(B136:B137,"1+VR+VL")+COUNTIF(B136:B137,"VR+VL+1"))+(COUNTIF(B142:B147,"=VL")+COUNTIF(B142:B147,"1+VL")+COUNTIF(B142:B147,"2+VL")+COUNTIF(B142:B147,"3+VL")+COUNTIF(B142:B147,"VL+1")+COUNTIF(B142:B147,"VL+2")+COUNTIF(B142:B147,"VL+3")+COUNTIF(B142:B147,"1+VR+VL")+COUNTIF(B142:B147,"VR+VL+1"))+(COUNTIF(B152:B156,"=VL")+COUNTIF(B152:B156,"1+VL")+COUNTIF(B152:B156,"2+VL")+COUNTIF(B152:B156,"3+VL")+COUNTIF(B152:B156,"VL+1")+COUNTIF(B152:B156,"VL+2")+COUNTIF(B152:B156,"VL+3")+COUNTIF(B152:B156,"1+VR+VL")+COUNTIF(B152:B156,"VR+VL+1"))+(COUNTIF(B161:B163,"=VL")+COUNTIF(B161:B163,"1+VL")+COUNTIF(B161:B163,"2+VL")+COUNTIF(B161:B163,"3+VL")+COUNTIF(B161:B163,"VL+1")+COUNTIF(B161:B163,"VL+2")+COUNTIF(B161:B163,"VL+3")+COUNTIF(B161:B163,"1+VR+VL")+COUNTIF(B161:B163,"VR+VL+1"))+(COUNTIF(B168:B168,"=VL")+COUNTIF(B168:B168,"1+VL")+COUNTIF(B168:B168,"2+VL")+COUNTIF(B168:B168,"3+VL")+COUNTIF(B168:B168,"VL+1")+COUNTIF(B168:B168,"VL+2")+COUNTIF(B168:B168,"VL+3")+COUNTIF(B168:B168,"1+VR+VL")+COUNTIF(B168:B168,"VR+VL+1"))+(COUNTIF(K8:K14,"=VL")+COUNTIF(K8:K14,"1+VL")+COUNTIF(K8:K14,"2+VL")+COUNTIF(K8:K14,"3+VL")+COUNTIF(K8:K14,"VL+1")+COUNTIF(K8:K14,"VL+2")+COUNTIF(K8:K14,"VL+3")+COUNTIF(K8:K14,"1+VR+VL")+COUNTIF(K8:K14,"VR+VL+1"))+(COUNTIF(K19:K25,"=VL")+COUNTIF(K19:K25,"1+VL")+COUNTIF(K19:K25,"2+VL")+COUNTIF(K19:K25,"3+VL")+COUNTIF(K19:K25,"VL+1")+COUNTIF(K19:K25,"VL+2")+COUNTIF(K19:K25,"VL+3")+COUNTIF(K19:K25,"1+VR+VL")+COUNTIF(K19:K25,"VR+VL+1")) -> 0 | C5: =(COUNTIF(C8:C16,"=VL")+COUNTIF(C8:C16,"1+VL")+COUNTIF(C8:C16,"2+VL")+COUNTIF(C8:C16,"3+VL")+COUNTIF(C8:C16,"VL+1")+COUNTIF(C8:C16,"VL+2")+COUNTIF(C8:C16,"VL+3")+COUNTIF(C8:C16,"1+VR+VL")+COUNTIF(C8:C16,"VR+VL+1"))+(COUNTIF(C21:C25,"=VL")+COUNTIF(C21:C25,"1+VL")+COUNTIF(C21:C25,"2+VL")+COUNTIF(C21:C25,"3+VL")+COUNTIF(C21:C25,"VL+1")+COUNTIF(C21:C25,"VL+2")+COUNTIF(C21:C25,"VL+3")+COUNTIF(C21:C25,"1+VR+VL")+COUNTIF(C21:C25,"VR+VL+1"))+(COUNTIF(C30:C37,"=VL")+COUNTIF(C30:C37,"1+VL")+COUNTIF(C30:C37,"2+VL")+COUNTIF(C30:C37,"3+VL")+COUNTIF(C30:C37,"VL+1")+COUNTIF(C30:C37,"VL+2")+COUNTIF(C30:C37,"VL+3")+COUNTIF(C30:C37,"1+VR+VL")+COUNTIF(C30:C37,"VR+VL+1"))+(COUNTIF(C42:C50,"=VL")+COUNTIF(C42:C50,"1+VL")+COUNTIF(C42:C50,"2+VL")+COUNTIF(C42:C50,"3+VL")+COUNTIF(C42:C50,"VL+1")+COUNTIF(C42:C50,"VL+2")+COUNTIF(C42:C50,"VL+3")+COUNTIF(C42:C50,"1+VR+VL")+COUNTIF(C42:C50,"VR+VL+1"))+(COUNTIF(C55:C63,"=VL")+COUNTIF(C55:C63,"1+VL")+COUNTIF(C55:C63,"2+VL")+COUNTIF(C55:C63,"3+VL")+COUNTIF(C55:C63,"VL+1")+COUNTIF(C55:C63,"VL+2")+COUNTIF(C55:C63,"VL+3")+COUNTIF(C55:C63,"1+VR+VL")+COUNTIF(C55:C63,"VR+VL+1"))+(COUNTIF(C68:C75,"=VL")+COUNTIF(C68:C75,"1+VL")+COUNTIF(C68:C75,"2+VL")+COUNTIF(C68:C75,"3+VL")+COUNTIF(C68:C75,"VL+1")+COUNTIF(C68:C75,"VL+2")+COUNTIF(C68:C75,"VL+3")+COUNTIF(C68:C75,"1+VR+VL")+COUNTIF(C68:C75,"VR+VL+1"))+(COUNTIF(C80:C83,"=VL")+COUNTIF(C80:C83,"1+VL")+COUNTIF(C80:C83,"2+VL")+COUNTIF(C80:C83,"3+VL")+COUNTIF(C80:C83,"VL+1")+COUNTIF(C80:C83,"VL+2")+COUNTIF(C80:C83,"VL+3")+COUNTIF(C80:C83,"1+VR+VL")+COUNTIF(C80:C83,"VR+VL+1"))+(COUNTIF(C88:C91,"=VL")+COUNTIF(C88:C91,"1+VL")+COUNTIF(C88:C91,"2+VL")+COUNTIF(C88:C91,"3+VL")+COUNTIF(C88:C91,"VL+1")+COUNTIF(C88:C91,"VL+2")+COUNTIF(C88:C91,"VL+3")+COUNTIF(C88:C91,"1+VR+VL")+COUNTIF(C88:C91,"VR+VL+1"))+(COUNTIF(C96:C105,"=VL")+COUNTIF(C96:C105,"1+VL")+COUNTIF(C96:C105,"2+VL")+COUNTIF(C96:C105,"3+VL")+COUNTIF(C96:C105,"VL+1")+COUNTIF(C96:C105,"VL+2")+COUNTIF(C96:C105,"VL+3")+COUNTIF(C96:C105,"1+VR+VL")+COUNTIF(C96:C105,"VR+VL+1"))+(COUNTIF(C110:C115,"=VL")+COUNTIF(C110:C115,"1+VL")+COUNTIF(C110:C115,"2+VL")+COUNTIF(C110:C115,"3+VL")+COUNTIF(C110:C115,"VL+1")+COUNTIF(C110:C115,"VL+2")+COUNTIF(C110:C115,"VL+3")+COUNTIF(C110:C115,"1+VR+VL")+COUNTIF(C110:C115,"VR+VL+1"))+(COUNTIF(C120:C125,"=VL")+COUNTIF(C120:C125,"1+VL")+COUNTIF(C120:C125,"2+VL")+COUNTIF(C120:C125,"3+VL")+COUNTIF(C120:C125,"VL+1")+COUNTIF(C120:C125,"VL+2")+COUNTIF(C120:C125,"VL+3")+COUNTIF(C120:C125,"1+VR+VL")+COUNTIF(C120:C125,"VR+VL+1"))+(COUNTIF(C130:C131,"=VL")+COUNTIF(C130:C131,"1+VL")+COUNTIF(C130:C131,"2+VL")+COUNTIF(C130:C131,"3+VL")+COUNTIF(C130:C131,"VL+1")+COUNTIF(C130:C131,"VL+2")+COUNTIF(C130:C131,"VL+3")+COUNTIF(C130:C131,"1+VR+VL")+COUNTIF(C130:C131,"VR+VL+1"))+(COUNTIF(C136:C137,"=VL")+COUNTIF(C136:C137,"1+VL")+COUNTIF(C136:C137,"2+VL")+COUNTIF(C136:C137,"3+VL")+COUNTIF(C136:C137,"VL+1")+COUNTIF(C136:C137,"VL+2")+COUNTIF(C136:C137,"VL+3")+COUNTIF(C136:C137,"1+VR+VL")+COUNTIF(C136:C137,"VR+VL+1"))+(COUNTIF(C142:C147,"=VL")+COUNTIF(C142:C147,"1+VL")+COUNTIF(C142:C147,"2+VL")+COUNTIF(C142:C147,"3+VL")+COUNTIF(C142:C147,"VL+1")+COUNTIF(C142:C147,"VL+2")+COUNTIF(C142:C147,"VL+3")+COUNTIF(C142:C147,"1+VR+VL")+COUNTIF(C142:C147,"VR+VL+1"))+(COUNTIF(C152:C156,"=VL")+COUNTIF(C152:C156,"1+VL")+COUNTIF(C152:C156,"2+VL")+COUNTIF(C152:C156,"3+VL")+COUNTIF(C152:C156,"VL+1")+COUNTIF(C152:C156,"VL+2")+COUNTIF(C152:C156,"VL+3")+COUNTIF(C152:C156,"1+VR+VL")+COUNTIF(C152:C156,"VR+VL+1"))+(COUNTIF(C161:C163,"=VL")+COUNTIF(C161:C163,"1+VL")+COUNTIF(C161:C163,"2+VL")+COUNTIF(C161:C163,"3+VL")+COUNTIF(C161:C163,"VL+1")+COUNTIF(C161:C163,"VL+2")+COUNTIF(C161:C163,"VL+3")+COUNTIF(C161:C163,"1+VR+VL")+COUNTIF(C161:C163,"VR+VL+1"))+(COUNTIF(C168:C168,"=VL")+COUNTIF(C168:C168,"1+VL")+COUNTIF(C168:C168,"2+VL")+COUNTIF(C168:C168,"3+VL")+COUNTIF(C168:C168,"VL+1")+COUNTIF(C168:C168,"VL+2")+COUNTIF(C168:C168,"VL+3")+COUNTIF(C168:C168,"1+VR+VL")+COUNTIF(C168:C168,"VR+VL+1"))+(COUNTIF(L8:L14,"=VL")+COUNTIF(L8:L14,"1+VL")+COUNTIF(L8:L14,"2+VL")+COUNTIF(L8:L14,"3+VL")+COUNTIF(L8:L14,"VL+1")+COUNTIF(L8:L14,"VL+2")+COUNTIF(L8:L14,"VL+3")+COUNTIF(L8:L14,"1+VR+VL")+COUNTIF(L8:L14,"VR+VL+1"))+(COUNTIF(L19:L25,"=VL")+COUNTIF(L19:L25,"1+VL")+COUNTIF(L19:L25,"2+VL")+COUNTIF(L19:L25,"3+VL")+COUNTIF(L19:L25,"VL+1")+COUNTIF(L19:L25,"VL+2")+COUNTIF(L19:L25,"VL+3")+COUNTIF(L19:L25,"1+VR+VL")+COUNTIF(L19:L25,"VR+VL+1")) -> 0 | D5: =(COUNTIF(D8:D16,"=VL")+COUNTIF(D8:D16,"1+VL")+COUNTIF(D8:D16,"2+VL")+COUNTIF(D8:D16,"3+VL")+COUNTIF(D8:D16,"VL+1")+COUNTIF(D8:D16,"VL+2")+COUNTIF(D8:D16,"VL+3")+COUNTIF(D8:D16,"1+VR+VL")+COUNTIF(D8:D16,"VR+VL+1"))+(COUNTIF(D21:D25,"=VL")+COUNTIF(D21:D25,"1+VL")+COUNTIF(D21:D25,"2+VL")+COUNTIF(D21:D25,"3+VL")+COUNTIF(D21:D25,"VL+1")+COUNTIF(D21:D25,"VL+2")+COUNTIF(D21:D25,"VL+3")+COUNTIF(D21:D25,"1+VR+VL")+COUNTIF(D21:D25,"VR+VL+1"))+(COUNTIF(D30:D37,"=VL")+COUNTIF(D30:D37,"1+VL")+COUNTIF(D30:D37,"2+VL")+COUNTIF(D30:D37,"3+VL")+COUNTIF(D30:D37,"VL+1")+COUNTIF(D30:D37,"VL+2")+COUNTIF(D30:D37,"VL+3")+COUNTIF(D30:D37,"1+VR+VL")+COUNTIF(D30:D37,"VR+VL+1"))+(COUNTIF(D42:D50,"=VL")+COUNTIF(D42:D50,"1+VL")+COUNTIF(D42:D50,"2+VL")+COUNTIF(D42:D50,"3+VL")+COUNTIF(D42:D50,"VL+1")+COUNTIF(D42:D50,"VL+2")+COUNTIF(D42:D50,"VL+3")+COUNTIF(D42:D50,"1+VR+VL")+COUNTIF(D42:D50,"VR+VL+1"))+(COUNTIF(D55:D63,"=VL")+COUNTIF(D55:D63,"1+VL")+COUNTIF(D55:D63,"2+VL")+COUNTIF(D55:D63,"3+VL")+COUNTIF(D55:D63,"VL+1")+COUNTIF(D55:D63,"VL+2")+COUNTIF(D55:D63,"VL+3")+COUNTIF(D55:D63,"1+VR+VL")+COUNTIF(D55:D63,"VR+VL+1"))+(COUNTIF(D68:D75,"=VL")+COUNTIF(D68:D75,"1+VL")+COUNTIF(D68:D75,"2+VL")+COUNTIF(D68:D75,"3+VL")+COUNTIF(D68:D75,"VL+1")+COUNTIF(D68:D75,"VL+2")+COUNTIF(D68:D75,"VL+3")+COUNTIF(D68:D75,"1+VR+VL")+COUNTIF(D68:D75,"VR+VL+1"))+(COUNTIF(D80:D83,"=VL")+COUNTIF(D80:D83,"1+VL")+COUNTIF(D80:D83,"2+VL")+COUNTIF(D80:D83,"3+VL")+COUNTIF(D80:D83,"VL+1")+COUNTIF(D80:D83,"VL+2")+COUNTIF(D80:D83,"VL+3")+COUNTIF(D80:D83,"1+VR+VL")+COUNTIF(D80:D83,"VR+VL+1"))+(COUNTIF(D88:D91,"=VL")+COUNTIF(D88:D91,"1+VL")+COUNTIF(D88:D91,"2+VL")+COUNTIF(D88:D91,"3+VL")+COUNTIF(D88:D91,"VL+1")+COUNTIF(D88:D91,"VL+2")+COUNTIF(D88:D91,"VL+3")+COUNTIF(D88:D91,"1+VR+VL")+COUNTIF(D88:D91,"VR+VL+1"))+(COUNTIF(D96:D105,"=VL")+COUNTIF(D96:D105,"1+VL")+COUNTIF(D96:D105,"2+VL")+COUNTIF(D96:D105,"3+VL")+COUNTIF(D96:D105,"VL+1")+COUNTIF(D96:D105,"VL+2")+COUNTIF(D96:D105,"VL+3")+COUNTIF(D96:D105,"1+VR+VL")+COUNTIF(D96:D105,"VR+VL+1"))+(COUNTIF(D110:D115,"=VL")+COUNTIF(D110:D115,"1+VL")+COUNTIF(D110:D115,"2+VL")+COUNTIF(D110:D115,"3+VL")+COUNTIF(D110:D115,"VL+1")+COUNTIF(D110:D115,"VL+2")+COUNTIF(D110:D115,"VL+3")+COUNTIF(D110:D115,"1+VR+VL")+COUNTIF(D110:D115,"VR+VL+1"))+(COUNTIF(D120:D125,"=VL")+COUNTIF(D120:D125,"1+VL")+COUNTIF(D120:D125,"2+VL")+COUNTIF(D120:D125,"3+VL")+COUNTIF(D120:D125,"VL+1")+COUNTIF(D120:D125,"VL+2")+COUNTIF(D120:D125,"VL+3")+COUNTIF(D120:D125,"1+VR+VL")+COUNTIF(D120:D125,"VR+VL+1"))+(COUNTIF(D130:D131,"=VL")+COUNTIF(D130:D131,"1+VL")+COUNTIF(D130:D131,"2+VL")+COUNTIF(D130:D131,"3+VL")+COUNTIF(D130:D131,"VL+1")+COUNTIF(D130:D131,"VL+2")+COUNTIF(D130:D131,"VL+3")+COUNTIF(D130:D131,"1+VR+VL")+COUNTIF(D130:D131,"VR+VL+1"))+(COUNTIF(D136:D137,"=VL")+COUNTIF(D136:D137,"1+VL")+COUNTIF(D136:D137,"2+VL")+COUNTIF(D136:D137,"3+VL")+COUNTIF(D136:D137,"VL+1")+COUNTIF(D136:D137,"VL+2")+COUNTIF(D136:D137,"VL+3")+COUNTIF(D136:D137,"1+VR+VL")+COUNTIF(D136:D137,"VR+VL+1"))+(COUNTIF(D142:D147,"=VL")+COUNTIF(D142:D147,"1+VL")+COUNTIF(D142:D147,"2+VL")+COUNTIF(D142:D147,"3+VL")+COUNTIF(D142:D147,"VL+1")+COUNTIF(D142:D147,"VL+2")+COUNTIF(D142:D147,"VL+3")+COUNTIF(D142:D147,"1+VR+VL")+COUNTIF(D142:D147,"VR+VL+1"))+(COUNTIF(D152:D156,"=VL")+COUNTIF(D152:D156,"1+VL")+COUNTIF(D152:D156,"2+VL")+COUNTIF(D152:D156,"3+VL")+COUNTIF(D152:D156,"VL+1")+COUNTIF(D152:D156,"VL+2")+COUNTIF(D152:D156,"VL+3")+COUNTIF(D152:D156,"1+VR+VL")+COUNTIF(D152:D156,"VR+VL+1"))+(COUNTIF(D161:D163,"=VL")+COUNTIF(D161:D163,"1+VL")+COUNTIF(D161:D163,"2+VL")+COUNTIF(D161:D163,"3+VL")+COUNTIF(D161:D163,"VL+1")+COUNTIF(D161:D163,"VL+2")+COUNTIF(D161:D163,"VL+3")+COUNTIF(D161:D163,"1+VR+VL")+COUNTIF(D161:D163,"VR+VL+1"))+(COUNTIF(D168:D168,"=VL")+COUNTIF(D168:D168,"1+VL")+COUNTIF(D168:D168,"2+VL")+COUNTIF(D168:D168,"3+VL")+COUNTIF(D168:D168,"VL+1")+COUNTIF(D168:D168,"VL+2")+COUNTIF(D168:D168,"VL+3")+COUNTIF(D168:D168,"1+VR+VL")+COUNTIF(D168:D168,"VR+VL+1"))+(COUNTIF(M8:M14,"=VL")+COUNTIF(M8:M14,"1+VL")+COUNTIF(M8:M14,"2+VL")+COUNTIF(M8:M14,"3+VL")+COUNTIF(M8:M14,"VL+1")+COUNTIF(M8:M14,"VL+2")+COUNTIF(M8:M14,"VL+3")+COUNTIF(M8:M14,"1+VR+VL")+COUNTIF(M8:M14,"VR+VL+1"))+(COUNTIF(M19:M25,"=VL")+COUNTIF(M19:M25,"1+VL")+COUNTIF(M19:M25,"2+VL")+COUNTIF(M19:M25,"3+VL")+COUNTIF(M19:M25,"VL+1")+COUNTIF(M19:M25,"VL+2")+COUNTIF(M19:M25,"VL+3")+COUNTIF(M19:M25,"1+VR+VL")+COUNTIF(M19:M25,"VR+VL+1")) -> 0 | E5: =(COUNTIF(E8:E16,"=VL")+COUNTIF(E8:E16,"1+VL")+COUNTIF(E8:E16,"2+VL")+COUNTIF(E8:E16,"3+VL")+COUNTIF(E8:E16,"VL+1")+COUNTIF(E8:E16,"VL+2")+COUNTIF(E8:E16,"VL+3")+COUNTIF(E8:E16,"1+VR+VL")+COUNTIF(E8:E16,"VR+VL+1"))+(COUNTIF(E21:E25,"=VL")+COUNTIF(E21:E25,"1+VL")+COUNTIF(E21:E25,"2+VL")+COUNTIF(E21:E25,"3+VL")+COUNTIF(E21:E25,"VL+1")+COUNTIF(E21:E25,"VL+2")+COUNTIF(E21:E25,"VL+3")+COUNTIF(E21:E25,"1+VR+VL")+COUNTIF(E21:E25,"VR+VL+1"))+(COUNTIF(E30:E37,"=VL")+COUNTIF(E30:E37,"1+VL")+COUNTIF(E30:E37,"2+VL")+COUNTIF(E30:E37,"3+VL")+COUNTIF(E30:E37,"VL+1")+COUNTIF(E30:E37,"VL+2")+COUNTIF(E30:E37,"VL+3")+COUNTIF(E30:E37,"1+VR+VL")+COUNTIF(E30:E37,"VR+VL+1"))+(COUNTIF(E42:E50,"=VL")+COUNTIF(E42:E50,"1+VL")+COUNTIF(E42:E50,"2+VL")+COUNTIF(E42:E50,"3+VL")+COUNTIF(E42:E50,"VL+1")+COUNTIF(E42:E50,"VL+2")+COUNTIF(E42:E50,"VL+3")+COUNTIF(E42:E50,"1+VR+VL")+COUNTIF(E42:E50,"VR+VL+1"))+(COUNTIF(E55:E63,"=VL")+COUNTIF(E55:E63,"1+VL")+COUNTIF(E55:E63,"2+VL")+COUNTIF(E55:E63,"3+VL")+COUNTIF(E55:E63,"VL+1")+COUNTIF(E55:E63,"VL+2")+COUNTIF(E55:E63,"VL+3")+COUNTIF(E55:E63,"1+VR+VL")+COUNTIF(E55:E63,"VR+VL+1"))+(COUNTIF(E68:E75,"=VL")+COUNTIF(E68:E75,"1+VL")+COUNTIF(E68:E75,"2+VL")+COUNTIF(E68:E75,"3+VL")+COUNTIF(E68:E75,"VL+1")+COUNTIF(E68:E75,"VL+2")+COUNTIF(E68:E75,"VL+3")+COUNTIF(E68:E75,"1+VR+VL")+COUNTIF(E68:E75,"VR+VL+1"))+(COUNTIF(E80:E83,"=VL")+COUNTIF(E80:E83,"1+VL")+COUNTIF(E80:E83,"2+VL")+COUNTIF(E80:E83,"3+VL")+COUNTIF(E80:E83,"VL+1")+COUNTIF(E80:E83,"VL+2")+COUNTIF(E80:E83,"VL+3")+COUNTIF(E80:E83,"1+VR+VL")+COUNTIF(E80:E83,"VR+VL+1"))+(COUNTIF(E88:E91,"=VL")+COUNTIF(E88:E91,"1+VL")+COUNTIF(E88:E91,"2+VL")+COUNTIF(E88:E91,"3+VL")+COUNTIF(E88:E91,"VL+1")+COUNTIF(E88:E91,"VL+2")+COUNTIF(E88:E91,"VL+3")+COUNTIF(E88:E91,"1+VR+VL")+COUNTIF(E88:E91,"VR+VL+1"))+(COUNTIF(E96:E105,"=VL")+COUNTIF(E96:E105,"1+VL")+COUNTIF(E96:E105,"2+VL")+COUNTIF(E96:E105,"3+VL")+COUNTIF(E96:E105,"VL+1")+COUNTIF(E96:E105,"VL+2")+COUNTIF(E96:E105,"VL+3")+COUNTIF(E96:E105,"1+VR+VL")+COUNTIF(E96:E105,"VR+VL+1"))+(COUNTIF(E110:E115,"=VL")+COUNTIF(E110:E115,"1+VL")+COUNTIF(E110:E115,"2+VL")+COUNTIF(E110:E115,"3+VL")+COUNTIF(E110:E115,"VL+1")+COUNTIF(E110:E115,"VL+2")+COUNTIF(E110:E115,"VL+3")+COUNTIF(E110:E115,"1+VR+VL")+COUNTIF(E110:E115,"VR+VL+1"))+(COUNTIF(E120:E125,"=VL")+COUNTIF(E120:E125,"1+VL")+COUNTIF(E120:E125,"2+VL")+COUNTIF(E120:E125,"3+VL")+COUNTIF(E120:E125,"VL+1")+COUNTIF(E120:E125,"VL+2")+COUNTIF(E120:E125,"VL+3")+COUNTIF(E120:E125,"1+VR+VL")+COUNTIF(E120:E125,"VR+VL+1"))+(COUNTIF(E130:E131,"=VL")+COUNTIF(E130:E131,"1+VL")+COUNTIF(E130:E131,"2+VL")+COUNTIF(E130:E131,"3+VL")+COUNTIF(E130:E131,"VL+1")+COUNTIF(E130:E131,"VL+2")+COUNTIF(E130:E131,"VL+3")+COUNTIF(E130:E131,"1+VR+VL")+COUNTIF(E130:E131,"VR+VL+1"))+(COUNTIF(E136:E137,"=VL")+COUNTIF(E136:E137,"1+VL")+COUNTIF(E136:E137,"2+VL")+COUNTIF(E136:E137,"3+VL")+COUNTIF(E136:E137,"VL+1")+COUNTIF(E136:E137,"VL+2")+COUNTIF(E136:E137,"VL+3")+COUNTIF(E136:E137,"1+VR+VL")+COUNTIF(E136:E137,"VR+VL+1"))+(COUNTIF(E142:E147,"=VL")+COUNTIF(E142:E147,"1+VL")+COUNTIF(E142:E147,"2+VL")+COUNTIF(E142:E147,"3+VL")+COUNTIF(E142:E147,"VL+1")+COUNTIF(E142:E147,"VL+2")+COUNTIF(E142:E147,"VL+3")+COUNTIF(E142:E147,"1+VR+VL")+COUNTIF(E142:E147,"VR+VL+1"))+(COUNTIF(E152:E156,"=VL")+COUNTIF(E152:E156,"1+VL")+COUNTIF(E152:E156,"2+VL")+COUNTIF(E152:E156,"3+VL")+COUNTIF(E152:E156,"VL+1")+COUNTIF(E152:E156,"VL+2")+COUNTIF(E152:E156,"VL+3")+COUNTIF(E152:E156,"1+VR+VL")+COUNTIF(E152:E156,"VR+VL+1"))+(COUNTIF(E161:E163,"=VL")+COUNTIF(E161:E163,"1+VL")+COUNTIF(E161:E163,"2+VL")+COUNTIF(E161:E163,"3+VL")+COUNTIF(E161:E163,"VL+1")+COUNTIF(E161:E163,"VL+2")+COUNTIF(E161:E163,"VL+3")+COUNTIF(E161:E163,"1+VR+VL")+COUNTIF(E161:E163,"VR+VL+1"))+(COUNTIF(E168:E168,"=VL")+COUNTIF(E168:E168,"1+VL")+COUNTIF(E168:E168,"2+VL")+COUNTIF(E168:E168,"3+VL")+COUNTIF(E168:E168,"VL+1")+COUNTIF(E168:E168,"VL+2")+COUNTIF(E168:E168,"VL+3")+COUNTIF(E168:E168,"1+VR+VL")+COUNTIF(E168:E168,"VR+VL+1"))+(COUNTIF(N8:N14,"=VL")+COUNTIF(N8:N14,"1+VL")+COUNTIF(N8:N14,"2+VL")+COUNTIF(N8:N14,"3+VL")+COUNTIF(N8:N14,"VL+1")+COUNTIF(N8:N14,"VL+2")+COUNTIF(N8:N14,"VL+3")+COUNTIF(N8:N14,"1+VR+VL")+COUNTIF(N8:N14,"VR+VL+1"))+(COUNTIF(N19:N25,"=VL")+COUNTIF(N19:N25,"1+VL")+COUNTIF(N19:N25,"2+VL")+COUNTIF(N19:N25,"3+VL")+COUNTIF(N19:N25,"VL+1")+COUNTIF(N19:N25,"VL+2")+COUNTIF(N19:N25,"VL+3")+COUNTIF(N19:N25,"1+VR+VL")+COUNTIF(N19:N25,"VR+VL+1")) -> 0 | F5: =(COUNTIF(F8:F16,"=VL")+COUNTIF(F8:F16,"1+VL")+COUNTIF(F8:F16,"2+VL")+COUNTIF(F8:F16,"3+VL")+COUNTIF(F8:F16,"VL+1")+COUNTIF(F8:F16,"VL+2")+COUNTIF(F8:F16,"VL+3")+COUNTIF(F8:F16,"1+VR+VL")+COUNTIF(F8:F16,"VR+VL+1"))+(COUNTIF(F21:F25,"=VL")+COUNTIF(F21:F25,"1+VL")+COUNTIF(F21:F25,"2+VL")+COUNTIF(F21:F25,"3+VL")+COUNTIF(F21:F25,"VL+1")+COUNTIF(F21:F25,"VL+2")+COUNTIF(F21:F25,"VL+3")+COUNTIF(F21:F25,"1+VR+VL")+COUNTIF(F21:F25,"VR+VL+1"))+(COUNTIF(F30:F37,"=VL")+COUNTIF(F30:F37,"1+VL")+COUNTIF(F30:F37,"2+VL")+COUNTIF(F30:F37,"3+VL")+COUNTIF(F30:F37,"VL+1")+COUNTIF(F30:F37,"VL+2")+COUNTIF(F30:F37,"VL+3")+COUNTIF(F30:F37,"1+VR+VL")+COUNTIF(F30:F37,"VR+VL+1"))+(COUNTIF(F42:F50,"=VL")+COUNTIF(F42:F50,"1+VL")+COUNTIF(F42:F50,"2+VL")+COUNTIF(F42:F50,"3+VL")+COUNTIF(F42:F50,"VL+1")+COUNTIF(F42:F50,"VL+2")+COUNTIF(F42:F50,"VL+3")+COUNTIF(F42:F50,"1+VR+VL")+COUNTIF(F42:F50,"VR+VL+1"))+(COUNTIF(F55:F63,"=VL")+COUNTIF(F55:F63,"1+VL")+COUNTIF(F55:F63,"2+VL")+COUNTIF(F55:F63,"3+VL")+COUNTIF(F55:F63,"VL+1")+COUNTIF(F55:F63,"VL+2")+COUNTIF(F55:F63,"VL+3")+COUNTIF(F55:F63,"1+VR+VL")+COUNTIF(F55:F63,"VR+VL+1"))+(COUNTIF(F68:F75,"=VL")+COUNTIF(F68:F75,"1+VL")+COUNTIF(F68:F75,"2+VL")+COUNTIF(F68:F75,"3+VL")+COUNTIF(F68:F75,"VL+1")+COUNTIF(F68:F75,"VL+2")+COUNTIF(F68:F75,"VL+3")+COUNTIF(F68:F75,"1+VR+VL")+COUNTIF(F68:F75,"VR+VL+1"))+(COUNTIF(F80:F83,"=VL")+COUNTIF(F80:F83,"1+VL")+COUNTIF(F80:F83,"2+VL")+COUNTIF(F80:F83,"3+VL")+COUNTIF(F80:F83,"VL+1")+COUNTIF(F80:F83,"VL+2")+COUNTIF(F80:F83,"VL+3")+COUNTIF(F80:F83,"1+VR+VL")+COUNTIF(F80:F83,"VR+VL+1"))+(COUNTIF(F88:F91,"=VL")+COUNTIF(F88:F91,"1+VL")+COUNTIF(F88:F91,"2+VL")+COUNTIF(F88:F91,"3+VL")+COUNTIF(F88:F91,"VL+1")+COUNTIF(F88:F91,"VL+2")+COUNTIF(F88:F91,"VL+3")+COUNTIF(F88:F91,"1+VR+VL")+COUNTIF(F88:F91,"VR+VL+1"))+(COUNTIF(F96:F105,"=VL")+COUNTIF(F96:F105,"1+VL")+COUNTIF(F96:F105,"2+VL")+COUNTIF(F96:F105,"3+VL")+COUNTIF(F96:F105,"VL+1")+COUNTIF(F96:F105,"VL+2")+COUNTIF(F96:F105,"VL+3")+COUNTIF(F96:F105,"1+VR+VL")+COUNTIF(F96:F105,"VR+VL+1"))+(COUNTIF(F110:F115,"=VL")+COUNTIF(F110:F115,"1+VL")+COUNTIF(F110:F115,"2+VL")+COUNTIF(F110:F115,"3+VL")+COUNTIF(F110:F115,"VL+1")+COUNTIF(F110:F115,"VL+2")+COUNTIF(F110:F115,"VL+3")+COUNTIF(F110:F115,"1+VR+VL")+COUNTIF(F110:F115,"VR+VL+1"))+(COUNTIF(F120:F125,"=VL")+COUNTIF(F120:F125,"1+VL")+COUNTIF(F120:F125,"2+VL")+COUNTIF(F120:F125,"3+VL")+COUNTIF(F120:F125,"VL+1")+COUNTIF(F120:F125,"VL+2")+COUNTIF(F120:F125,"VL+3")+COUNTIF(F120:F125,"1+VR+VL")+COUNTIF(F120:F125,"VR+VL+1"))+(COUNTIF(F130:F131,"=VL")+COUNTIF(F130:F131,"1+VL")+COUNTIF(F130:F131,"2+VL")+COUNTIF(F130:F131,"3+VL")+COUNTIF(F130:F131,"VL+1")+COUNTIF(F130:F131,"VL+2")+COUNTIF(F130:F131,"VL+3")+COUNTIF(F130:F131,"1+VR+VL")+COUNTIF(F130:F131,"VR+VL+1"))+(COUNTIF(F136:F137,"=VL")+COUNTIF(F136:F137,"1+VL")+COUNTIF(F136:F137,"2+VL")+COUNTIF(F136:F137,"3+VL")+COUNTIF(F136:F137,"VL+1")+COUNTIF(F136:F137,"VL+2")+COUNTIF(F136:F137,"VL+3")+COUNTIF(F136:F137,"1+VR+VL")+COUNTIF(F136:F137,"VR+VL+1"))+(COUNTIF(F142:F147,"=VL")+COUNTIF(F142:F147,"1+VL")+COUNTIF(F142:F147,"2+VL")+COUNTIF(F142:F147,"3+VL")+COUNTIF(F142:F147,"VL+1")+COUNTIF(F142:F147,"VL+2")+COUNTIF(F142:F147,"VL+3")+COUNTIF(F142:F147,"1+VR+VL")+COUNTIF(F142:F147,"VR+VL+1"))+(COUNTIF(F152:F156,"=VL")+COUNTIF(F152:F156,"1+VL")+COUNTIF(F152:F156,"2+VL")+COUNTIF(F152:F156,"3+VL")+COUNTIF(F152:F156,"VL+1")+COUNTIF(F152:F156,"VL+2")+COUNTIF(F152:F156,"VL+3")+COUNTIF(F152:F156,"1+VR+VL")+COUNTIF(F152:F156,"VR+VL+1"))+(COUNTIF(F161:F163,"=VL")+COUNTIF(F161:F163,"1+VL")+COUNTIF(F161:F163,"2+VL")+COUNTIF(F161:F163,"3+VL")+COUNTIF(F161:F163,"VL+1")+COUNTIF(F161:F163,"VL+2")+COUNTIF(F161:F163,"VL+3")+COUNTIF(F161:F163,"1+VR+VL")+COUNTIF(F161:F163,"VR+VL+1"))+(COUNTIF(F168:F168,"=VL")+COUNTIF(F168:F168,"1+VL")+COUNTIF(F168:F168,"2+VL")+COUNTIF(F168:F168,"3+VL")+COUNTIF(F168:F168,"VL+1")+COUNTIF(F168:F168,"VL+2")+COUNTIF(F168:F168,"VL+3")+COUNTIF(F168:F168,"1+VR+VL")+COUNTIF(F168:F168,"VR+VL+1"))+(COUNTIF(O8:O14,"=VL")+COUNTIF(O8:O14,"1+VL")+COUNTIF(O8:O14,"2+VL")+COUNTIF(O8:O14,"3+VL")+COUNTIF(O8:O14,"VL+1")+COUNTIF(O8:O14,"VL+2")+COUNTIF(O8:O14,"VL+3")+COUNTIF(O8:O14,"1+VR+VL")+COUNTIF(O8:O14,"VR+VL+1"))+(COUNTIF(O19:O25,"=VL")+COUNTIF(O19:O25,"1+VL")+COUNTIF(O19:O25,"2+VL")+COUNTIF(O19:O25,"3+VL")+COUNTIF(O19:O25,"VL+1")+COUNTIF(O19:O25,"VL+2")+COUNTIF(O19:O25,"VL+3")+COUNTIF(O19:O25,"1+VR+VL")+COUNTIF(O19:O25,"VR+VL+1")) -> 0 | G5: =(COUNTIF(G8:G16,"=VL")+COUNTIF(G8:G16,"1+VL")+COUNTIF(G8:G16,"2+VL")+COUNTIF(G8:G16,"3+VL")+COUNTIF(G8:G16,"VL+1")+COUNTIF(G8:G16,"VL+2")+COUNTIF(G8:G16,"VL+3")+COUNTIF(G8:G16,"1+VR+VL")+COUNTIF(G8:G16,"VR+VL+1"))+(COUNTIF(G21:G25,"=VL")+COUNTIF(G21:G25,"1+VL")+COUNTIF(G21:G25,"2+VL")+COUNTIF(G21:G25,"3+VL")+COUNTIF(G21:G25,"VL+1")+COUNTIF(G21:G25,"VL+2")+COUNTIF(G21:G25,"VL+3")+COUNTIF(G21:G25,"1+VR+VL")+COUNTIF(G21:G25,"VR+VL+1"))+(COUNTIF(G30:G37,"=VL")+COUNTIF(G30:G37,"1+VL")+COUNTIF(G30:G37,"2+VL")+COUNTIF(G30:G37,"3+VL")+COUNTIF(G30:G37,"VL+1")+COUNTIF(G30:G37,"VL+2")+COUNTIF(G30:G37,"VL+3")+COUNTIF(G30:G37,"1+VR+VL")+COUNTIF(G30:G37,"VR+VL+1"))+(COUNTIF(G42:G50,"=VL")+COUNTIF(G42:G50,"1+VL")+COUNTIF(G42:G50,"2+VL")+COUNTIF(G42:G50,"3+VL")+COUNTIF(G42:G50,"VL+1")+COUNTIF(G42:G50,"VL+2")+COUNTIF(G42:G50,"VL+3")+COUNTIF(G42:G50,"1+VR+VL")+COUNTIF(G42:G50,"VR+VL+1"))+(COUNTIF(G55:G63,"=VL")+COUNTIF(G55:G63,"1+VL")+COUNTIF(G55:G63,"2+VL")+COUNTIF(G55:G63,"3+VL")+COUNTIF(G55:G63,"VL+1")+COUNTIF(G55:G63,"VL+2")+COUNTIF(G55:G63,"VL+3")+COUNTIF(G55:G63,"1+VR+VL")+COUNTIF(G55:G63,"VR+VL+1"))+(COUNTIF(G68:G75,"=VL")+COUNTIF(G68:G75,"1+VL")+COUNTIF(G68:G75,"2+VL")+COUNTIF(G68:G75,"3+VL")+COUNTIF(G68:G75,"VL+1")+COUNTIF(G68:G75,"VL+2")+COUNTIF(G68:G75,"VL+3")+COUNTIF(G68:G75,"1+VR+VL")+COUNTIF(G68:G75,"VR+VL+1"))+(COUNTIF(G80:G83,"=VL")+COUNTIF(G80:G83,"1+VL")+COUNTIF(G80:G83,"2+VL")+COUNTIF(G80:G83,"3+VL")+COUNTIF(G80:G83,"VL+1")+COUNTIF(G80:G83,"VL+2")+COUNTIF(G80:G83,"VL+3")+COUNTIF(G80:G83,"1+VR+VL")+COUNTIF(G80:G83,"VR+VL+1"))+(COUNTIF(G88:G91,"=VL")+COUNTIF(G88:G91,"1+VL")+COUNTIF(G88:G91,"2+VL")+COUNTIF(G88:G91,"3+VL")+COUNTIF(G88:G91,"VL+1")+COUNTIF(G88:G91,"VL+2")+COUNTIF(G88:G91,"VL+3")+COUNTIF(G88:G91,"1+VR+VL")+COUNTIF(G88:G91,"VR+VL+1"))+(COUNTIF(G96:G105,"=VL")+COUNTIF(G96:G105,"1+VL")+COUNTIF(G96:G105,"2+VL")+COUNTIF(G96:G105,"3+VL")+COUNTIF(G96:G105,"VL+1")+COUNTIF(G96:G105,"VL+2")+COUNTIF(G96:G105,"VL+3")+COUNTIF(G96:G105,"1+VR+VL")+COUNTIF(G96:G105,"VR+VL+1"))+(COUNTIF(G110:G115,"=VL")+COUNTIF(G110:G115,"1+VL")+COUNTIF(G110:G115,"2+VL")+COUNTIF(G110:G115,"3+VL")+COUNTIF(G110:G115,"VL+1")+COUNTIF(G110:G115,"VL+2")+COUNTIF(G110:G115,"VL+3")+COUNTIF(G110:G115,"1+VR+VL")+COUNTIF(G110:G115,"VR+VL+1"))+(COUNTIF(G120:G125,"=VL")+COUNTIF(G120:G125,"1+VL")+COUNTIF(G120:G125,"2+VL")+COUNTIF(G120:G125,"3+VL")+COUNTIF(G120:G125,"VL+1")+COUNTIF(G120:G125,"VL+2")+COUNTIF(G120:G125,"VL+3")+COUNTIF(G120:G125,"1+VR+VL")+COUNTIF(G120:G125,"VR+VL+1"))+(COUNTIF(G130:G131,"=VL")+COUNTIF(G130:G131,"1+VL")+COUNTIF(G130:G131,"2+VL")+COUNTIF(G130:G131,"3+VL")+COUNTIF(G130:G131,"VL+1")+COUNTIF(G130:G131,"VL+2")+COUNTIF(G130:G131,"VL+3")+COUNTIF(G130:G131,"1+VR+VL")+COUNTIF(G130:G131,"VR+VL+1"))+(COUNTIF(G136:G137,"=VL")+COUNTIF(G136:G137,"1+VL")+COUNTIF(G136:G137,"2+VL")+COUNTIF(G136:G137,"3+VL")+COUNTIF(G136:G137,"VL+1")+COUNTIF(G136:G137,"VL+2")+COUNTIF(G136:G137,"VL+3")+COUNTIF(G136:G137,"1+VR+VL")+COUNTIF(G136:G137,"VR+VL+1"))+(COUNTIF(G142:G147,"=VL")+COUNTIF(G142:G147,"1+VL")+COUNTIF(G142:G147,"2+VL")+COUNTIF(G142:G147,"3+VL")+COUNTIF(G142:G147,"VL+1")+COUNTIF(G142:G147,"VL+2")+COUNTIF(G142:G147,"VL+3")+COUNTIF(G142:G147,"1+VR+VL")+COUNTIF(G142:G147,"VR+VL+1"))+(COUNTIF(G152:G156,"=VL")+COUNTIF(G152:G156,"1+VL")+COUNTIF(G152:G156,"2+VL")+COUNTIF(G152:G156,"3+VL")+COUNTIF(G152:G156,"VL+1")+COUNTIF(G152:G156,"VL+2")+COUNTIF(G152:G156,"VL+3")+COUNTIF(G152:G156,"1+VR+VL")+COUNTIF(G152:G156,"VR+VL+1"))+(COUNTIF(G161:G163,"=VL")+COUNTIF(G161:G163,"1+VL")+COUNTIF(G161:G163,"2+VL")+COUNTIF(G161:G163,"3+VL")+COUNTIF(G161:G163,"VL+1")+COUNTIF(G161:G163,"VL+2")+COUNTIF(G161:G163,"VL+3")+COUNTIF(G161:G163,"1+VR+VL")+COUNTIF(G161:G163,"VR+VL+1"))+(COUNTIF(G168:G168,"=VL")+COUNTIF(G168:G168,"1+VL")+COUNTIF(G168:G168,"2+VL")+COUNTIF(G168:G168,"3+VL")+COUNTIF(G168:G168,"VL+1")+COUNTIF(G168:G168,"VL+2")+COUNTIF(G168:G168,"VL+3")+COUNTIF(G168:G168,"1+VR+VL")+COUNTIF(G168:G168,"VR+VL+1"))+(COUNTIF(P8:P14,"=VL")+COUNTIF(P8:P14,"1+VL")+COUNTIF(P8:P14,"2+VL")+COUNTIF(P8:P14,"3+VL")+COUNTIF(P8:P14,"VL+1")+COUNTIF(P8:P14,"VL+2")+COUNTIF(P8:P14,"VL+3")+COUNTIF(P8:P14,"1+VR+VL")+COUNTIF(P8:P14,"VR+VL+1"))+(COUNTIF(P19:P25,"=VL")+COUNTIF(P19:P25,"1+VL")+COUNTIF(P19:P25,"2+VL")+COUNTIF(P19:P25,"3+VL")+COUNTIF(P19:P25,"VL+1")+COUNTIF(P19:P25,"VL+2")+COUNTIF(P19:P25,"VL+3")+COUNTIF(P19:P25,"1+VR+VL")+COUNTIF(P19:P25,"VR+VL+1")) -> 0 | H5: =(COUNTIF(H8:H16,"=VL")+COUNTIF(H8:H16,"1+VL")+COUNTIF(H8:H16,"2+VL")+COUNTIF(H8:H16,"3+VL")+COUNTIF(H8:H16,"VL+1")+COUNTIF(H8:H16,"VL+2")+COUNTIF(H8:H16,"VL+3")+COUNTIF(H8:H16,"1+VR+VL")+COUNTIF(H8:H16,"VR+VL+1"))+(COUNTIF(H21:H25,"=VL")+COUNTIF(H21:H25,"1+VL")+COUNTIF(H21:H25,"2+VL")+COUNTIF(H21:H25,"3+VL")+COUNTIF(H21:H25,"VL+1")+COUNTIF(H21:H25,"VL+2")+COUNTIF(H21:H25,"VL+3")+COUNTIF(H21:H25,"1+VR+VL")+COUNTIF(H21:H25,"VR+VL+1"))+(COUNTIF(H30:H37,"=VL")+COUNTIF(H30:H37,"1+VL")+COUNTIF(H30:H37,"2+VL")+COUNTIF(H30:H37,"3+VL")+COUNTIF(H30:H37,"VL+1")+COUNTIF(H30:H37,"VL+2")+COUNTIF(H30:H37,"VL+3")+COUNTIF(H30:H37,"1+VR+VL")+COUNTIF(H30:H37,"VR+VL+1"))+(COUNTIF(H42:H50,"=VL")+COUNTIF(H42:H50,"1+VL")+COUNTIF(H42:H50,"2+VL")+COUNTIF(H42:H50,"3+VL")+COUNTIF(H42:H50,"VL+1")+COUNTIF(H42:H50,"VL+2")+COUNTIF(H42:H50,"VL+3")+COUNTIF(H42:H50,"1+VR+VL")+COUNTIF(H42:H50,"VR+VL+1"))+(COUNTIF(H55:H63,"=VL")+COUNTIF(H55:H63,"1+VL")+COUNTIF(H55:H63,"2+VL")+COUNTIF(H55:H63,"3+VL")+COUNTIF(H55:H63,"VL+1")+COUNTIF(H55:H63,"VL+2")+COUNTIF(H55:H63,"VL+3")+COUNTIF(H55:H63,"1+VR+VL")+COUNTIF(H55:H63,"VR+VL+1"))+(COUNTIF(H68:H75,"=VL")+COUNTIF(H68:H75,"1+VL")+COUNTIF(H68:H75,"2+VL")+COUNTIF(H68:H75,"3+VL")+COUNTIF(H68:H75,"VL+1")+COUNTIF(H68:H75,"VL+2")+COUNTIF(H68:H75,"VL+3")+COUNTIF(H68:H75,"1+VR+VL")+COUNTIF(H68:H75,"VR+VL+1"))+(COUNTIF(H80:H83,"=VL")+COUNTIF(H80:H83,"1+VL")+COUNTIF(H80:H83,"2+VL")+COUNTIF(H80:H83,"3+VL")+COUNTIF(H80:H83,"VL+1")+COUNTIF(H80:H83,"VL+2")+COUNTIF(H80:H83,"VL+3")+COUNTIF(H80:H83,"1+VR+VL")+COUNTIF(H80:H83,"VR+VL+1"))+(COUNTIF(H88:H91,"=VL")+COUNTIF(H88:H91,"1+VL")+COUNTIF(H88:H91,"2+VL")+COUNTIF(H88:H91,"3+VL")+COUNTIF(H88:H91,"VL+1")+COUNTIF(H88:H91,"VL+2")+COUNTIF(H88:H91,"VL+3")+COUNTIF(H88:H91,"1+VR+VL")+COUNTIF(H88:H91,"VR+VL+1"))+(COUNTIF(H96:H105,"=VL")+COUNTIF(H96:H105,"1+VL")+COUNTIF(H96:H105,"2+VL")+COUNTIF(H96:H105,"3+VL")+COUNTIF(H96:H105,"VL+1")+COUNTIF(H96:H105,"VL+2")+COUNTIF(H96:H105,"VL+3")+COUNTIF(H96:H105,"1+VR+VL")+COUNTIF(H96:H105,"VR+VL+1"))+(COUNTIF(H110:H115,"=VL")+COUNTIF(H110:H115,"1+VL")+COUNTIF(H110:H115,"2+VL")+COUNTIF(H110:H115,"3+VL")+COUNTIF(H110:H115,"VL+1")+COUNTIF(H110:H115,"VL+2")+COUNTIF(H110:H115,"VL+3")+COUNTIF(H110:H115,"1+VR+VL")+COUNTIF(H110:H115,"VR+VL+1"))+(COUNTIF(H120:H125,"=VL")+COUNTIF(H120:H125,"1+VL")+COUNTIF(H120:H125,"2+VL")+COUNTIF(H120:H125,"3+VL")+COUNTIF(H120:H125,"VL+1")+COUNTIF(H120:H125,"VL+2")+COUNTIF(H120:H125,"VL+3")+COUNTIF(H120:H125,"1+VR+VL")+COUNTIF(H120:H125,"VR+VL+1"))+(COUNTIF(H130:H131,"=VL")+COUNTIF(H130:H131,"1+VL")+COUNTIF(H130:H131,"2+VL")+COUNTIF(H130:H131,"3+VL")+COUNTIF(H130:H131,"VL+1")+COUNTIF(H130:H131,"VL+2")+COUNTIF(H130:H131,"VL+3")+COUNTIF(H130:H131,"1+VR+VL")+COUNTIF(H130:H131,"VR+VL+1"))+(COUNTIF(H136:H137,"=VL")+COUNTIF(H136:H137,"1+VL")+COUNTIF(H136:H137,"2+VL")+COUNTIF(H136:H137,"3+VL")+COUNTIF(H136:H137,"VL+1")+COUNTIF(H136:H137,"VL+2")+COUNTIF(H136:H137,"VL+3")+COUNTIF(H136:H137,"1+VR+VL")+COUNTIF(H136:H137,"VR+VL+1"))+(COUNTIF(H142:H147,"=VL")+COUNTIF(H142:H147,"1+VL")+COUNTIF(H142:H147,"2+VL")+COUNTIF(H142:H147,"3+VL")+COUNTIF(H142:H147,"VL+1")+COUNTIF(H142:H147,"VL+2")+COUNTIF(H142:H147,"VL+3")+COUNTIF(H142:H147,"1+VR+VL")+COUNTIF(H142:H147,"VR+VL+1"))+(COUNTIF(H152:H156,"=VL")+COUNTIF(H152:H156,"1+VL")+COUNTIF(H152:H156,"2+VL")+COUNTIF(H152:H156,"3+VL")+COUNTIF(H152:H156,"VL+1")+COUNTIF(H152:H156,"VL+2")+COUNTIF(H152:H156,"VL+3")+COUNTIF(H152:H156,"1+VR+VL")+COUNTIF(H152:H156,"VR+VL+1"))+(COUNTIF(H161:H163,"=VL")+COUNTIF(H161:H163,"1+VL")+COUNTIF(H161:H163,"2+VL")+COUNTIF(H161:H163,"3+VL")+COUNTIF(H161:H163,"VL+1")+COUNTIF(H161:H163,"VL+2")+COUNTIF(H161:H163,"VL+3")+COUNTIF(H161:H163,"1+VR+VL")+COUNTIF(H161:H163,"VR+VL+1"))+(COUNTIF(H168:H168,"=VL")+COUNTIF(H168:H168,"1+VL")+COUNTIF(H168:H168,"2+VL")+COUNTIF(H168:H168,"3+VL")+COUNTIF(H168:H168,"VL+1")+COUNTIF(H168:H168,"VL+2")+COUNTIF(H168:H168,"VL+3")+COUNTIF(H168:H168,"1+VR+VL")+COUNTIF(H168:H168,"VR+VL+1"))+(COUNTIF(Q8:Q14,"=VL")+COUNTIF(Q8:Q14,"1+VL")+COUNTIF(Q8:Q14,"2+VL")+COUNTIF(Q8:Q14,"3+VL")+COUNTIF(Q8:Q14,"VL+1")+COUNTIF(Q8:Q14,"VL+2")+COUNTIF(Q8:Q14,"VL+3")+COUNTIF(Q8:Q14,"1+VR+VL")+COUNTIF(Q8:Q14,"VR+VL+1"))+(COUNTIF(Q19:Q25,"=VL")+COUNTIF(Q19:Q25,"1+VL")+COUNTIF(Q19:Q25,"2+VL")+COUNTIF(Q19:Q25,"3+VL")+COUNTIF(Q19:Q25,"VL+1")+COUNTIF(Q19:Q25,"VL+2")+COUNTIF(Q19:Q25,"VL+3")+COUNTIF(Q19:Q25,"1+VR+VL")+COUNTIF(Q19:Q25,"VR+VL+1")) -> 0
A6: 1 Aarde | H6: =(COUNTIF(B8:B16,"=1")*1+COUNTIF(B8:B16,"1+VR")*1+COUNTIF(B8:B16,"1+VL")*1+COUNTIF(B8:B16,"1+VR+VL")*1+COUNTIF(B8:B16,"VR+1")*1+COUNTIF(B8:B16,"VL+1")*1+COUNTIF(B8:B16,"=2")*2+COUNTIF(B8:B16,"2+VR")*2+COUNTIF(B8:B16,"2+VL")*2+COUNTIF(B8:B16,"2+VR+VL")*2+COUNTIF(B8:B16,"VR+2")*2+COUNTIF(B8:B16,"VL+2")*2+COUNTIF(B8:B16,"=3")*3+COUNTIF(B8:B16,"3+VR")*3+COUNTIF(B8:B16,"3+VL")*3+COUNTIF(B8:B16,"3+VR+VL")*3+COUNTIF(B8:B16,"VR+3")*3+COUNTIF(B8:B16,"VL+3")*3)+(COUNTIF(C8:C16,"=1")*1+COUNTIF(C8:C16,"1+VR")*1+COUNTIF(C8:C16,"1+VL")*1+COUNTIF(C8:C16,"1+VR+VL")*1+COUNTIF(C8:C16,"VR+1")*1+COUNTIF(C8:C16,"VL+1")*1+COUNTIF(C8:C16,"=2")*2+COUNTIF(C8:C16,"2+VR")*2+COUNTIF(C8:C16,"2+VL")*2+COUNTIF(C8:C16,"2+VR+VL")*2+COUNTIF(C8:C16,"VR+2")*2+COUNTIF(C8:C16,"VL+2")*2+COUNTIF(C8:C16,"=3")*3+COUNTIF(C8:C16,"3+VR")*3+COUNTIF(C8:C16,"3+VL")*3+COUNTIF(C8:C16,"3+VR+VL")*3+COUNTIF(C8:C16,"VR+3")*3+COUNTIF(C8:C16,"VL+3")*3)+(COUNTIF(D8:D16,"=1")*1+COUNTIF(D8:D16,"1+VR")*1+COUNTIF(D8:D16,"1+VL")*1+COUNTIF(D8:D16,"1+VR+VL")*1+COUNTIF(D8:D16,"VR+1")*1+COUNTIF(D8:D16,"VL+1")*1+COUNTIF(D8:D16,"=2")*2+COUNTIF(D8:D16,"2+VR")*2+COUNTIF(D8:D16,"2+VL")*2+COUNTIF(D8:D16,"2+VR+VL")*2+COUNTIF(D8:D16,"VR+2")*2+COUNTIF(D8:D16,"VL+2")*2+COUNTIF(D8:D16,"=3")*3+COUNTIF(D8:D16,"3+VR")*3+COUNTIF(D8:D16,"3+VL")*3+COUNTIF(D8:D16,"3+VR+VL")*3+COUNTIF(D8:D16,"VR+3")*3+COUNTIF(D8:D16,"VL+3")*3)+(COUNTIF(E8:E16,"=1")*1+COUNTIF(E8:E16,"1+VR")*1+COUNTIF(E8:E16,"1+VL")*1+COUNTIF(E8:E16,"1+VR+VL")*1+COUNTIF(E8:E16,"VR+1")*1+COUNTIF(E8:E16,"VL+1")*1+COUNTIF(E8:E16,"=2")*2+COUNTIF(E8:E16,"2+VR")*2+COUNTIF(E8:E16,"2+VL")*2+COUNTIF(E8:E16,"2+VR+VL")*2+COUNTIF(E8:E16,"VR+2")*2+COUNTIF(E8:E16,"VL+2")*2+COUNTIF(E8:E16,"=3")*3+COUNTIF(E8:E16,"3+VR")*3+COUNTIF(E8:E16,"3+VL")*3+COUNTIF(E8:E16,"3+VR+VL")*3+COUNTIF(E8:E16,"VR+3")*3+COUNTIF(E8:E16,"VL+3")*3)+(COUNTIF(F8:F16,"=1")*1+COUNTIF(F8:F16,"1+VR")*1+COUNTIF(F8:F16,"1+VL")*1+COUNTIF(F8:F16,"1+VR+VL")*1+COUNTIF(F8:F16,"VR+1")*1+COUNTIF(F8:F16,"VL+1")*1+COUNTIF(F8:F16,"=2")*2+COUNTIF(F8:F16,"2+VR")*2+COUNTIF(F8:F16,"2+VL")*2+COUNTIF(F8:F16,"2+VR+VL")*2+COUNTIF(F8:F16,"VR+2")*2+COUNTIF(F8:F16,"VL+2")*2+COUNTIF(F8:F16,"=3")*3+COUNTIF(F8:F16,"3+VR")*3+COUNTIF(F8:F16,"3+VL")*3+COUNTIF(F8:F16,"3+VR+VL")*3+COUNTIF(F8:F16,"VR+3")*3+COUNTIF(F8:F16,"VL+3")*3)+(COUNTIF(G8:G16,"=1")*1+COUNTIF(G8:G16,"1+VR")*1+COUNTIF(G8:G16,"1+VL")*1+COUNTIF(G8:G16,"1+VR+VL")*1+COUNTIF(G8:G16,"VR+1")*1+COUNTIF(G8:G16,"VL+1")*1+COUNTIF(G8:G16,"=2")*2+COUNTIF(G8:G16,"2+VR")*2+COUNTIF(G8:G16,"2+VL")*2+COUNTIF(G8:G16,"2+VR+VL")*2+COUNTIF(G8:G16,"VR+2")*2+COUNTIF(G8:G16,"VL+2")*2+COUNTIF(G8:G16,"=3")*3+COUNTIF(G8:G16,"3+VR")*3+COUNTIF(G8:G16,"3+VL")*3+COUNTIF(G8:G16,"3+VR+VL")*3+COUNTIF(G8:G16,"VR+3")*3+COUNTIF(G8:G16,"VL+3")*3) -> 0 | J6: 1 Lucht | Q6: =(COUNTIF(K8:K14,"=1")*1+COUNTIF(K8:K14,"1+VR")*1+COUNTIF(K8:K14,"1+VL")*1+COUNTIF(K8:K14,"1+VR+VL")*1+COUNTIF(K8:K14,"VR+1")*1+COUNTIF(K8:K14,"VL+1")*1+COUNTIF(K8:K14,"=2")*2+COUNTIF(K8:K14,"2+VR")*2+COUNTIF(K8:K14,"2+VL")*2+COUNTIF(K8:K14,"2+VR+VL")*2+COUNTIF(K8:K14,"VR+2")*2+COUNTIF(K8:K14,"VL+2")*2+COUNTIF(K8:K14,"=3")*3+COUNTIF(K8:K14,"3+VR")*3+COUNTIF(K8:K14,"3+VL")*3+COUNTIF(K8:K14,"3+VR+VL")*3+COUNTIF(K8:K14,"VR+3")*3+COUNTIF(K8:K14,"VL+3")*3)+(COUNTIF(L8:L14,"=1")*1+COUNTIF(L8:L14,"1+VR")*1+COUNTIF(L8:L14,"1+VL")*1+COUNTIF(L8:L14,"1+VR+VL")*1+COUNTIF(L8:L14,"VR+1")*1+COUNTIF(L8:L14,"VL+1")*1+COUNTIF(L8:L14,"=2")*2+COUNTIF(L8:L14,"2+VR")*2+COUNTIF(L8:L14,"2+VL")*2+COUNTIF(L8:L14,"2+VR+VL")*2+COUNTIF(L8:L14,"VR+2")*2+COUNTIF(L8:L14,"VL+2")*2+COUNTIF(L8:L14,"=3")*3+COUNTIF(L8:L14,"3+VR")*3+COUNTIF(L8:L14,"3+VL")*3+COUNTIF(L8:L14,"3+VR+VL")*3+COUNTIF(L8:L14,"VR+3")*3+COUNTIF(L8:L14,"VL+3")*3)+(COUNTIF(M8:M14,"=1")*1+COUNTIF(M8:M14,"1+VR")*1+COUNTIF(M8:M14,"1+VL")*1+COUNTIF(M8:M14,"1+VR+VL")*1+COUNTIF(M8:M14,"VR+1")*1+COUNTIF(M8:M14,"VL+1")*1+COUNTIF(M8:M14,"=2")*2+COUNTIF(M8:M14,"2+VR")*2+COUNTIF(M8:M14,"2+VL")*2+COUNTIF(M8:M14,"2+VR+VL")*2+COUNTIF(M8:M14,"VR+2")*2+COUNTIF(M8:M14,"VL+2")*2+COUNTIF(M8:M14,"=3")*3+COUNTIF(M8:M14,"3+VR")*3+COUNTIF(M8:M14,"3+VL")*3+COUNTIF(M8:M14,"3+VR+VL")*3+COUNTIF(M8:M14,"VR+3")*3+COUNTIF(M8:M14,"VL+3")*3)+(COUNTIF(N8:N14,"=1")*1+COUNTIF(N8:N14,"1+VR")*1+COUNTIF(N8:N14,"1+VL")*1+COUNTIF(N8:N14,"1+VR+VL")*1+COUNTIF(N8:N14,"VR+1")*1+COUNTIF(N8:N14,"VL+1")*1+COUNTIF(N8:N14,"=2")*2+COUNTIF(N8:N14,"2+VR")*2+COUNTIF(N8:N14,"2+VL")*2+COUNTIF(N8:N14,"2+VR+VL")*2+COUNTIF(N8:N14,"VR+2")*2+COUNTIF(N8:N14,"VL+2")*2+COUNTIF(N8:N14,"=3")*3+COUNTIF(N8:N14,"3+VR")*3+COUNTIF(N8:N14,"3+VL")*3+COUNTIF(N8:N14,"3+VR+VL")*3+COUNTIF(N8:N14,"VR+3")*3+COUNTIF(N8:N14,"VL+3")*3)+(COUNTIF(O8:O14,"=1")*1+COUNTIF(O8:O14,"1+VR")*1+COUNTIF(O8:O14,"1+VL")*1+COUNTIF(O8:O14,"1+VR+VL")*1+COUNTIF(O8:O14,"VR+1")*1+COUNTIF(O8:O14,"VL+1")*1+COUNTIF(O8:O14,"=2")*2+COUNTIF(O8:O14,"2+VR")*2+COUNTIF(O8:O14,"2+VL")*2+COUNTIF(O8:O14,"2+VR+VL")*2+COUNTIF(O8:O14,"VR+2")*2+COUNTIF(O8:O14,"VL+2")*2+COUNTIF(O8:O14,"=3")*3+COUNTIF(O8:O14,"3+VR")*3+COUNTIF(O8:O14,"3+VL")*3+COUNTIF(O8:O14,"3+VR+VL")*3+COUNTIF(O8:O14,"VR+3")*3+COUNTIF(O8:O14,"VL+3")*3)+(COUNTIF(P8:P14,"=1")*1+COUNTIF(P8:P14,"1+VR")*1+COUNTIF(P8:P14,"1+VL")*1+COUNTIF(P8:P14,"1+VR+VL")*1+COUNTIF(P8:P14,"VR+1")*1+COUNTIF(P8:P14,"VL+1")*1+COUNTIF(P8:P14,"=2")*2+COUNTIF(P8:P14,"2+VR")*2+COUNTIF(P8:P14,"2+VL")*2+COUNTIF(P8:P14,"2+VR+VL")*2+COUNTIF(P8:P14,"VR+2")*2+COUNTIF(P8:P14,"VL+2")*2+COUNTIF(P8:P14,"=3")*3+COUNTIF(P8:P14,"3+VR")*3+COUNTIF(P8:P14,"3+VL")*3+COUNTIF(P8:P14,"3+VR+VL")*3+COUNTIF(P8:P14,"VR+3")*3+COUNTIF(P8:P14,"VL+3")*3) -> 0 | U6: =COUNTIF(B7:B18,"*VR*")+COUNTIF(C7:C18,"*VR*")+COUNTIF(D7:D18,"*VR*")+COUNTIF(E7:E18,"*VR*")+COUNTIF(F7:F18,"*VR*")+COUNTIF(G7:G18,"*VR*")+COUNTIF(H7:H18,"*VR*") -> 0 | V6: =COUNTIF(B7:B18,"*VL*")+COUNTIF(C7:C18,"*VL*")+COUNTIF(D7:D18,"*VL*")+COUNTIF(E7:E18,"*VL*")+COUNTIF(F7:F18,"*VL*")+COUNTIF(G7:G18,"*VL*")+COUNTIF(H7:H18,"*VL*") -> 0 | W6: =COUNTIF(K7:K18,"*VR*")+COUNTIF(L7:L18,"*VR*")+COUNTIF(M7:M18,"*VR*")+COUNTIF(N7:N18,"*VR*")+COUNTIF(O7:O18,"*VR*")+COUNTIF(P7:P18,"*VR*")+COUNTIF(Q7:Q18,"*VR*") -> 0 | X6: =COUNTIF(K7:K18,"*VL*")+COUNTIF(L7:L18,"*VL*")+COUNTIF(M7:M18,"*VL*")+COUNTIF(N7:N18,"*VL*")+COUNTIF(O7:O18,"*VL*")+COUNTIF(P7:P18,"*VL*")+COUNTIF(Q7:Q18,"*VL*") -> 0
A7: Naam? | B7: 1 | C7: 2 | D7: 3 | E7: 4 | F7: 5 | G7: 6 | H7: 7 | J7: Naam? | K7: 1 | L7: 2 | M7: 3 | N7: 4 | O7: 5 | P7: 6 | Q7: 7
A8: ='MAESTRA STUDENTEN'!B5 -> Conner Wouters | H8: =COUNTIF(B8:G8,"=1")*1+COUNTIF(B8:G8,"=2")*2+COUNTIF(B8:G8,"=3")*3+COUNTIF(B8:G8,"1+VR")*1+COUNTIF(B8:G8,"1+VL")*1+COUNTIF(B8:G8,"1+VR+VL")*1+COUNTIF(B8:G8,"2+VR")*2+COUNTIF(B8:G8,"2+VL")*2+COUNTIF(B8:G8,"2+VR+VL")*2+COUNTIF(B8:G8,"3+VR")*3+COUNTIF(B8:G8,"3+VL")*3+COUNTIF(B8:G8,"VR+1")*1+COUNTIF(B8:G8,"VL+1")*1+COUNTIF(B8:G8,"VR+2")*2+COUNTIF(B8:G8,"VL+2")*2+COUNTIF(B8:G8,"VR+3")*3+COUNTIF(B8:G8,"VL+3")*3 -> 0 | I8: =H8 -> 0 | J8: ='MAESTRA STUDENTEN'!B14 -> Alexander Desaever | Q8: =COUNTIF(K8:P8,"=1")*1+COUNTIF(K8:P8,"=2")*2+COUNTIF(K8:P8,"=3")*3+COUNTIF(K8:P8,"1+VR")*1+COUNTIF(K8:P8,"1+VL")*1+COUNTIF(K8:P8,"1+VR+VL")*1+COUNTIF(K8:P8,"2+VR")*2+COUNTIF(K8:P8,"2+VL")*2+COUNTIF(K8:P8,"2+VR+VL")*2+COUNTIF(K8:P8,"3+VR")*3+COUNTIF(K8:P8,"3+VL")*3+COUNTIF(K8:P8,"VR+1")*1+COUNTIF(K8:P8,"VL+1")*1+COUNTIF(K8:P8,"VR+2")*2+COUNTIF(K8:P8,"VL+2")*2+COUNTIF(K8:P8,"VR+3")*3+COUNTIF(K8:P8,"VL+3")*3 -> 0 | R8: =Q8 -> 0 | U8: =COUNTIF(B8:G8,"*VR*") -> 0 | V8: =COUNTIF(B8:G8,"*VL*") -> 0 | W8: =COUNTIF(K8:P8,"*VR*") -> 0 | X8: =COUNTIF(K8:P8,"*VL*") -> 0
A9: ='MAESTRA STUDENTEN'!B6 -> Dylan Abs | H9: =COUNTIF(B9:G9,"=1")*1+COUNTIF(B9:G9,"=2")*2+COUNTIF(B9:G9,"=3")*3+COUNTIF(B9:G9,"1+VR")*1+COUNTIF(B9:G9,"1+VL")*1+COUNTIF(B9:G9,"1+VR+VL")*1+COUNTIF(B9:G9,"2+VR")*2+COUNTIF(B9:G9,"2+VL")*2+COUNTIF(B9:G9,"2+VR+VL")*2+COUNTIF(B9:G9,"3+VR")*3+COUNTIF(B9:G9,"3+VL")*3+COUNTIF(B9:G9,"VR+1")*1+COUNTIF(B9:G9,"VL+1")*1+COUNTIF(B9:G9,"VR+2")*2+COUNTIF(B9:G9,"VL+2")*2+COUNTIF(B9:G9,"VR+3")*3+COUNTIF(B9:G9,"VL+3")*3 -> 0 | I9: =H9 -> 0 | J9: ='MAESTRA STUDENTEN'!B15 -> Emmelien Verstraete | Q9: =COUNTIF(K9:P9,"=1")*1+COUNTIF(K9:P9,"=2")*2+COUNTIF(K9:P9,"=3")*3+COUNTIF(K9:P9,"1+VR")*1+COUNTIF(K9:P9,"1+VL")*1+COUNTIF(K9:P9,"1+VR+VL")*1+COUNTIF(K9:P9,"2+VR")*2+COUNTIF(K9:P9,"2+VL")*2+COUNTIF(K9:P9,"2+VR+VL")*2+COUNTIF(K9:P9,"3+VR")*3+COUNTIF(K9:P9,"3+VL")*3+COUNTIF(K9:P9,"VR+1")*1+COUNTIF(K9:P9,"VL+1")*1+COUNTIF(K9:P9,"VR+2")*2+COUNTIF(K9:P9,"VL+2")*2+COUNTIF(K9:P9,"VR+3")*3+COUNTIF(K9:P9,"VL+3")*3 -> 0 | R9: =Q9 -> 0 | U9: =COUNTIF(B9:G9,"*VR*") -> 0 | V9: =COUNTIF(B9:G9,"*VL*") -> 0 | W9: =COUNTIF(K9:P9,"*VR*") -> 0 | X9: =COUNTIF(K9:P9,"*VL*") -> 0
A10: ='MAESTRA STUDENTEN'!B7 -> Jaden Gesquiere | H10: =COUNTIF(B10:G10,"=1")*1+COUNTIF(B10:G10,"=2")*2+COUNTIF(B10:G10,"=3")*3+COUNTIF(B10:G10,"1+VR")*1+COUNTIF(B10:G10,"1+VL")*1+COUNTIF(B10:G10,"1+VR+VL")*1+COUNTIF(B10:G10,"2+VR")*2+COUNTIF(B10:G10,"2+VL")*2+COUNTIF(B10:G10,"2+VR+VL")*2+COUNTIF(B10:G10,"3+VR")*3+COUNTIF(B10:G10,"3+VL")*3+COUNTIF(B10:G10,"VR+1")*1+COUNTIF(B10:G10,"VL+1")*1+COUNTIF(B10:G10,"VR+2")*2+COUNTIF(B10:G10,"VL+2")*2+COUNTIF(B10:G10,"VR+3")*3+COUNTIF(B10:G10,"VL+3")*3 -> 0 | I10: =H10 -> 0 | J10: ='MAESTRA STUDENTEN'!B16 -> Jeremiah Addo | Q10: =COUNTIF(K10:P10,"=1")*1+COUNTIF(K10:P10,"=2")*2+COUNTIF(K10:P10,"=3")*3+COUNTIF(K10:P10,"1+VR")*1+COUNTIF(K10:P10,"1+VL")*1+COUNTIF(K10:P10,"1+VR+VL")*1+COUNTIF(K10:P10,"2+VR")*2+COUNTIF(K10:P10,"2+VL")*2+COUNTIF(K10:P10,"2+VR+VL")*2+COUNTIF(K10:P10,"3+VR")*3+COUNTIF(K10:P10,"3+VL")*3+COUNTIF(K10:P10,"VR+1")*1+COUNTIF(K10:P10,"VL+1")*1+COUNTIF(K10:P10,"VR+2")*2+COUNTIF(K10:P10,"VL+2")*2+COUNTIF(K10:P10,"VR+3")*3+COUNTIF(K10:P10,"VL+3")*3 -> 0 | R10: =Q10 -> 0 | U10: =COUNTIF(B10:G10,"*VR*") -> 0 | V10: =COUNTIF(B10:G10,"*VL*") -> 0 | W10: =COUNTIF(K10:P10,"*VR*") -> 0 | X10: =COUNTIF(K10:P10,"*VL*") -> 0
A11: ='MAESTRA STUDENTEN'!B8 -> Kaitlyn Van den Eede | H11: =COUNTIF(B11:G11,"=1")*1+COUNTIF(B11:G11,"=2")*2+COUNTIF(B11:G11,"=3")*3+COUNTIF(B11:G11,"1+VR")*1+COUNTIF(B11:G11,"1+VL")*1+COUNTIF(B11:G11,"1+VR+VL")*1+COUNTIF(B11:G11,"2+VR")*2+COUNTIF(B11:G11,"2+VL")*2+COUNTIF(B11:G11,"2+VR+VL")*2+COUNTIF(B11:G11,"3+VR")*3+COUNTIF(B11:G11,"3+VL")*3+COUNTIF(B11:G11,"VR+1")*1+COUNTIF(B11:G11,"VL+1")*1+COUNTIF(B11:G11,"VR+2")*2+COUNTIF(B11:G11,"VL+2")*2+COUNTIF(B11:G11,"VR+3")*3+COUNTIF(B11:G11,"VL+3")*3 -> 0 | I11: =H11 -> 0 | J11: ='MAESTRA STUDENTEN'!B17 -> Louis Dauwe | Q11: =COUNTIF(K11:P11,"=1")*1+COUNTIF(K11:P11,"=2")*2+COUNTIF(K11:P11,"=3")*3+COUNTIF(K11:P11,"1+VR")*1+COUNTIF(K11:P11,"1+VL")*1+COUNTIF(K11:P11,"1+VR+VL")*1+COUNTIF(K11:P11,"2+VR")*2+COUNTIF(K11:P11,"2+VL")*2+COUNTIF(K11:P11,"2+VR+VL")*2+COUNTIF(K11:P11,"3+VR")*3+COUNTIF(K11:P11,"3+VL")*3+COUNTIF(K11:P11,"VR+1")*1+COUNTIF(K11:P11,"VL+1")*1+COUNTIF(K11:P11,"VR+2")*2+COUNTIF(K11:P11,"VL+2")*2+COUNTIF(K11:P11,"VR+3")*3+COUNTIF(K11:P11,"VL+3")*3 -> 0 | R11: =Q11 -> 0 | U11: =COUNTIF(B11:G11,"*VR*") -> 0 | V11: =COUNTIF(B11:G11,"*VL*") -> 0 | W11: =COUNTIF(K11:P11,"*VR*") -> 0 | X11: =COUNTIF(K11:P11,"*VL*") -> 0
A12: ='MAESTRA STUDENTEN'!B9 -> Kayden Van den Eede | H12: =COUNTIF(B12:G12,"=1")*1+COUNTIF(B12:G12,"=2")*2+COUNTIF(B12:G12,"=3")*3+COUNTIF(B12:G12,"1+VR")*1+COUNTIF(B12:G12,"1+VL")*1+COUNTIF(B12:G12,"1+VR+VL")*1+COUNTIF(B12:G12,"2+VR")*2+COUNTIF(B12:G12,"2+VL")*2+COUNTIF(B12:G12,"2+VR+VL")*2+COUNTIF(B12:G12,"3+VR")*3+COUNTIF(B12:G12,"3+VL")*3+COUNTIF(B12:G12,"VR+1")*1+COUNTIF(B12:G12,"VL+1")*1+COUNTIF(B12:G12,"VR+2")*2+COUNTIF(B12:G12,"VL+2")*2+COUNTIF(B12:G12,"VR+3")*3+COUNTIF(B12:G12,"VL+3")*3 -> 0 | I12: =H12 -> 0 | J12: ='MAESTRA STUDENTEN'!B18 -> Rik Uyttersprot | Q12: =COUNTIF(K12:P12,"=1")*1+COUNTIF(K12:P12,"=2")*2+COUNTIF(K12:P12,"=3")*3+COUNTIF(K12:P12,"1+VR")*1+COUNTIF(K12:P12,"1+VL")*1+COUNTIF(K12:P12,"1+VR+VL")*1+COUNTIF(K12:P12,"2+VR")*2+COUNTIF(K12:P12,"2+VL")*2+COUNTIF(K12:P12,"2+VR+VL")*2+COUNTIF(K12:P12,"3+VR")*3+COUNTIF(K12:P12,"3+VL")*3+COUNTIF(K12:P12,"VR+1")*1+COUNTIF(K12:P12,"VL+1")*1+COUNTIF(K12:P12,"VR+2")*2+COUNTIF(K12:P12,"VL+2")*2+COUNTIF(K12:P12,"VR+3")*3+COUNTIF(K12:P12,"VL+3")*3 -> 0 | R12: =Q12 -> 0 | U12: =COUNTIF(B12:G12,"*VR*") -> 0 | V12: =COUNTIF(B12:G12,"*VL*") -> 0 | W12: =COUNTIF(K12:P12,"*VR*") -> 0 | X12: =COUNTIF(K12:P12,"*VL*") -> 0
A13: ='MAESTRA STUDENTEN'!B10 -> Leandro Degrendele | H13: =COUNTIF(B13:G13,"=1")*1+COUNTIF(B13:G13,"=2")*2+COUNTIF(B13:G13,"=3")*3+COUNTIF(B13:G13,"1+VR")*1+COUNTIF(B13:G13,"1+VL")*1+COUNTIF(B13:G13,"1+VR+VL")*1+COUNTIF(B13:G13,"2+VR")*2+COUNTIF(B13:G13,"2+VL")*2+COUNTIF(B13:G13,"2+VR+VL")*2+COUNTIF(B13:G13,"3+VR")*3+COUNTIF(B13:G13,"3+VL")*3+COUNTIF(B13:G13,"VR+1")*1+COUNTIF(B13:G13,"VL+1")*1+COUNTIF(B13:G13,"VR+2")*2+COUNTIF(B13:G13,"VL+2")*2+COUNTIF(B13:G13,"VR+3")*3+COUNTIF(B13:G13,"VL+3")*3 -> 0 | I13: =H13 -> 0 | J13: ='MAESTRA STUDENTEN'!B19 -> Robbe Bellaert | Q13: =COUNTIF(K13:P13,"=1")*1+COUNTIF(K13:P13,"=2")*2+COUNTIF(K13:P13,"=3")*3+COUNTIF(K13:P13,"1+VR")*1+COUNTIF(K13:P13,"1+VL")*1+COUNTIF(K13:P13,"1+VR+VL")*1+COUNTIF(K13:P13,"2+VR")*2+COUNTIF(K13:P13,"2+VL")*2+COUNTIF(K13:P13,"2+VR+VL")*2+COUNTIF(K13:P13,"3+VR")*3+COUNTIF(K13:P13,"3+VL")*3+COUNTIF(K13:P13,"VR+1")*1+COUNTIF(K13:P13,"VL+1")*1+COUNTIF(K13:P13,"VR+2")*2+COUNTIF(K13:P13,"VL+2")*2+COUNTIF(K13:P13,"VR+3")*3+COUNTIF(K13:P13,"VL+3")*3 -> 0 | R13: =Q13 -> 0 | U13: =COUNTIF(B13:G13,"*VR*") -> 0 | V13: =COUNTIF(B13:G13,"*VL*") -> 0 | W13: =COUNTIF(K13:P13,"*VR*") -> 0 | X13: =COUNTIF(K13:P13,"*VL*") -> 0
A14: ='MAESTRA STUDENTEN'!B11 -> Nasser Ayari | H14: =COUNTIF(B14:G14,"=1")*1+COUNTIF(B14:G14,"=2")*2+COUNTIF(B14:G14,"=3")*3+COUNTIF(B14:G14,"1+VR")*1+COUNTIF(B14:G14,"1+VL")*1+COUNTIF(B14:G14,"1+VR+VL")*1+COUNTIF(B14:G14,"2+VR")*2+COUNTIF(B14:G14,"2+VL")*2+COUNTIF(B14:G14,"2+VR+VL")*2+COUNTIF(B14:G14,"3+VR")*3+COUNTIF(B14:G14,"3+VL")*3+COUNTIF(B14:G14,"VR+1")*1+COUNTIF(B14:G14,"VL+1")*1+COUNTIF(B14:G14,"VR+2")*2+COUNTIF(B14:G14,"VL+2")*2+COUNTIF(B14:G14,"VR+3")*3+COUNTIF(B14:G14,"VL+3")*3 -> 0 | I14: =H14 -> 0 | J14: ='MAESTRA STUDENTEN'!B20 -> Yentl Vekemens | Q14: =COUNTIF(K14:P14,"=1")*1+COUNTIF(K14:P14,"=2")*2+COUNTIF(K14:P14,"=3")*3+COUNTIF(K14:P14,"1+VR")*1+COUNTIF(K14:P14,"1+VL")*1+COUNTIF(K14:P14,"1+VR+VL")*1+COUNTIF(K14:P14,"2+VR")*2+COUNTIF(K14:P14,"2+VL")*2+COUNTIF(K14:P14,"2+VR+VL")*2+COUNTIF(K14:P14,"3+VR")*3+COUNTIF(K14:P14,"3+VL")*3+COUNTIF(K14:P14,"VR+1")*1+COUNTIF(K14:P14,"VL+1")*1+COUNTIF(K14:P14,"VR+2")*2+COUNTIF(K14:P14,"VL+2")*2+COUNTIF(K14:P14,"VR+3")*3+COUNTIF(K14:P14,"VL+3")*3 -> 0 | R14: =Q14 -> 0 | U14: =COUNTIF(B14:G14,"*VR*") -> 0 | V14: =COUNTIF(B14:G14,"*VL*") -> 0 | W14: =COUNTIF(K14:P14,"*VR*") -> 0 | X14: =COUNTIF(K14:P14,"*VL*") -> 0
A15: ='MAESTRA STUDENTEN'!B12 -> Timothy Baert | H15: =COUNTIF(B15:G15,"=1")*1+COUNTIF(B15:G15,"=2")*2+COUNTIF(B15:G15,"=3")*3+COUNTIF(B15:G15,"1+VR")*1+COUNTIF(B15:G15,"1+VL")*1+COUNTIF(B15:G15,"1+VR+VL")*1+COUNTIF(B15:G15,"2+VR")*2+COUNTIF(B15:G15,"2+VL")*2+COUNTIF(B15:G15,"2+VR+VL")*2+COUNTIF(B15:G15,"3+VR")*3+COUNTIF(B15:G15,"3+VL")*3+COUNTIF(B15:G15,"VR+1")*1+COUNTIF(B15:G15,"VL+1")*1+COUNTIF(B15:G15,"VR+2")*2+COUNTIF(B15:G15,"VL+2")*2+COUNTIF(B15:G15,"VR+3")*3+COUNTIF(B15:G15,"VL+3")*3 -> 0 | I15: =H15 -> 0 | U15: =COUNTIF(B15:G15,"*VR*") -> 0 | V15: =COUNTIF(B15:G15,"*VL*") -> 0
A16: ='MAESTRA STUDENTEN'!B13 -> Virgilles Vandenbussche | H16: =COUNTIF(B16:G16,"=1")*1+COUNTIF(B16:G16,"=2")*2+COUNTIF(B16:G16,"=3")*3+COUNTIF(B16:G16,"1+VR")*1+COUNTIF(B16:G16,"1+VL")*1+COUNTIF(B16:G16,"1+VR+VL")*1+COUNTIF(B16:G16,"2+VR")*2+COUNTIF(B16:G16,"2+VL")*2+COUNTIF(B16:G16,"2+VR+VL")*2+COUNTIF(B16:G16,"3+VR")*3+COUNTIF(B16:G16,"3+VL")*3+COUNTIF(B16:G16,"VR+1")*1+COUNTIF(B16:G16,"VL+1")*1+COUNTIF(B16:G16,"VR+2")*2+COUNTIF(B16:G16,"VL+2")*2+COUNTIF(B16:G16,"VR+3")*3+COUNTIF(B16:G16,"VL+3")*3 -> 0 | I16: =H16 -> 0 | U16: =COUNTIF(B16:G16,"*VR*") -> 0 | V16: =COUNTIF(B16:G16,"*VL*") -> 0
I17: =SUM(B17:H17) -> 0 | J17: 1 Water | Q17: =(COUNTIF(K19:K25,"=1")*1+COUNTIF(K19:K25,"1+VR")*1+COUNTIF(K19:K25,"1+VL")*1+COUNTIF(K19:K25,"1+VR+VL")*1+COUNTIF(K19:K25,"VR+1")*1+COUNTIF(K19:K25,"VL+1")*1+COUNTIF(K19:K25,"=2")*2+COUNTIF(K19:K25,"2+VR")*2+COUNTIF(K19:K25,"2+VL")*2+COUNTIF(K19:K25,"2+VR+VL")*2+COUNTIF(K19:K25,"VR+2")*2+COUNTIF(K19:K25,"VL+2")*2+COUNTIF(K19:K25,"=3")*3+COUNTIF(K19:K25,"3+VR")*3+COUNTIF(K19:K25,"3+VL")*3+COUNTIF(K19:K25,"3+VR+VL")*3+COUNTIF(K19:K25,"VR+3")*3+COUNTIF(K19:K25,"VL+3")*3)+(COUNTIF(L19:L25,"=1")*1+COUNTIF(L19:L25,"1+VR")*1+COUNTIF(L19:L25,"1+VL")*1+COUNTIF(L19:L25,"1+VR+VL")*1+COUNTIF(L19:L25,"VR+1")*1+COUNTIF(L19:L25,"VL+1")*1+COUNTIF(L19:L25,"=2")*2+COUNTIF(L19:L25,"2+VR")*2+COUNTIF(L19:L25,"2+VL")*2+COUNTIF(L19:L25,"2+VR+VL")*2+COUNTIF(L19:L25,"VR+2")*2+COUNTIF(L19:L25,"VL+2")*2+COUNTIF(L19:L25,"=3")*3+COUNTIF(L19:L25,"3+VR")*3+COUNTIF(L19:L25,"3+VL")*3+COUNTIF(L19:L25,"3+VR+VL")*3+COUNTIF(L19:L25,"VR+3")*3+COUNTIF(L19:L25,"VL+3")*3)+(COUNTIF(M19:M25,"=1")*1+COUNTIF(M19:M25,"1+VR")*1+COUNTIF(M19:M25,"1+VL")*1+COUNTIF(M19:M25,"1+VR+VL")*1+COUNTIF(M19:M25,"VR+1")*1+COUNTIF(M19:M25,"VL+1")*1+COUNTIF(M19:M25,"=2")*2+COUNTIF(M19:M25,"2+VR")*2+COUNTIF(M19:M25,"2+VL")*2+COUNTIF(M19:M25,"2+VR+VL")*2+COUNTIF(M19:M25,"VR+2")*2+COUNTIF(M19:M25,"VL+2")*2+COUNTIF(M19:M25,"=3")*3+COUNTIF(M19:M25,"3+VR")*3+COUNTIF(M19:M25,"3+VL")*3+COUNTIF(M19:M25,"3+VR+VL")*3+COUNTIF(M19:M25,"VR+3")*3+COUNTIF(M19:M25,"VL+3")*3)+(COUNTIF(N19:N25,"=1")*1+COUNTIF(N19:N25,"1+VR")*1+COUNTIF(N19:N25,"1+VL")*1+COUNTIF(N19:N25,"1+VR+VL")*1+COUNTIF(N19:N25,"VR+1")*1+COUNTIF(N19:N25,"VL+1")*1+COUNTIF(N19:N25,"=2")*2+COUNTIF(N19:N25,"2+VR")*2+COUNTIF(N19:N25,"2+VL")*2+COUNTIF(N19:N25,"2+VR+VL")*2+COUNTIF(N19:N25,"VR+2")*2+COUNTIF(N19:N25,"VL+2")*2+COUNTIF(N19:N25,"=3")*3+COUNTIF(N19:N25,"3+VR")*3+COUNTIF(N19:N25,"3+VL")*3+COUNTIF(N19:N25,"3+VR+VL")*3+COUNTIF(N19:N25,"VR+3")*3+COUNTIF(N19:N25,"VL+3")*3)+(COUNTIF(O19:O25,"=1")*1+COUNTIF(O19:O25,"1+VR")*1+COUNTIF(O19:O25,"1+VL")*1+COUNTIF(O19:O25,"1+VR+VL")*1+COUNTIF(O19:O25,"VR+1")*1+COUNTIF(O19:O25,"VL+1")*1+COUNTIF(O19:O25,"=2")*2+COUNTIF(O19:O25,"2+VR")*2+COUNTIF(O19:O25,"2+VL")*2+COUNTIF(O19:O25,"2+VR+VL")*2+COUNTIF(O19:O25,"VR+2")*2+COUNTIF(O19:O25,"VL+2")*2+COUNTIF(O19:O25,"=3")*3+COUNTIF(O19:O25,"3+VR")*3+COUNTIF(O19:O25,"3+VL")*3+COUNTIF(O19:O25,"3+VR+VL")*3+COUNTIF(O19:O25,"VR+3")*3+COUNTIF(O19:O25,"VL+3")*3)+(COUNTIF(P19:P25,"=1")*1+COUNTIF(P19:P25,"1+VR")*1+COUNTIF(P19:P25,"1+VL")*1+COUNTIF(P19:P25,"1+VR+VL")*1+COUNTIF(P19:P25,"VR+1")*1+COUNTIF(P19:P25,"VL+1")*1+COUNTIF(P19:P25,"=2")*2+COUNTIF(P19:P25,"2+VR")*2+COUNTIF(P19:P25,"2+VL")*2+COUNTIF(P19:P25,"2+VR+VL")*2+COUNTIF(P19:P25,"VR+2")*2+COUNTIF(P19:P25,"VL+2")*2+COUNTIF(P19:P25,"=3")*3+COUNTIF(P19:P25,"3+VR")*3+COUNTIF(P19:P25,"3+VL")*3+COUNTIF(P19:P25,"3+VR+VL")*3+COUNTIF(P19:P25,"VR+3")*3+COUNTIF(P19:P25,"VL+3")*3) -> 0 | U17: =COUNTIF(K18:K25,"*VR*")+COUNTIF(L18:L25,"*VR*")+COUNTIF(M18:M25,"*VR*")+COUNTIF(N18:N25,"*VR*")+COUNTIF(O18:O25,"*VR*")+COUNTIF(P18:P25,"*VR*")+COUNTIF(Q18:Q25,"*VR*") -> 0 | V17: =COUNTIF(K18:K25,"*VL*")+COUNTIF(L18:L25,"*VL*")+COUNTIF(M18:M25,"*VL*")+COUNTIF(N18:N25,"*VL*")+COUNTIF(O18:O25,"*VL*")+COUNTIF(P18:P25,"*VL*")+COUNTIF(Q18:Q25,"*VL*") -> 0
I18: =SUM(B18:H18) -> 0 | J18: Naam? | K18: 1 | L18: 2 | M18: 3 | N18: 4 | O18: 5 | P18: 6 | Q18: 7
A19: 1 Vuur | H19: =(COUNTIF(B21:B25,"=1")*1+COUNTIF(B21:B25,"1+VR")*1+COUNTIF(B21:B25,"1+VL")*1+COUNTIF(B21:B25,"1+VR+VL")*1+COUNTIF(B21:B25,"VR+1")*1+COUNTIF(B21:B25,"VL+1")*1+COUNTIF(B21:B25,"=2")*2+COUNTIF(B21:B25,"2+VR")*2+COUNTIF(B21:B25,"2+VL")*2+COUNTIF(B21:B25,"2+VR+VL")*2+COUNTIF(B21:B25,"VR+2")*2+COUNTIF(B21:B25,"VL+2")*2+COUNTIF(B21:B25,"=3")*3+COUNTIF(B21:B25,"3+VR")*3+COUNTIF(B21:B25,"3+VL")*3+COUNTIF(B21:B25,"3+VR+VL")*3+COUNTIF(B21:B25,"VR+3")*3+COUNTIF(B21:B25,"VL+3")*3)+(COUNTIF(C21:C25,"=1")*1+COUNTIF(C21:C25,"1+VR")*1+COUNTIF(C21:C25,"1+VL")*1+COUNTIF(C21:C25,"1+VR+VL")*1+COUNTIF(C21:C25,"VR+1")*1+COUNTIF(C21:C25,"VL+1")*1+COUNTIF(C21:C25,"=2")*2+COUNTIF(C21:C25,"2+VR")*2+COUNTIF(C21:C25,"2+VL")*2+COUNTIF(C21:C25,"2+VR+VL")*2+COUNTIF(C21:C25,"VR+2")*2+COUNTIF(C21:C25,"VL+2")*2+COUNTIF(C21:C25,"=3")*3+COUNTIF(C21:C25,"3+VR")*3+COUNTIF(C21:C25,"3+VL")*3+COUNTIF(C21:C25,"3+VR+VL")*3+COUNTIF(C21:C25,"VR+3")*3+COUNTIF(C21:C25,"VL+3")*3)+(COUNTIF(D21:D25,"=1")*1+COUNTIF(D21:D25,"1+VR")*1+COUNTIF(D21:D25,"1+VL")*1+COUNTIF(D21:D25,"1+VR+VL")*1+COUNTIF(D21:D25,"VR+1")*1+COUNTIF(D21:D25,"VL+1")*1+COUNTIF(D21:D25,"=2")*2+COUNTIF(D21:D25,"2+VR")*2+COUNTIF(D21:D25,"2+VL")*2+COUNTIF(D21:D25,"2+VR+VL")*2+COUNTIF(D21:D25,"VR+2")*2+COUNTIF(D21:D25,"VL+2")*2+COUNTIF(D21:D25,"=3")*3+COUNTIF(D21:D25,"3+VR")*3+COUNTIF(D21:D25,"3+VL")*3+COUNTIF(D21:D25,"3+VR+VL")*3+COUNTIF(D21:D25,"VR+3")*3+COUNTIF(D21:D25,"VL+3")*3)+(COUNTIF(E21:E25,"=1")*1+COUNTIF(E21:E25,"1+VR")*1+COUNTIF(E21:E25,"1+VL")*1+COUNTIF(E21:E25,"1+VR+VL")*1+COUNTIF(E21:E25,"VR+1")*1+COUNTIF(E21:E25,"VL+1")*1+COUNTIF(E21:E25,"=2")*2+COUNTIF(E21:E25,"2+VR")*2+COUNTIF(E21:E25,"2+VL")*2+COUNTIF(E21:E25,"2+VR+VL")*2+COUNTIF(E21:E25,"VR+2")*2+COUNTIF(E21:E25,"VL+2")*2+COUNTIF(E21:E25,"=3")*3+COUNTIF(E21:E25,"3+VR")*3+COUNTIF(E21:E25,"3+VL")*3+COUNTIF(E21:E25,"3+VR+VL")*3+COUNTIF(E21:E25,"VR+3")*3+COUNTIF(E21:E25,"VL+3")*3)+(COUNTIF(F21:F25,"=1")*1+COUNTIF(F21:F25,"1+VR")*1+COUNTIF(F21:F25,"1+VL")*1+COUNTIF(F21:F25,"1+VR+VL")*1+COUNTIF(F21:F25,"VR+1")*1+COUNTIF(F21:F25,"VL+1")*1+COUNTIF(F21:F25,"=2")*2+COUNTIF(F21:F25,"2+VR")*2+COUNTIF(F21:F25,"2+VL")*2+COUNTIF(F21:F25,"2+VR+VL")*2+COUNTIF(F21:F25,"VR+2")*2+COUNTIF(F21:F25,"VL+2")*2+COUNTIF(F21:F25,"=3")*3+COUNTIF(F21:F25,"3+VR")*3+COUNTIF(F21:F25,"3+VL")*3+COUNTIF(F21:F25,"3+VR+VL")*3+COUNTIF(F21:F25,"VR+3")*3+COUNTIF(F21:F25,"VL+3")*3)+(COUNTIF(G21:G25,"=1")*1+COUNTIF(G21:G25,"1+VR")*1+COUNTIF(G21:G25,"1+VL")*1+COUNTIF(G21:G25,"1+VR+VL")*1+COUNTIF(G21:G25,"VR+1")*1+COUNTIF(G21:G25,"VL+1")*1+COUNTIF(G21:G25,"=2")*2+COUNTIF(G21:G25,"2+VR")*2+COUNTIF(G21:G25,"2+VL")*2+COUNTIF(G21:G25,"2+VR+VL")*2+COUNTIF(G21:G25,"VR+2")*2+COUNTIF(G21:G25,"VL+2")*2+COUNTIF(G21:G25,"=3")*3+COUNTIF(G21:G25,"3+VR")*3+COUNTIF(G21:G25,"3+VL")*3+COUNTIF(G21:G25,"3+VR+VL")*3+COUNTIF(G21:G25,"VR+3")*3+COUNTIF(G21:G25,"VL+3")*3) -> 0 | J19: ='MAESTRA STUDENTEN'!B26 -> Devon Vermeire | Q19: =COUNTIF(K19:P19,"=1")*1+COUNTIF(K19:P19,"=2")*2+COUNTIF(K19:P19,"=3")*3+COUNTIF(K19:P19,"1+VR")*1+COUNTIF(K19:P19,"1+VL")*1+COUNTIF(K19:P19,"1+VR+VL")*1+COUNTIF(K19:P19,"2+VR")*2+COUNTIF(K19:P19,"2+VL")*2+COUNTIF(K19:P19,"2+VR+VL")*2+COUNTIF(K19:P19,"3+VR")*3+COUNTIF(K19:P19,"3+VL")*3+COUNTIF(K19:P19,"VR+1")*1+COUNTIF(K19:P19,"VL+1")*1+COUNTIF(K19:P19,"VR+2")*2+COUNTIF(K19:P19,"VL+2")*2+COUNTIF(K19:P19,"VR+3")*3+COUNTIF(K19:P19,"VL+3")*3 -> 0 | R19: =Q19 -> 0 | U19: =COUNTIF(B20:B27,"*VR*")+COUNTIF(C20:C27,"*VR*")+COUNTIF(D20:D27,"*VR*")+COUNTIF(E20:E27,"*VR*")+COUNTIF(F20:F27,"*VR*")+COUNTIF(G20:G27,"*VR*")+COUNTIF(H20:H27,"*VR*") -> 0 | V19: =COUNTIF(B20:B27,"*VL*")+COUNTIF(C20:C27,"*VL*")+COUNTIF(D20:D27,"*VL*")+COUNTIF(E20:E27,"*VL*")+COUNTIF(F20:F27,"*VL*")+COUNTIF(G20:G27,"*VL*")+COUNTIF(H20:H27,"*VL*") -> 0 | W19: =COUNTIF(K19:P19,"*VR*") -> 0 | X19: =COUNTIF(K19:P19,"*VL*") -> 0
A20: Naam? | B20: 1 | C20: 2 | D20: 3 | E20: 4 | F20: 5 | G20: 6 | H20: 7 | J20: ='MAESTRA STUDENTEN'!B27 -> Floran De Jong | Q20: =COUNTIF(K20:P20,"=1")*1+COUNTIF(K20:P20,"=2")*2+COUNTIF(K20:P20,"=3")*3+COUNTIF(K20:P20,"1+VR")*1+COUNTIF(K20:P20,"1+VL")*1+COUNTIF(K20:P20,"1+VR+VL")*1+COUNTIF(K20:P20,"2+VR")*2+COUNTIF(K20:P20,"2+VL")*2+COUNTIF(K20:P20,"2+VR+VL")*2+COUNTIF(K20:P20,"3+VR")*3+COUNTIF(K20:P20,"3+VL")*3+COUNTIF(K20:P20,"VR+1")*1+COUNTIF(K20:P20,"VL+1")*1+COUNTIF(K20:P20,"VR+2")*2+COUNTIF(K20:P20,"VL+2")*2+COUNTIF(K20:P20,"VR+3")*3+COUNTIF(K20:P20,"VL+3")*3 -> 0 | R20: =Q20 -> 0 | W20: =COUNTIF(K20:P20,"*VR*") -> 0 | X20: =COUNTIF(K20:P20,"*VL*") -> 0
A21: ='MAESTRA STUDENTEN'!B21 -> Javice Vermeersch | H21: =COUNTIF(B21:G21,"=1")*1+COUNTIF(B21:G21,"=2")*2+COUNTIF(B21:G21,"=3")*3+COUNTIF(B21:G21,"1+VR")*1+COUNTIF(B21:G21,"1+VL")*1+COUNTIF(B21:G21,"1+VR+VL")*1+COUNTIF(B21:G21,"2+VR")*2+COUNTIF(B21:G21,"2+VL")*2+COUNTIF(B21:G21,"2+VR+VL")*2+COUNTIF(B21:G21,"3+VR")*3+COUNTIF(B21:G21,"3+VL")*3+COUNTIF(B21:G21,"VR+1")*1+COUNTIF(B21:G21,"VL+1")*1+COUNTIF(B21:G21,"VR+2")*2+COUNTIF(B21:G21,"VL+2")*2+COUNTIF(B21:G21,"VR+3")*3+COUNTIF(B21:G21,"VL+3")*3 -> 0 | I21: =H21 -> 0 | J21: ='MAESTRA STUDENTEN'!B28 -> Jayson Skutella | Q21: =COUNTIF(K21:P21,"=1")*1+COUNTIF(K21:P21,"=2")*2+COUNTIF(K21:P21,"=3")*3+COUNTIF(K21:P21,"1+VR")*1+COUNTIF(K21:P21,"1+VL")*1+COUNTIF(K21:P21,"1+VR+VL")*1+COUNTIF(K21:P21,"2+VR")*2+COUNTIF(K21:P21,"2+VL")*2+COUNTIF(K21:P21,"2+VR+VL")*2+COUNTIF(K21:P21,"3+VR")*3+COUNTIF(K21:P21,"3+VL")*3+COUNTIF(K21:P21,"VR+1")*1+COUNTIF(K21:P21,"VL+1")*1+COUNTIF(K21:P21,"VR+2")*2+COUNTIF(K21:P21,"VL+2")*2+COUNTIF(K21:P21,"VR+3")*3+COUNTIF(K21:P21,"VL+3")*3 -> 0 | R21: =Q21 -> 0 | U21: =COUNTIF(B21:G21,"*VR*") -> 0 | V21: =COUNTIF(B21:G21,"*VL*") -> 0 | W21: =COUNTIF(K21:P21,"*VR*") -> 0 | X21: =COUNTIF(K21:P21,"*VL*") -> 0
A22: ='MAESTRA STUDENTEN'!B22 -> Kenji Casier | H22: =COUNTIF(B22:G22,"=1")*1+COUNTIF(B22:G22,"=2")*2+COUNTIF(B22:G22,"=3")*3+COUNTIF(B22:G22,"1+VR")*1+COUNTIF(B22:G22,"1+VL")*1+COUNTIF(B22:G22,"1+VR+VL")*1+COUNTIF(B22:G22,"2+VR")*2+COUNTIF(B22:G22,"2+VL")*2+COUNTIF(B22:G22,"2+VR+VL")*2+COUNTIF(B22:G22,"3+VR")*3+COUNTIF(B22:G22,"3+VL")*3+COUNTIF(B22:G22,"VR+1")*1+COUNTIF(B22:G22,"VL+1")*1+COUNTIF(B22:G22,"VR+2")*2+COUNTIF(B22:G22,"VL+2")*2+COUNTIF(B22:G22,"VR+3")*3+COUNTIF(B22:G22,"VL+3")*3 -> 0 | I22: =H22 -> 0 | J22: ='MAESTRA STUDENTEN'!B29 -> Lewis Geers | Q22: =COUNTIF(K22:P22,"=1")*1+COUNTIF(K22:P22,"=2")*2+COUNTIF(K22:P22,"=3")*3+COUNTIF(K22:P22,"1+VR")*1+COUNTIF(K22:P22,"1+VL")*1+COUNTIF(K22:P22,"1+VR+VL")*1+COUNTIF(K22:P22,"2+VR")*2+COUNTIF(K22:P22,"2+VL")*2+COUNTIF(K22:P22,"2+VR+VL")*2+COUNTIF(K22:P22,"3+VR")*3+COUNTIF(K22:P22,"3+VL")*3+COUNTIF(K22:P22,"VR+1")*1+COUNTIF(K22:P22,"VL+1")*1+COUNTIF(K22:P22,"VR+2")*2+COUNTIF(K22:P22,"VL+2")*2+COUNTIF(K22:P22,"VR+3")*3+COUNTIF(K22:P22,"VL+3")*3 -> 0 | R22: =Q22 -> 0 | U22: =COUNTIF(B22:G22,"*VR*") -> 0 | V22: =COUNTIF(B22:G22,"*VL*") -> 0 | W22: =COUNTIF(K22:P22,"*VR*") -> 0 | X22: =COUNTIF(K22:P22,"*VL*") -> 0
A23: ='MAESTRA STUDENTEN'!B23 -> Oumar Aidara | H23: =COUNTIF(B23:G23,"=1")*1+COUNTIF(B23:G23,"=2")*2+COUNTIF(B23:G23,"=3")*3+COUNTIF(B23:G23,"1+VR")*1+COUNTIF(B23:G23,"1+VL")*1+COUNTIF(B23:G23,"1+VR+VL")*1+COUNTIF(B23:G23,"2+VR")*2+COUNTIF(B23:G23,"2+VL")*2+COUNTIF(B23:G23,"2+VR+VL")*2+COUNTIF(B23:G23,"3+VR")*3+COUNTIF(B23:G23,"3+VL")*3+COUNTIF(B23:G23,"VR+1")*1+COUNTIF(B23:G23,"VL+1")*1+COUNTIF(B23:G23,"VR+2")*2+COUNTIF(B23:G23,"VL+2")*2+COUNTIF(B23:G23,"VR+3")*3+COUNTIF(B23:G23,"VL+3")*3 -> 0 | I23: =H23 -> 0 | J23: ='MAESTRA STUDENTEN'!B30 -> Mairo Depré | Q23: =COUNTIF(K23:P23,"=1")*1+COUNTIF(K23:P23,"=2")*2+COUNTIF(K23:P23,"=3")*3+COUNTIF(K23:P23,"1+VR")*1+COUNTIF(K23:P23,"1+VL")*1+COUNTIF(K23:P23,"1+VR+VL")*1+COUNTIF(K23:P23,"2+VR")*2+COUNTIF(K23:P23,"2+VL")*2+COUNTIF(K23:P23,"2+VR+VL")*2+COUNTIF(K23:P23,"3+VR")*3+COUNTIF(K23:P23,"3+VL")*3+COUNTIF(K23:P23,"VR+1")*1+COUNTIF(K23:P23,"VL+1")*1+COUNTIF(K23:P23,"VR+2")*2+COUNTIF(K23:P23,"VL+2")*2+COUNTIF(K23:P23,"VR+3")*3+COUNTIF(K23:P23,"VL+3")*3 -> 0 | R23: =Q23 -> 0 | U23: =COUNTIF(B23:G23,"*VR*") -> 0 | V23: =COUNTIF(B23:G23,"*VL*") -> 0 | W23: =COUNTIF(K23:P23,"*VR*") -> 0 | X23: =COUNTIF(K23:P23,"*VL*") -> 0
A24: ='MAESTRA STUDENTEN'!B24 -> Shayne De Busscher | H24: =COUNTIF(B24:G24,"=1")*1+COUNTIF(B24:G24,"=2")*2+COUNTIF(B24:G24,"=3")*3+COUNTIF(B24:G24,"1+VR")*1+COUNTIF(B24:G24,"1+VL")*1+COUNTIF(B24:G24,"1+VR+VL")*1+COUNTIF(B24:G24,"2+VR")*2+COUNTIF(B24:G24,"2+VL")*2+COUNTIF(B24:G24,"2+VR+VL")*2+COUNTIF(B24:G24,"3+VR")*3+COUNTIF(B24:G24,"3+VL")*3+COUNTIF(B24:G24,"VR+1")*1+COUNTIF(B24:G24,"VL+1")*1+COUNTIF(B24:G24,"VR+2")*2+COUNTIF(B24:G24,"VL+2")*2+COUNTIF(B24:G24,"VR+3")*3+COUNTIF(B24:G24,"VL+3")*3 -> 0 | I24: =H24 -> 0 | J24: ='MAESTRA STUDENTEN'!B31 -> Mathis Verbrugge | Q24: =COUNTIF(K24:P24,"=1")*1+COUNTIF(K24:P24,"=2")*2+COUNTIF(K24:P24,"=3")*3+COUNTIF(K24:P24,"1+VR")*1+COUNTIF(K24:P24,"1+VL")*1+COUNTIF(K24:P24,"1+VR+VL")*1+COUNTIF(K24:P24,"2+VR")*2+COUNTIF(K24:P24,"2+VL")*2+COUNTIF(K24:P24,"2+VR+VL")*2+COUNTIF(K24:P24,"3+VR")*3+COUNTIF(K24:P24,"3+VL")*3+COUNTIF(K24:P24,"VR+1")*1+COUNTIF(K24:P24,"VL+1")*1+COUNTIF(K24:P24,"VR+2")*2+COUNTIF(K24:P24,"VL+2")*2+COUNTIF(K24:P24,"VR+3")*3+COUNTIF(K24:P24,"VL+3")*3 -> 0 | R24: =Q24 -> 0 | U24: =COUNTIF(B24:G24,"*VR*") -> 0 | V24: =COUNTIF(B24:G24,"*VL*") -> 0 | W24: =COUNTIF(K24:P24,"*VR*") -> 0 | X24: =COUNTIF(K24:P24,"*VL*") -> 0
A25: ='MAESTRA STUDENTEN'!B25 -> Zakaria Ghraidi | H25: =COUNTIF(B25:G25,"=1")*1+COUNTIF(B25:G25,"=2")*2+COUNTIF(B25:G25,"=3")*3+COUNTIF(B25:G25,"1+VR")*1+COUNTIF(B25:G25,"1+VL")*1+COUNTIF(B25:G25,"1+VR+VL")*1+COUNTIF(B25:G25,"2+VR")*2+COUNTIF(B25:G25,"2+VL")*2+COUNTIF(B25:G25,"2+VR+VL")*2+COUNTIF(B25:G25,"3+VR")*3+COUNTIF(B25:G25,"3+VL")*3+COUNTIF(B25:G25,"VR+1")*1+COUNTIF(B25:G25,"VL+1")*1+COUNTIF(B25:G25,"VR+2")*2+COUNTIF(B25:G25,"VL+2")*2+COUNTIF(B25:G25,"VR+3")*3+COUNTIF(B25:G25,"VL+3")*3 -> 0 | I25: =H25 -> 0 | J25: ='MAESTRA STUDENTEN'!B32 -> Sam Claus | Q25: =COUNTIF(K25:P25,"=1")*1+COUNTIF(K25:P25,"=2")*2+COUNTIF(K25:P25,"=3")*3+COUNTIF(K25:P25,"1+VR")*1+COUNTIF(K25:P25,"1+VL")*1+COUNTIF(K25:P25,"1+VR+VL")*1+COUNTIF(K25:P25,"2+VR")*2+COUNTIF(K25:P25,"2+VL")*2+COUNTIF(K25:P25,"2+VR+VL")*2+COUNTIF(K25:P25,"3+VR")*3+COUNTIF(K25:P25,"3+VL")*3+COUNTIF(K25:P25,"VR+1")*1+COUNTIF(K25:P25,"VL+1")*1+COUNTIF(K25:P25,"VR+2")*2+COUNTIF(K25:P25,"VL+2")*2+COUNTIF(K25:P25,"VR+3")*3+COUNTIF(K25:P25,"VL+3")*3 -> 0 | R25: =Q25 -> 0 | U25: =COUNTIF(B25:G25,"*VR*") -> 0 | V25: =COUNTIF(B25:G25,"*VL*") -> 0 | W25: =COUNTIF(K25:P25,"*VR*") -> 0 | X25: =COUNTIF(K25:P25,"*VL*") -> 0
I26: =SUM(B26:H26) -> 0
I27: =SUM(B27:H27) -> 0
A28: 2 Aarde | H28: =(COUNTIF(B30:B37,"=1")*1+COUNTIF(B30:B37,"1+VR")*1+COUNTIF(B30:B37,"1+VL")*1+COUNTIF(B30:B37,"1+VR+VL")*1+COUNTIF(B30:B37,"VR+1")*1+COUNTIF(B30:B37,"VL+1")*1+COUNTIF(B30:B37,"=2")*2+COUNTIF(B30:B37,"2+VR")*2+COUNTIF(B30:B37,"2+VL")*2+COUNTIF(B30:B37,"2+VR+VL")*2+COUNTIF(B30:B37,"VR+2")*2+COUNTIF(B30:B37,"VL+2")*2+COUNTIF(B30:B37,"=3")*3+COUNTIF(B30:B37,"3+VR")*3+COUNTIF(B30:B37,"3+VL")*3+COUNTIF(B30:B37,"3+VR+VL")*3+COUNTIF(B30:B37,"VR+3")*3+COUNTIF(B30:B37,"VL+3")*3)+(COUNTIF(C30:C37,"=1")*1+COUNTIF(C30:C37,"1+VR")*1+COUNTIF(C30:C37,"1+VL")*1+COUNTIF(C30:C37,"1+VR+VL")*1+COUNTIF(C30:C37,"VR+1")*1+COUNTIF(C30:C37,"VL+1")*1+COUNTIF(C30:C37,"=2")*2+COUNTIF(C30:C37,"2+VR")*2+COUNTIF(C30:C37,"2+VL")*2+COUNTIF(C30:C37,"2+VR+VL")*2+COUNTIF(C30:C37,"VR+2")*2+COUNTIF(C30:C37,"VL+2")*2+COUNTIF(C30:C37,"=3")*3+COUNTIF(C30:C37,"3+VR")*3+COUNTIF(C30:C37,"3+VL")*3+COUNTIF(C30:C37,"3+VR+VL")*3+COUNTIF(C30:C37,"VR+3")*3+COUNTIF(C30:C37,"VL+3")*3)+(COUNTIF(D30:D37,"=1")*1+COUNTIF(D30:D37,"1+VR")*1+COUNTIF(D30:D37,"1+VL")*1+COUNTIF(D30:D37,"1+VR+VL")*1+COUNTIF(D30:D37,"VR+1")*1+COUNTIF(D30:D37,"VL+1")*1+COUNTIF(D30:D37,"=2")*2+COUNTIF(D30:D37,"2+VR")*2+COUNTIF(D30:D37,"2+VL")*2+COUNTIF(D30:D37,"2+VR+VL")*2+COUNTIF(D30:D37,"VR+2")*2+COUNTIF(D30:D37,"VL+2")*2+COUNTIF(D30:D37,"=3")*3+COUNTIF(D30:D37,"3+VR")*3+COUNTIF(D30:D37,"3+VL")*3+COUNTIF(D30:D37,"3+VR+VL")*3+COUNTIF(D30:D37,"VR+3")*3+COUNTIF(D30:D37,"VL+3")*3)+(COUNTIF(E30:E37,"=1")*1+COUNTIF(E30:E37,"1+VR")*1+COUNTIF(E30:E37,"1+VL")*1+COUNTIF(E30:E37,"1+VR+VL")*1+COUNTIF(E30:E37,"VR+1")*1+COUNTIF(E30:E37,"VL+1")*1+COUNTIF(E30:E37,"=2")*2+COUNTIF(E30:E37,"2+VR")*2+COUNTIF(E30:E37,"2+VL")*2+COUNTIF(E30:E37,"2+VR+VL")*2+COUNTIF(E30:E37,"VR+2")*2+COUNTIF(E30:E37,"VL+2")*2+COUNTIF(E30:E37,"=3")*3+COUNTIF(E30:E37,"3+VR")*3+COUNTIF(E30:E37,"3+VL")*3+COUNTIF(E30:E37,"3+VR+VL")*3+COUNTIF(E30:E37,"VR+3")*3+COUNTIF(E30:E37,"VL+3")*3)+(COUNTIF(F30:F37,"=1")*1+COUNTIF(F30:F37,"1+VR")*1+COUNTIF(F30:F37,"1+VL")*1+COUNTIF(F30:F37,"1+VR+VL")*1+COUNTIF(F30:F37,"VR+1")*1+COUNTIF(F30:F37,"VL+1")*1+COUNTIF(F30:F37,"=2")*2+COUNTIF(F30:F37,"2+VR")*2+COUNTIF(F30:F37,"2+VL")*2+COUNTIF(F30:F37,"2+VR+VL")*2+COUNTIF(F30:F37,"VR+2")*2+COUNTIF(F30:F37,"VL+2")*2+COUNTIF(F30:F37,"=3")*3+COUNTIF(F30:F37,"3+VR")*3+COUNTIF(F30:F37,"3+VL")*3+COUNTIF(F30:F37,"3+VR+VL")*3+COUNTIF(F30:F37,"VR+3")*3+COUNTIF(F30:F37,"VL+3")*3)+(COUNTIF(G30:G37,"=1")*1+COUNTIF(G30:G37,"1+VR")*1+COUNTIF(G30:G37,"1+VL")*1+COUNTIF(G30:G37,"1+VR+VL")*1+COUNTIF(G30:G37,"VR+1")*1+COUNTIF(G30:G37,"VL+1")*1+COUNTIF(G30:G37,"=2")*2+COUNTIF(G30:G37,"2+VR")*2+COUNTIF(G30:G37,"2+VL")*2+COUNTIF(G30:G37,"2+VR+VL")*2+COUNTIF(G30:G37,"VR+2")*2+COUNTIF(G30:G37,"VL+2")*2+COUNTIF(G30:G37,"=3")*3+COUNTIF(G30:G37,"3+VR")*3+COUNTIF(G30:G37,"3+VL")*3+COUNTIF(G30:G37,"3+VR+VL")*3+COUNTIF(G30:G37,"VR+3")*3+COUNTIF(G30:G37,"VL+3")*3) -> 0 | U28: =COUNTIF(B29:B39,"*VR*")+COUNTIF(C29:C39,"*VR*")+COUNTIF(D29:D39,"*VR*")+COUNTIF(E29:E39,"*VR*")+COUNTIF(F29:F39,"*VR*")+COUNTIF(G29:G39,"*VR*")+COUNTIF(H29:H39,"*VR*") -> 0 | V28: =COUNTIF(B29:B39,"*VL*")+COUNTIF(C29:C39,"*VL*")+COUNTIF(D29:D39,"*VL*")+COUNTIF(E29:E39,"*VL*")+COUNTIF(F29:F39,"*VL*")+COUNTIF(G29:G39,"*VL*")+COUNTIF(H29:H39,"*VL*") -> 0
A29: Naam? | B29: 1 | C29: 2 | D29: 3 | E29: 4 | F29: 5 | G29: 6 | H29: 7 | Q29: 7
A30: ='MAESTRA STUDENTEN'!B33 -> Aisam Nouman | H30: =COUNTIF(B30:G30,"=1")*1+COUNTIF(B30:G30,"=2")*2+COUNTIF(B30:G30,"=3")*3+COUNTIF(B30:G30,"1+VR")*1+COUNTIF(B30:G30,"1+VL")*1+COUNTIF(B30:G30,"1+VR+VL")*1+COUNTIF(B30:G30,"2+VR")*2+COUNTIF(B30:G30,"2+VL")*2+COUNTIF(B30:G30,"2+VR+VL")*2+COUNTIF(B30:G30,"3+VR")*3+COUNTIF(B30:G30,"3+VL")*3+COUNTIF(B30:G30,"VR+1")*1+COUNTIF(B30:G30,"VL+1")*1+COUNTIF(B30:G30,"VR+2")*2+COUNTIF(B30:G30,"VL+2")*2+COUNTIF(B30:G30,"VR+3")*3+COUNTIF(B30:G30,"VL+3")*3 -> 0 | I30: =H30 -> 0 | U30: =COUNTIF(B30:G30,"*VR*") -> 0 | V30: =COUNTIF(B30:G30,"*VL*") -> 0
A31: ='MAESTRA STUDENTEN'!B34 -> Bent Mahieu | H31: =COUNTIF(B31:G31,"=1")*1+COUNTIF(B31:G31,"=2")*2+COUNTIF(B31:G31,"=3")*3+COUNTIF(B31:G31,"1+VR")*1+COUNTIF(B31:G31,"1+VL")*1+COUNTIF(B31:G31,"1+VR+VL")*1+COUNTIF(B31:G31,"2+VR")*2+COUNTIF(B31:G31,"2+VL")*2+COUNTIF(B31:G31,"2+VR+VL")*2+COUNTIF(B31:G31,"3+VR")*3+COUNTIF(B31:G31,"3+VL")*3+COUNTIF(B31:G31,"VR+1")*1+COUNTIF(B31:G31,"VL+1")*1+COUNTIF(B31:G31,"VR+2")*2+COUNTIF(B31:G31,"VL+2")*2+COUNTIF(B31:G31,"VR+3")*3+COUNTIF(B31:G31,"VL+3")*3 -> 0 | I31: =H31 -> 0 | U31: =COUNTIF(B31:G31,"*VR*") -> 0 | V31: =COUNTIF(B31:G31,"*VL*") -> 0
A32: ='MAESTRA STUDENTEN'!B35 -> Logan De Coninck | H32: =COUNTIF(B32:G32,"=1")*1+COUNTIF(B32:G32,"=2")*2+COUNTIF(B32:G32,"=3")*3+COUNTIF(B32:G32,"1+VR")*1+COUNTIF(B32:G32,"1+VL")*1+COUNTIF(B32:G32,"1+VR+VL")*1+COUNTIF(B32:G32,"2+VR")*2+COUNTIF(B32:G32,"2+VL")*2+COUNTIF(B32:G32,"2+VR+VL")*2+COUNTIF(B32:G32,"3+VR")*3+COUNTIF(B32:G32,"3+VL")*3+COUNTIF(B32:G32,"VR+1")*1+COUNTIF(B32:G32,"VL+1")*1+COUNTIF(B32:G32,"VR+2")*2+COUNTIF(B32:G32,"VL+2")*2+COUNTIF(B32:G32,"VR+3")*3+COUNTIF(B32:G32,"VL+3")*3 -> 0 | I32: =H32 -> 0 | U32: =COUNTIF(B32:G32,"*VR*") -> 0 | V32: =COUNTIF(B32:G32,"*VL*") -> 0
A33: ='MAESTRA STUDENTEN'!B36 -> Luca Vandenbroucke | H33: =COUNTIF(B33:G33,"=1")*1+COUNTIF(B33:G33,"=2")*2+COUNTIF(B33:G33,"=3")*3+COUNTIF(B33:G33,"1+VR")*1+COUNTIF(B33:G33,"1+VL")*1+COUNTIF(B33:G33,"1+VR+VL")*1+COUNTIF(B33:G33,"2+VR")*2+COUNTIF(B33:G33,"2+VL")*2+COUNTIF(B33:G33,"2+VR+VL")*2+COUNTIF(B33:G33,"3+VR")*3+COUNTIF(B33:G33,"3+VL")*3+COUNTIF(B33:G33,"VR+1")*1+COUNTIF(B33:G33,"VL+1")*1+COUNTIF(B33:G33,"VR+2")*2+COUNTIF(B33:G33,"VL+2")*2+COUNTIF(B33:G33,"VR+3")*3+COUNTIF(B33:G33,"VL+3")*3 -> 0 | I33: =H33 -> 0 | U33: =COUNTIF(B33:G33,"*VR*") -> 0 | V33: =COUNTIF(B33:G33,"*VL*") -> 0
A34: ='MAESTRA STUDENTEN'!B37 -> Mathis Deseyne | H34: =COUNTIF(B34:G34,"=1")*1+COUNTIF(B34:G34,"=2")*2+COUNTIF(B34:G34,"=3")*3+COUNTIF(B34:G34,"1+VR")*1+COUNTIF(B34:G34,"1+VL")*1+COUNTIF(B34:G34,"1+VR+VL")*1+COUNTIF(B34:G34,"2+VR")*2+COUNTIF(B34:G34,"2+VL")*2+COUNTIF(B34:G34,"2+VR+VL")*2+COUNTIF(B34:G34,"3+VR")*3+COUNTIF(B34:G34,"3+VL")*3+COUNTIF(B34:G34,"VR+1")*1+COUNTIF(B34:G34,"VL+1")*1+COUNTIF(B34:G34,"VR+2")*2+COUNTIF(B34:G34,"VL+2")*2+COUNTIF(B34:G34,"VR+3")*3+COUNTIF(B34:G34,"VL+3")*3 -> 0 | I34: =H34 -> 0 | U34: =COUNTIF(B34:G34,"*VR*") -> 0 | V34: =COUNTIF(B34:G34,"*VL*") -> 0
A35: ='MAESTRA STUDENTEN'!B38 -> Milan Van Oosterom | H35: =COUNTIF(B35:G35,"=1")*1+COUNTIF(B35:G35,"=2")*2+COUNTIF(B35:G35,"=3")*3+COUNTIF(B35:G35,"1+VR")*1+COUNTIF(B35:G35,"1+VL")*1+COUNTIF(B35:G35,"1+VR+VL")*1+COUNTIF(B35:G35,"2+VR")*2+COUNTIF(B35:G35,"2+VL")*2+COUNTIF(B35:G35,"2+VR+VL")*2+COUNTIF(B35:G35,"3+VR")*3+COUNTIF(B35:G35,"3+VL")*3+COUNTIF(B35:G35,"VR+1")*1+COUNTIF(B35:G35,"VL+1")*1+COUNTIF(B35:G35,"VR+2")*2+COUNTIF(B35:G35,"VL+2")*2+COUNTIF(B35:G35,"VR+3")*3+COUNTIF(B35:G35,"VL+3")*3 -> 0 | I35: =H35 -> 0 | U35: =COUNTIF(B35:G35,"*VR*") -> 0 | V35: =COUNTIF(B35:G35,"*VL*") -> 0
A36: ='MAESTRA STUDENTEN'!B39 -> Saartje Dewinter | H36: =COUNTIF(B36:G36,"=1")*1+COUNTIF(B36:G36,"=2")*2+COUNTIF(B36:G36,"=3")*3+COUNTIF(B36:G36,"1+VR")*1+COUNTIF(B36:G36,"1+VL")*1+COUNTIF(B36:G36,"1+VR+VL")*1+COUNTIF(B36:G36,"2+VR")*2+COUNTIF(B36:G36,"2+VL")*2+COUNTIF(B36:G36,"2+VR+VL")*2+COUNTIF(B36:G36,"3+VR")*3+COUNTIF(B36:G36,"3+VL")*3+COUNTIF(B36:G36,"VR+1")*1+COUNTIF(B36:G36,"VL+1")*1+COUNTIF(B36:G36,"VR+2")*2+COUNTIF(B36:G36,"VL+2")*2+COUNTIF(B36:G36,"VR+3")*3+COUNTIF(B36:G36,"VL+3")*3 -> 0 | I36: =H36 -> 0 | U36: =COUNTIF(B36:G36,"*VR*") -> 0 | V36: =COUNTIF(B36:G36,"*VL*") -> 0
A37: ='MAESTRA STUDENTEN'!B40 -> Thibo Fermans | H37: =COUNTIF(B37:G37,"=1")*1+COUNTIF(B37:G37,"=2")*2+COUNTIF(B37:G37,"=3")*3+COUNTIF(B37:G37,"1+VR")*1+COUNTIF(B37:G37,"1+VL")*1+COUNTIF(B37:G37,"1+VR+VL")*1+COUNTIF(B37:G37,"2+VR")*2+COUNTIF(B37:G37,"2+VL")*2+COUNTIF(B37:G37,"2+VR+VL")*2+COUNTIF(B37:G37,"3+VR")*3+COUNTIF(B37:G37,"3+VL")*3+COUNTIF(B37:G37,"VR+1")*1+COUNTIF(B37:G37,"VL+1")*1+COUNTIF(B37:G37,"VR+2")*2+COUNTIF(B37:G37,"VL+2")*2+COUNTIF(B37:G37,"VR+3")*3+COUNTIF(B37:G37,"VL+3")*3 -> 0 | I37: =H37 -> 0 | U37: =COUNTIF(B37:G37,"*VR*") -> 0 | V37: =COUNTIF(B37:G37,"*VL*") -> 0
I38: =SUM(B38:H38) -> 0
I39: =SUM(B39:H39) -> 0
A40: 2 Vuur | H40: =(COUNTIF(B42:B50,"=1")*1+COUNTIF(B42:B50,"1+VR")*1+COUNTIF(B42:B50,"1+VL")*1+COUNTIF(B42:B50,"1+VR+VL")*1+COUNTIF(B42:B50,"VR+1")*1+COUNTIF(B42:B50,"VL+1")*1+COUNTIF(B42:B50,"=2")*2+COUNTIF(B42:B50,"2+VR")*2+COUNTIF(B42:B50,"2+VL")*2+COUNTIF(B42:B50,"2+VR+VL")*2+COUNTIF(B42:B50,"VR+2")*2+COUNTIF(B42:B50,"VL+2")*2+COUNTIF(B42:B50,"=3")*3+COUNTIF(B42:B50,"3+VR")*3+COUNTIF(B42:B50,"3+VL")*3+COUNTIF(B42:B50,"3+VR+VL")*3+COUNTIF(B42:B50,"VR+3")*3+COUNTIF(B42:B50,"VL+3")*3)+(COUNTIF(C42:C50,"=1")*1+COUNTIF(C42:C50,"1+VR")*1+COUNTIF(C42:C50,"1+VL")*1+COUNTIF(C42:C50,"1+VR+VL")*1+COUNTIF(C42:C50,"VR+1")*1+COUNTIF(C42:C50,"VL+1")*1+COUNTIF(C42:C50,"=2")*2+COUNTIF(C42:C50,"2+VR")*2+COUNTIF(C42:C50,"2+VL")*2+COUNTIF(C42:C50,"2+VR+VL")*2+COUNTIF(C42:C50,"VR+2")*2+COUNTIF(C42:C50,"VL+2")*2+COUNTIF(C42:C50,"=3")*3+COUNTIF(C42:C50,"3+VR")*3+COUNTIF(C42:C50,"3+VL")*3+COUNTIF(C42:C50,"3+VR+VL")*3+COUNTIF(C42:C50,"VR+3")*3+COUNTIF(C42:C50,"VL+3")*3)+(COUNTIF(D42:D50,"=1")*1+COUNTIF(D42:D50,"1+VR")*1+COUNTIF(D42:D50,"1+VL")*1+COUNTIF(D42:D50,"1+VR+VL")*1+COUNTIF(D42:D50,"VR+1")*1+COUNTIF(D42:D50,"VL+1")*1+COUNTIF(D42:D50,"=2")*2+COUNTIF(D42:D50,"2+VR")*2+COUNTIF(D42:D50,"2+VL")*2+COUNTIF(D42:D50,"2+VR+VL")*2+COUNTIF(D42:D50,"VR+2")*2+COUNTIF(D42:D50,"VL+2")*2+COUNTIF(D42:D50,"=3")*3+COUNTIF(D42:D50,"3+VR")*3+COUNTIF(D42:D50,"3+VL")*3+COUNTIF(D42:D50,"3+VR+VL")*3+COUNTIF(D42:D50,"VR+3")*3+COUNTIF(D42:D50,"VL+3")*3)+(COUNTIF(E42:E50,"=1")*1+COUNTIF(E42:E50,"1+VR")*1+COUNTIF(E42:E50,"1+VL")*1+COUNTIF(E42:E50,"1+VR+VL")*1+COUNTIF(E42:E50,"VR+1")*1+COUNTIF(E42:E50,"VL+1")*1+COUNTIF(E42:E50,"=2")*2+COUNTIF(E42:E50,"2+VR")*2+COUNTIF(E42:E50,"2+VL")*2+COUNTIF(E42:E50,"2+VR+VL")*2+COUNTIF(E42:E50,"VR+2")*2+COUNTIF(E42:E50,"VL+2")*2+COUNTIF(E42:E50,"=3")*3+COUNTIF(E42:E50,"3+VR")*3+COUNTIF(E42:E50,"3+VL")*3+COUNTIF(E42:E50,"3+VR+VL")*3+COUNTIF(E42:E50,"VR+3")*3+COUNTIF(E42:E50,"VL+3")*3)+(COUNTIF(F42:F50,"=1")*1+COUNTIF(F42:F50,"1+VR")*1+COUNTIF(F42:F50,"1+VL")*1+COUNTIF(F42:F50,"1+VR+VL")*1+COUNTIF(F42:F50,"VR+1")*1+COUNTIF(F42:F50,"VL+1")*1+COUNTIF(F42:F50,"=2")*2+COUNTIF(F42:F50,"2+VR")*2+COUNTIF(F42:F50,"2+VL")*2+COUNTIF(F42:F50,"2+VR+VL")*2+COUNTIF(F42:F50,"VR+2")*2+COUNTIF(F42:F50,"VL+2")*2+COUNTIF(F42:F50,"=3")*3+COUNTIF(F42:F50,"3+VR")*3+COUNTIF(F42:F50,"3+VL")*3+COUNTIF(F42:F50,"3+VR+VL")*3+COUNTIF(F42:F50,"VR+3")*3+COUNTIF(F42:F50,"VL+3")*3)+(COUNTIF(G42:G50,"=1")*1+COUNTIF(G42:G50,"1+VR")*1+COUNTIF(G42:G50,"1+VL")*1+COUNTIF(G42:G50,"1+VR+VL")*1+COUNTIF(G42:G50,"VR+1")*1+COUNTIF(G42:G50,"VL+1")*1+COUNTIF(G42:G50,"=2")*2+COUNTIF(G42:G50,"2+VR")*2+COUNTIF(G42:G50,"2+VL")*2+COUNTIF(G42:G50,"2+VR+VL")*2+COUNTIF(G42:G50,"VR+2")*2+COUNTIF(G42:G50,"VL+2")*2+COUNTIF(G42:G50,"=3")*3+COUNTIF(G42:G50,"3+VR")*3+COUNTIF(G42:G50,"3+VL")*3+COUNTIF(G42:G50,"3+VR+VL")*3+COUNTIF(G42:G50,"VR+3")*3+COUNTIF(G42:G50,"VL+3")*3) -> 0 | U40: =COUNTIF(B41:B52,"*VR*")+COUNTIF(C41:C52,"*VR*")+COUNTIF(D41:D52,"*VR*")+COUNTIF(E41:E52,"*VR*")+COUNTIF(F41:F52,"*VR*")+COUNTIF(G41:G52,"*VR*")+COUNTIF(H41:H52,"*VR*") -> 0 | V40: =COUNTIF(B41:B52,"*VL*")+COUNTIF(C41:C52,"*VL*")+COUNTIF(D41:D52,"*VL*")+COUNTIF(E41:E52,"*VL*")+COUNTIF(F41:F52,"*VL*")+COUNTIF(G41:G52,"*VL*")+COUNTIF(H41:H52,"*VL*") -> 0
A41: Naam? | B41: 1 | C41: 2 | D41: 3 | E41: 4 | F41: 5 | G41: 6 | H41: 7 | Q41: 7
A42: ='MAESTRA STUDENTEN'!B41 -> Aiden Maertens | H42: =COUNTIF(B42:G42,"=1")*1+COUNTIF(B42:G42,"=2")*2+COUNTIF(B42:G42,"=3")*3+COUNTIF(B42:G42,"1+VR")*1+COUNTIF(B42:G42,"1+VL")*1+COUNTIF(B42:G42,"1+VR+VL")*1+COUNTIF(B42:G42,"2+VR")*2+COUNTIF(B42:G42,"2+VL")*2+COUNTIF(B42:G42,"2+VR+VL")*2+COUNTIF(B42:G42,"3+VR")*3+COUNTIF(B42:G42,"3+VL")*3+COUNTIF(B42:G42,"VR+1")*1+COUNTIF(B42:G42,"VL+1")*1+COUNTIF(B42:G42,"VR+2")*2+COUNTIF(B42:G42,"VL+2")*2+COUNTIF(B42:G42,"VR+3")*3+COUNTIF(B42:G42,"VL+3")*3 -> 0 | I42: =H42 -> 0 | U42: =COUNTIF(B42:G42,"*VR*") -> 0 | V42: =COUNTIF(B42:G42,"*VL*") -> 0
A43: ='MAESTRA STUDENTEN'!B42 -> Alisia Van Meckeren | H43: =COUNTIF(B43:G43,"=1")*1+COUNTIF(B43:G43,"=2")*2+COUNTIF(B43:G43,"=3")*3+COUNTIF(B43:G43,"1+VR")*1+COUNTIF(B43:G43,"1+VL")*1+COUNTIF(B43:G43,"1+VR+VL")*1+COUNTIF(B43:G43,"2+VR")*2+COUNTIF(B43:G43,"2+VL")*2+COUNTIF(B43:G43,"2+VR+VL")*2+COUNTIF(B43:G43,"3+VR")*3+COUNTIF(B43:G43,"3+VL")*3+COUNTIF(B43:G43,"VR+1")*1+COUNTIF(B43:G43,"VL+1")*1+COUNTIF(B43:G43,"VR+2")*2+COUNTIF(B43:G43,"VL+2")*2+COUNTIF(B43:G43,"VR+3")*3+COUNTIF(B43:G43,"VL+3")*3 -> 0 | I43: =H43 -> 0 | U43: =COUNTIF(B43:G43,"*VR*") -> 0 | V43: =COUNTIF(B43:G43,"*VL*") -> 0
A44: ='MAESTRA STUDENTEN'!B43 -> Fleur Willems | H44: =COUNTIF(B44:G44,"=1")*1+COUNTIF(B44:G44,"=2")*2+COUNTIF(B44:G44,"=3")*3+COUNTIF(B44:G44,"1+VR")*1+COUNTIF(B44:G44,"1+VL")*1+COUNTIF(B44:G44,"1+VR+VL")*1+COUNTIF(B44:G44,"2+VR")*2+COUNTIF(B44:G44,"2+VL")*2+COUNTIF(B44:G44,"2+VR+VL")*2+COUNTIF(B44:G44,"3+VR")*3+COUNTIF(B44:G44,"3+VL")*3+COUNTIF(B44:G44,"VR+1")*1+COUNTIF(B44:G44,"VL+1")*1+COUNTIF(B44:G44,"VR+2")*2+COUNTIF(B44:G44,"VL+2")*2+COUNTIF(B44:G44,"VR+3")*3+COUNTIF(B44:G44,"VL+3")*3 -> 0 | I44: =H44 -> 0 | U44: =COUNTIF(B44:G44,"*VR*") -> 0 | V44: =COUNTIF(B44:G44,"*VL*") -> 0
A45: ='MAESTRA STUDENTEN'!B44 -> Jason Vandromme | H45: =COUNTIF(B45:G45,"=1")*1+COUNTIF(B45:G45,"=2")*2+COUNTIF(B45:G45,"=3")*3+COUNTIF(B45:G45,"1+VR")*1+COUNTIF(B45:G45,"1+VL")*1+COUNTIF(B45:G45,"1+VR+VL")*1+COUNTIF(B45:G45,"2+VR")*2+COUNTIF(B45:G45,"2+VL")*2+COUNTIF(B45:G45,"2+VR+VL")*2+COUNTIF(B45:G45,"3+VR")*3+COUNTIF(B45:G45,"3+VL")*3+COUNTIF(B45:G45,"VR+1")*1+COUNTIF(B45:G45,"VL+1")*1+COUNTIF(B45:G45,"VR+2")*2+COUNTIF(B45:G45,"VL+2")*2+COUNTIF(B45:G45,"VR+3")*3+COUNTIF(B45:G45,"VL+3")*3 -> 0 | I45: =H45 -> 0 | U45: =COUNTIF(B45:G45,"*VR*") -> 0 | V45: =COUNTIF(B45:G45,"*VL*") -> 0
A46: ='MAESTRA STUDENTEN'!B45 -> Kenzo Maes | H46: =COUNTIF(B46:G46,"=1")*1+COUNTIF(B46:G46,"=2")*2+COUNTIF(B46:G46,"=3")*3+COUNTIF(B46:G46,"1+VR")*1+COUNTIF(B46:G46,"1+VL")*1+COUNTIF(B46:G46,"1+VR+VL")*1+COUNTIF(B46:G46,"2+VR")*2+COUNTIF(B46:G46,"2+VL")*2+COUNTIF(B46:G46,"2+VR+VL")*2+COUNTIF(B46:G46,"3+VR")*3+COUNTIF(B46:G46,"3+VL")*3+COUNTIF(B46:G46,"VR+1")*1+COUNTIF(B46:G46,"VL+1")*1+COUNTIF(B46:G46,"VR+2")*2+COUNTIF(B46:G46,"VL+2")*2+COUNTIF(B46:G46,"VR+3")*3+COUNTIF(B46:G46,"VL+3")*3 -> 0 | I46: =H46 -> 0 | U46: =COUNTIF(B46:G46,"*VR*") -> 0 | V46: =COUNTIF(B46:G46,"*VL*") -> 0
A47: ='MAESTRA STUDENTEN'!B46 -> Laura Haelewyn | H47: =COUNTIF(B47:G47,"=1")*1+COUNTIF(B47:G47,"=2")*2+COUNTIF(B47:G47,"=3")*3+COUNTIF(B47:G47,"1+VR")*1+COUNTIF(B47:G47,"1+VL")*1+COUNTIF(B47:G47,"1+VR+VL")*1+COUNTIF(B47:G47,"2+VR")*2+COUNTIF(B47:G47,"2+VL")*2+COUNTIF(B47:G47,"2+VR+VL")*2+COUNTIF(B47:G47,"3+VR")*3+COUNTIF(B47:G47,"3+VL")*3+COUNTIF(B47:G47,"VR+1")*1+COUNTIF(B47:G47,"VL+1")*1+COUNTIF(B47:G47,"VR+2")*2+COUNTIF(B47:G47,"VL+2")*2+COUNTIF(B47:G47,"VR+3")*3+COUNTIF(B47:G47,"VL+3")*3 -> 0 | I47: =H47 -> 0 | U47: =COUNTIF(B47:G47,"*VR*") -> 0 | V47: =COUNTIF(B47:G47,"*VL*") -> 0
A48: ='MAESTRA STUDENTEN'!B47 -> Milan Van Poecke | H48: =COUNTIF(B48:G48,"=1")*1+COUNTIF(B48:G48,"=2")*2+COUNTIF(B48:G48,"=3")*3+COUNTIF(B48:G48,"1+VR")*1+COUNTIF(B48:G48,"1+VL")*1+COUNTIF(B48:G48,"1+VR+VL")*1+COUNTIF(B48:G48,"2+VR")*2+COUNTIF(B48:G48,"2+VL")*2+COUNTIF(B48:G48,"2+VR+VL")*2+COUNTIF(B48:G48,"3+VR")*3+COUNTIF(B48:G48,"3+VL")*3+COUNTIF(B48:G48,"VR+1")*1+COUNTIF(B48:G48,"VL+1")*1+COUNTIF(B48:G48,"VR+2")*2+COUNTIF(B48:G48,"VL+2")*2+COUNTIF(B48:G48,"VR+3")*3+COUNTIF(B48:G48,"VL+3")*3 -> 0 | I48: =H48 -> 0 | U48: =COUNTIF(B48:G48,"*VR*") -> 0 | V48: =COUNTIF(B48:G48,"*VL*") -> 0
A49: ='MAESTRA STUDENTEN'!B48 -> Said Alshalabi | H49: =COUNTIF(B49:G49,"=1")*1+COUNTIF(B49:G49,"=2")*2+COUNTIF(B49:G49,"=3")*3+COUNTIF(B49:G49,"1+VR")*1+COUNTIF(B49:G49,"1+VL")*1+COUNTIF(B49:G49,"1+VR+VL")*1+COUNTIF(B49:G49,"2+VR")*2+COUNTIF(B49:G49,"2+VL")*2+COUNTIF(B49:G49,"2+VR+VL")*2+COUNTIF(B49:G49,"3+VR")*3+COUNTIF(B49:G49,"3+VL")*3+COUNTIF(B49:G49,"VR+1")*1+COUNTIF(B49:G49,"VL+1")*1+COUNTIF(B49:G49,"VR+2")*2+COUNTIF(B49:G49,"VL+2")*2+COUNTIF(B49:G49,"VR+3")*3+COUNTIF(B49:G49,"VL+3")*3 -> 0 | I49: =H49 -> 0 | U49: =COUNTIF(B49:G49,"*VR*") -> 0 | V49: =COUNTIF(B49:G49,"*VL*") -> 0
A50: ='MAESTRA STUDENTEN'!B49 -> Yarod Doudou | H50: =COUNTIF(B50:G50,"=1")*1+COUNTIF(B50:G50,"=2")*2+COUNTIF(B50:G50,"=3")*3+COUNTIF(B50:G50,"1+VR")*1+COUNTIF(B50:G50,"1+VL")*1+COUNTIF(B50:G50,"1+VR+VL")*1+COUNTIF(B50:G50,"2+VR")*2+COUNTIF(B50:G50,"2+VL")*2+COUNTIF(B50:G50,"2+VR+VL")*2+COUNTIF(B50:G50,"3+VR")*3+COUNTIF(B50:G50,"3+VL")*3+COUNTIF(B50:G50,"VR+1")*1+COUNTIF(B50:G50,"VL+1")*1+COUNTIF(B50:G50,"VR+2")*2+COUNTIF(B50:G50,"VL+2")*2+COUNTIF(B50:G50,"VR+3")*3+COUNTIF(B50:G50,"VL+3")*3 -> 0 | I50: =H50 -> 0 | U50: =COUNTIF(B50:G50,"*VR*") -> 0 | V50: =COUNTIF(B50:G50,"*VL*") -> 0
I51: =SUM(B51:H51) -> 0
I52: =SUM(B52:H52) -> 0
A53: 3 Food | H53: =(COUNTIF(B55:B63,"=1")*1+COUNTIF(B55:B63,"1+VR")*1+COUNTIF(B55:B63,"1+VL")*1+COUNTIF(B55:B63,"1+VR+VL")*1+COUNTIF(B55:B63,"VR+1")*1+COUNTIF(B55:B63,"VL+1")*1+COUNTIF(B55:B63,"=2")*2+COUNTIF(B55:B63,"2+VR")*2+COUNTIF(B55:B63,"2+VL")*2+COUNTIF(B55:B63,"2+VR+VL")*2+COUNTIF(B55:B63,"VR+2")*2+COUNTIF(B55:B63,"VL+2")*2+COUNTIF(B55:B63,"=3")*3+COUNTIF(B55:B63,"3+VR")*3+COUNTIF(B55:B63,"3+VL")*3+COUNTIF(B55:B63,"3+VR+VL")*3+COUNTIF(B55:B63,"VR+3")*3+COUNTIF(B55:B63,"VL+3")*3)+(COUNTIF(C55:C63,"=1")*1+COUNTIF(C55:C63,"1+VR")*1+COUNTIF(C55:C63,"1+VL")*1+COUNTIF(C55:C63,"1+VR+VL")*1+COUNTIF(C55:C63,"VR+1")*1+COUNTIF(C55:C63,"VL+1")*1+COUNTIF(C55:C63,"=2")*2+COUNTIF(C55:C63,"2+VR")*2+COUNTIF(C55:C63,"2+VL")*2+COUNTIF(C55:C63,"2+VR+VL")*2+COUNTIF(C55:C63,"VR+2")*2+COUNTIF(C55:C63,"VL+2")*2+COUNTIF(C55:C63,"=3")*3+COUNTIF(C55:C63,"3+VR")*3+COUNTIF(C55:C63,"3+VL")*3+COUNTIF(C55:C63,"3+VR+VL")*3+COUNTIF(C55:C63,"VR+3")*3+COUNTIF(C55:C63,"VL+3")*3)+(COUNTIF(D55:D63,"=1")*1+COUNTIF(D55:D63,"1+VR")*1+COUNTIF(D55:D63,"1+VL")*1+COUNTIF(D55:D63,"1+VR+VL")*1+COUNTIF(D55:D63,"VR+1")*1+COUNTIF(D55:D63,"VL+1")*1+COUNTIF(D55:D63,"=2")*2+COUNTIF(D55:D63,"2+VR")*2+COUNTIF(D55:D63,"2+VL")*2+COUNTIF(D55:D63,"2+VR+VL")*2+COUNTIF(D55:D63,"VR+2")*2+COUNTIF(D55:D63,"VL+2")*2+COUNTIF(D55:D63,"=3")*3+COUNTIF(D55:D63,"3+VR")*3+COUNTIF(D55:D63,"3+VL")*3+COUNTIF(D55:D63,"3+VR+VL")*3+COUNTIF(D55:D63,"VR+3")*3+COUNTIF(D55:D63,"VL+3")*3)+(COUNTIF(E55:E63,"=1")*1+COUNTIF(E55:E63,"1+VR")*1+COUNTIF(E55:E63,"1+VL")*1+COUNTIF(E55:E63,"1+VR+VL")*1+COUNTIF(E55:E63,"VR+1")*1+COUNTIF(E55:E63,"VL+1")*1+COUNTIF(E55:E63,"=2")*2+COUNTIF(E55:E63,"2+VR")*2+COUNTIF(E55:E63,"2+VL")*2+COUNTIF(E55:E63,"2+VR+VL")*2+COUNTIF(E55:E63,"VR+2")*2+COUNTIF(E55:E63,"VL+2")*2+COUNTIF(E55:E63,"=3")*3+COUNTIF(E55:E63,"3+VR")*3+COUNTIF(E55:E63,"3+VL")*3+COUNTIF(E55:E63,"3+VR+VL")*3+COUNTIF(E55:E63,"VR+3")*3+COUNTIF(E55:E63,"VL+3")*3)+(COUNTIF(F55:F63,"=1")*1+COUNTIF(F55:F63,"1+VR")*1+COUNTIF(F55:F63,"1+VL")*1+COUNTIF(F55:F63,"1+VR+VL")*1+COUNTIF(F55:F63,"VR+1")*1+COUNTIF(F55:F63,"VL+1")*1+COUNTIF(F55:F63,"=2")*2+COUNTIF(F55:F63,"2+VR")*2+COUNTIF(F55:F63,"2+VL")*2+COUNTIF(F55:F63,"2+VR+VL")*2+COUNTIF(F55:F63,"VR+2")*2+COUNTIF(F55:F63,"VL+2")*2+COUNTIF(F55:F63,"=3")*3+COUNTIF(F55:F63,"3+VR")*3+COUNTIF(F55:F63,"3+VL")*3+COUNTIF(F55:F63,"3+VR+VL")*3+COUNTIF(F55:F63,"VR+3")*3+COUNTIF(F55:F63,"VL+3")*3)+(COUNTIF(G55:G63,"=1")*1+COUNTIF(G55:G63,"1+VR")*1+COUNTIF(G55:G63,"1+VL")*1+COUNTIF(G55:G63,"1+VR+VL")*1+COUNTIF(G55:G63,"VR+1")*1+COUNTIF(G55:G63,"VL+1")*1+COUNTIF(G55:G63,"=2")*2+COUNTIF(G55:G63,"2+VR")*2+COUNTIF(G55:G63,"2+VL")*2+COUNTIF(G55:G63,"2+VR+VL")*2+COUNTIF(G55:G63,"VR+2")*2+COUNTIF(G55:G63,"VL+2")*2+COUNTIF(G55:G63,"=3")*3+COUNTIF(G55:G63,"3+VR")*3+COUNTIF(G55:G63,"3+VL")*3+COUNTIF(G55:G63,"3+VR+VL")*3+COUNTIF(G55:G63,"VR+3")*3+COUNTIF(G55:G63,"VL+3")*3) -> 0 | U53: =COUNTIF(B54:B65,"*VR*")+COUNTIF(C54:C65,"*VR*")+COUNTIF(D54:D65,"*VR*")+COUNTIF(E54:E65,"*VR*")+COUNTIF(F54:F65,"*VR*")+COUNTIF(G54:G65,"*VR*")+COUNTIF(H54:H65,"*VR*") -> 0 | V53: =COUNTIF(B54:B65,"*VL*")+COUNTIF(C54:C65,"*VL*")+COUNTIF(D54:D65,"*VL*")+COUNTIF(E54:E65,"*VL*")+COUNTIF(F54:F65,"*VL*")+COUNTIF(G54:G65,"*VL*")+COUNTIF(H54:H65,"*VL*") -> 0
A54: Naam? | B54: 1 | C54: 2 | D54: 3 | E54: 4 | F54: 5 | G54: 6 | H54: 7 | Q54: 7
A55: ='MAESTRA STUDENTEN'!B50 -> Arno De Cock | H55: =COUNTIF(B55:G55,"=1")*1+COUNTIF(B55:G55,"=2")*2+COUNTIF(B55:G55,"=3")*3+COUNTIF(B55:G55,"1+VR")*1+COUNTIF(B55:G55,"1+VL")*1+COUNTIF(B55:G55,"1+VR+VL")*1+COUNTIF(B55:G55,"2+VR")*2+COUNTIF(B55:G55,"2+VL")*2+COUNTIF(B55:G55,"2+VR+VL")*2+COUNTIF(B55:G55,"3+VR")*3+COUNTIF(B55:G55,"3+VL")*3+COUNTIF(B55:G55,"VR+1")*1+COUNTIF(B55:G55,"VL+1")*1+COUNTIF(B55:G55,"VR+2")*2+COUNTIF(B55:G55,"VL+2")*2+COUNTIF(B55:G55,"VR+3")*3+COUNTIF(B55:G55,"VL+3")*3 -> 0 | I55: =H55 -> 0 | U55: =COUNTIF(B55:G55,"*VR*") -> 0 | V55: =COUNTIF(B55:G55,"*VL*") -> 0
A56: ='MAESTRA STUDENTEN'!B51 -> Dante Dhoust | H56: =COUNTIF(B56:G56,"=1")*1+COUNTIF(B56:G56,"=2")*2+COUNTIF(B56:G56,"=3")*3+COUNTIF(B56:G56,"1+VR")*1+COUNTIF(B56:G56,"1+VL")*1+COUNTIF(B56:G56,"1+VR+VL")*1+COUNTIF(B56:G56,"2+VR")*2+COUNTIF(B56:G56,"2+VL")*2+COUNTIF(B56:G56,"2+VR+VL")*2+COUNTIF(B56:G56,"3+VR")*3+COUNTIF(B56:G56,"3+VL")*3+COUNTIF(B56:G56,"VR+1")*1+COUNTIF(B56:G56,"VL+1")*1+COUNTIF(B56:G56,"VR+2")*2+COUNTIF(B56:G56,"VL+2")*2+COUNTIF(B56:G56,"VR+3")*3+COUNTIF(B56:G56,"VL+3")*3 -> 0 | I56: =H56 -> 0 | U56: =COUNTIF(B56:G56,"*VR*") -> 0 | V56: =COUNTIF(B56:G56,"*VL*") -> 0
A57: ='MAESTRA STUDENTEN'!B52 -> Diara Kerckenaere | H57: =COUNTIF(B57:G57,"=1")*1+COUNTIF(B57:G57,"=2")*2+COUNTIF(B57:G57,"=3")*3+COUNTIF(B57:G57,"1+VR")*1+COUNTIF(B57:G57,"1+VL")*1+COUNTIF(B57:G57,"1+VR+VL")*1+COUNTIF(B57:G57,"2+VR")*2+COUNTIF(B57:G57,"2+VL")*2+COUNTIF(B57:G57,"2+VR+VL")*2+COUNTIF(B57:G57,"3+VR")*3+COUNTIF(B57:G57,"3+VL")*3+COUNTIF(B57:G57,"VR+1")*1+COUNTIF(B57:G57,"VL+1")*1+COUNTIF(B57:G57,"VR+2")*2+COUNTIF(B57:G57,"VL+2")*2+COUNTIF(B57:G57,"VR+3")*3+COUNTIF(B57:G57,"VL+3")*3 -> 0 | I57: =H57 -> 0 | U57: =COUNTIF(B57:G57,"*VR*") -> 0 | V57: =COUNTIF(B57:G57,"*VL*") -> 0
A58: ='MAESTRA STUDENTEN'!B53 -> Jasorou Vansieleghem | H58: =COUNTIF(B58:G58,"=1")*1+COUNTIF(B58:G58,"=2")*2+COUNTIF(B58:G58,"=3")*3+COUNTIF(B58:G58,"1+VR")*1+COUNTIF(B58:G58,"1+VL")*1+COUNTIF(B58:G58,"1+VR+VL")*1+COUNTIF(B58:G58,"2+VR")*2+COUNTIF(B58:G58,"2+VL")*2+COUNTIF(B58:G58,"2+VR+VL")*2+COUNTIF(B58:G58,"3+VR")*3+COUNTIF(B58:G58,"3+VL")*3+COUNTIF(B58:G58,"VR+1")*1+COUNTIF(B58:G58,"VL+1")*1+COUNTIF(B58:G58,"VR+2")*2+COUNTIF(B58:G58,"VL+2")*2+COUNTIF(B58:G58,"VR+3")*3+COUNTIF(B58:G58,"VL+3")*3 -> 0 | I58: =H58 -> 0 | U58: =COUNTIF(B58:G58,"*VR*") -> 0 | V58: =COUNTIF(B58:G58,"*VL*") -> 0
A59: ='MAESTRA STUDENTEN'!B54 -> Jelle Verdoodt | H59: =COUNTIF(B59:G59,"=1")*1+COUNTIF(B59:G59,"=2")*2+COUNTIF(B59:G59,"=3")*3+COUNTIF(B59:G59,"1+VR")*1+COUNTIF(B59:G59,"1+VL")*1+COUNTIF(B59:G59,"1+VR+VL")*1+COUNTIF(B59:G59,"2+VR")*2+COUNTIF(B59:G59,"2+VL")*2+COUNTIF(B59:G59,"2+VR+VL")*2+COUNTIF(B59:G59,"3+VR")*3+COUNTIF(B59:G59,"3+VL")*3+COUNTIF(B59:G59,"VR+1")*1+COUNTIF(B59:G59,"VL+1")*1+COUNTIF(B59:G59,"VR+2")*2+COUNTIF(B59:G59,"VL+2")*2+COUNTIF(B59:G59,"VR+3")*3+COUNTIF(B59:G59,"VL+3")*3 -> 0 | I59: =H59 -> 0 | U59: =COUNTIF(B59:G59,"*VR*") -> 0 | V59: =COUNTIF(B59:G59,"*VL*") -> 0
A60: ='MAESTRA STUDENTEN'!B55 -> Kayden Wyatt | H60: =COUNTIF(B60:G60,"=1")*1+COUNTIF(B60:G60,"=2")*2+COUNTIF(B60:G60,"=3")*3+COUNTIF(B60:G60,"1+VR")*1+COUNTIF(B60:G60,"1+VL")*1+COUNTIF(B60:G60,"1+VR+VL")*1+COUNTIF(B60:G60,"2+VR")*2+COUNTIF(B60:G60,"2+VL")*2+COUNTIF(B60:G60,"2+VR+VL")*2+COUNTIF(B60:G60,"3+VR")*3+COUNTIF(B60:G60,"3+VL")*3+COUNTIF(B60:G60,"VR+1")*1+COUNTIF(B60:G60,"VL+1")*1+COUNTIF(B60:G60,"VR+2")*2+COUNTIF(B60:G60,"VL+2")*2+COUNTIF(B60:G60,"VR+3")*3+COUNTIF(B60:G60,"VL+3")*3 -> 0 | I60: =H60 -> 0 | U60: =COUNTIF(B60:G60,"*VR*") -> 0 | V60: =COUNTIF(B60:G60,"*VL*") -> 0
A61: ='MAESTRA STUDENTEN'!B56 -> Pixie Boone | H61: =COUNTIF(B61:G61,"=1")*1+COUNTIF(B61:G61,"=2")*2+COUNTIF(B61:G61,"=3")*3+COUNTIF(B61:G61,"1+VR")*1+COUNTIF(B61:G61,"1+VL")*1+COUNTIF(B61:G61,"1+VR+VL")*1+COUNTIF(B61:G61,"2+VR")*2+COUNTIF(B61:G61,"2+VL")*2+COUNTIF(B61:G61,"2+VR+VL")*2+COUNTIF(B61:G61,"3+VR")*3+COUNTIF(B61:G61,"3+VL")*3+COUNTIF(B61:G61,"VR+1")*1+COUNTIF(B61:G61,"VL+1")*1+COUNTIF(B61:G61,"VR+2")*2+COUNTIF(B61:G61,"VL+2")*2+COUNTIF(B61:G61,"VR+3")*3+COUNTIF(B61:G61,"VL+3")*3 -> 0 | I61: =H61 -> 0 | U61: =COUNTIF(B61:G61,"*VR*") -> 0 | V61: =COUNTIF(B61:G61,"*VL*") -> 0
A62: ='MAESTRA STUDENTEN'!B57 -> Timo De Smedt | H62: =COUNTIF(B62:G62,"=1")*1+COUNTIF(B62:G62,"=2")*2+COUNTIF(B62:G62,"=3")*3+COUNTIF(B62:G62,"1+VR")*1+COUNTIF(B62:G62,"1+VL")*1+COUNTIF(B62:G62,"1+VR+VL")*1+COUNTIF(B62:G62,"2+VR")*2+COUNTIF(B62:G62,"2+VL")*2+COUNTIF(B62:G62,"2+VR+VL")*2+COUNTIF(B62:G62,"3+VR")*3+COUNTIF(B62:G62,"3+VL")*3+COUNTIF(B62:G62,"VR+1")*1+COUNTIF(B62:G62,"VL+1")*1+COUNTIF(B62:G62,"VR+2")*2+COUNTIF(B62:G62,"VL+2")*2+COUNTIF(B62:G62,"VR+3")*3+COUNTIF(B62:G62,"VL+3")*3 -> 0 | I62: =H62 -> 0 | U62: =COUNTIF(B62:G62,"*VR*") -> 0 | V62: =COUNTIF(B62:G62,"*VL*") -> 0
A63: ='MAESTRA STUDENTEN'!B58 -> Yoran Van den Steen | H63: =COUNTIF(B63:G63,"=1")*1+COUNTIF(B63:G63,"=2")*2+COUNTIF(B63:G63,"=3")*3+COUNTIF(B63:G63,"1+VR")*1+COUNTIF(B63:G63,"1+VL")*1+COUNTIF(B63:G63,"1+VR+VL")*1+COUNTIF(B63:G63,"2+VR")*2+COUNTIF(B63:G63,"2+VL")*2+COUNTIF(B63:G63,"2+VR+VL")*2+COUNTIF(B63:G63,"3+VR")*3+COUNTIF(B63:G63,"3+VL")*3+COUNTIF(B63:G63,"VR+1")*1+COUNTIF(B63:G63,"VL+1")*1+COUNTIF(B63:G63,"VR+2")*2+COUNTIF(B63:G63,"VL+2")*2+COUNTIF(B63:G63,"VR+3")*3+COUNTIF(B63:G63,"VL+3")*3 -> 0 | I63: =H63 -> 0 | U63: =COUNTIF(B63:G63,"*VR*") -> 0 | V63: =COUNTIF(B63:G63,"*VL*") -> 0
I64: =SUM(B64:H64) -> 0
I65: =SUM(B65:H65) -> 0
A66: 3 MA | H66: =(COUNTIF(B68:B75,"=1")*1+COUNTIF(B68:B75,"1+VR")*1+COUNTIF(B68:B75,"1+VL")*1+COUNTIF(B68:B75,"1+VR+VL")*1+COUNTIF(B68:B75,"VR+1")*1+COUNTIF(B68:B75,"VL+1")*1+COUNTIF(B68:B75,"=2")*2+COUNTIF(B68:B75,"2+VR")*2+COUNTIF(B68:B75,"2+VL")*2+COUNTIF(B68:B75,"2+VR+VL")*2+COUNTIF(B68:B75,"VR+2")*2+COUNTIF(B68:B75,"VL+2")*2+COUNTIF(B68:B75,"=3")*3+COUNTIF(B68:B75,"3+VR")*3+COUNTIF(B68:B75,"3+VL")*3+COUNTIF(B68:B75,"3+VR+VL")*3+COUNTIF(B68:B75,"VR+3")*3+COUNTIF(B68:B75,"VL+3")*3)+(COUNTIF(C68:C75,"=1")*1+COUNTIF(C68:C75,"1+VR")*1+COUNTIF(C68:C75,"1+VL")*1+COUNTIF(C68:C75,"1+VR+VL")*1+COUNTIF(C68:C75,"VR+1")*1+COUNTIF(C68:C75,"VL+1")*1+COUNTIF(C68:C75,"=2")*2+COUNTIF(C68:C75,"2+VR")*2+COUNTIF(C68:C75,"2+VL")*2+COUNTIF(C68:C75,"2+VR+VL")*2+COUNTIF(C68:C75,"VR+2")*2+COUNTIF(C68:C75,"VL+2")*2+COUNTIF(C68:C75,"=3")*3+COUNTIF(C68:C75,"3+VR")*3+COUNTIF(C68:C75,"3+VL")*3+COUNTIF(C68:C75,"3+VR+VL")*3+COUNTIF(C68:C75,"VR+3")*3+COUNTIF(C68:C75,"VL+3")*3)+(COUNTIF(D68:D75,"=1")*1+COUNTIF(D68:D75,"1+VR")*1+COUNTIF(D68:D75,"1+VL")*1+COUNTIF(D68:D75,"1+VR+VL")*1+COUNTIF(D68:D75,"VR+1")*1+COUNTIF(D68:D75,"VL+1")*1+COUNTIF(D68:D75,"=2")*2+COUNTIF(D68:D75,"2+VR")*2+COUNTIF(D68:D75,"2+VL")*2+COUNTIF(D68:D75,"2+VR+VL")*2+COUNTIF(D68:D75,"VR+2")*2+COUNTIF(D68:D75,"VL+2")*2+COUNTIF(D68:D75,"=3")*3+COUNTIF(D68:D75,"3+VR")*3+COUNTIF(D68:D75,"3+VL")*3+COUNTIF(D68:D75,"3+VR+VL")*3+COUNTIF(D68:D75,"VR+3")*3+COUNTIF(D68:D75,"VL+3")*3)+(COUNTIF(E68:E75,"=1")*1+COUNTIF(E68:E75,"1+VR")*1+COUNTIF(E68:E75,"1+VL")*1+COUNTIF(E68:E75,"1+VR+VL")*1+COUNTIF(E68:E75,"VR+1")*1+COUNTIF(E68:E75,"VL+1")*1+COUNTIF(E68:E75,"=2")*2+COUNTIF(E68:E75,"2+VR")*2+COUNTIF(E68:E75,"2+VL")*2+COUNTIF(E68:E75,"2+VR+VL")*2+COUNTIF(E68:E75,"VR+2")*2+COUNTIF(E68:E75,"VL+2")*2+COUNTIF(E68:E75,"=3")*3+COUNTIF(E68:E75,"3+VR")*3+COUNTIF(E68:E75,"3+VL")*3+COUNTIF(E68:E75,"3+VR+VL")*3+COUNTIF(E68:E75,"VR+3")*3+COUNTIF(E68:E75,"VL+3")*3)+(COUNTIF(F68:F75,"=1")*1+COUNTIF(F68:F75,"1+VR")*1+COUNTIF(F68:F75,"1+VL")*1+COUNTIF(F68:F75,"1+VR+VL")*1+COUNTIF(F68:F75,"VR+1")*1+COUNTIF(F68:F75,"VL+1")*1+COUNTIF(F68:F75,"=2")*2+COUNTIF(F68:F75,"2+VR")*2+COUNTIF(F68:F75,"2+VL")*2+COUNTIF(F68:F75,"2+VR+VL")*2+COUNTIF(F68:F75,"VR+2")*2+COUNTIF(F68:F75,"VL+2")*2+COUNTIF(F68:F75,"=3")*3+COUNTIF(F68:F75,"3+VR")*3+COUNTIF(F68:F75,"3+VL")*3+COUNTIF(F68:F75,"3+VR+VL")*3+COUNTIF(F68:F75,"VR+3")*3+COUNTIF(F68:F75,"VL+3")*3)+(COUNTIF(G68:G75,"=1")*1+COUNTIF(G68:G75,"1+VR")*1+COUNTIF(G68:G75,"1+VL")*1+COUNTIF(G68:G75,"1+VR+VL")*1+COUNTIF(G68:G75,"VR+1")*1+COUNTIF(G68:G75,"VL+1")*1+COUNTIF(G68:G75,"=2")*2+COUNTIF(G68:G75,"2+VR")*2+COUNTIF(G68:G75,"2+VL")*2+COUNTIF(G68:G75,"2+VR+VL")*2+COUNTIF(G68:G75,"VR+2")*2+COUNTIF(G68:G75,"VL+2")*2+COUNTIF(G68:G75,"=3")*3+COUNTIF(G68:G75,"3+VR")*3+COUNTIF(G68:G75,"3+VL")*3+COUNTIF(G68:G75,"3+VR+VL")*3+COUNTIF(G68:G75,"VR+3")*3+COUNTIF(G68:G75,"VL+3")*3) -> 0 | U66: =COUNTIF(B67:B77,"*VR*")+COUNTIF(C67:C77,"*VR*")+COUNTIF(D67:D77,"*VR*")+COUNTIF(E67:E77,"*VR*")+COUNTIF(F67:F77,"*VR*")+COUNTIF(G67:G77,"*VR*")+COUNTIF(H67:H77,"*VR*") -> 0 | V66: =COUNTIF(B67:B77,"*VL*")+COUNTIF(C67:C77,"*VL*")+COUNTIF(D67:D77,"*VL*")+COUNTIF(E67:E77,"*VL*")+COUNTIF(F67:F77,"*VL*")+COUNTIF(G67:G77,"*VL*")+COUNTIF(H67:H77,"*VL*") -> 0
A67: Naam? | B67: 1 | C67: 2 | D67: 3 | E67: 4 | F67: 5 | G67: 6 | H67: 7 | Q67: 7
A68: ='MAESTRA STUDENTEN'!B59 -> Daan Vermeyen | H68: =COUNTIF(B68:G68,"=1")*1+COUNTIF(B68:G68,"=2")*2+COUNTIF(B68:G68,"=3")*3+COUNTIF(B68:G68,"1+VR")*1+COUNTIF(B68:G68,"1+VL")*1+COUNTIF(B68:G68,"1+VR+VL")*1+COUNTIF(B68:G68,"2+VR")*2+COUNTIF(B68:G68,"2+VL")*2+COUNTIF(B68:G68,"2+VR+VL")*2+COUNTIF(B68:G68,"3+VR")*3+COUNTIF(B68:G68,"3+VL")*3+COUNTIF(B68:G68,"VR+1")*1+COUNTIF(B68:G68,"VL+1")*1+COUNTIF(B68:G68,"VR+2")*2+COUNTIF(B68:G68,"VL+2")*2+COUNTIF(B68:G68,"VR+3")*3+COUNTIF(B68:G68,"VL+3")*3 -> 0 | I68: =H68 -> 0 | U68: =COUNTIF(B68:G68,"*VR*") -> 0 | V68: =COUNTIF(B68:G68,"*VL*") -> 0
A69: ='MAESTRA STUDENTEN'!B60 -> Gust Goossens | H69: =COUNTIF(B69:G69,"=1")*1+COUNTIF(B69:G69,"=2")*2+COUNTIF(B69:G69,"=3")*3+COUNTIF(B69:G69,"1+VR")*1+COUNTIF(B69:G69,"1+VL")*1+COUNTIF(B69:G69,"1+VR+VL")*1+COUNTIF(B69:G69,"2+VR")*2+COUNTIF(B69:G69,"2+VL")*2+COUNTIF(B69:G69,"2+VR+VL")*2+COUNTIF(B69:G69,"3+VR")*3+COUNTIF(B69:G69,"3+VL")*3+COUNTIF(B69:G69,"VR+1")*1+COUNTIF(B69:G69,"VL+1")*1+COUNTIF(B69:G69,"VR+2")*2+COUNTIF(B69:G69,"VL+2")*2+COUNTIF(B69:G69,"VR+3")*3+COUNTIF(B69:G69,"VL+3")*3 -> 0 | I69: =H69 -> 0 | U69: =COUNTIF(B69:G69,"*VR*") -> 0 | V69: =COUNTIF(B69:G69,"*VL*") -> 0
A70: ='MAESTRA STUDENTEN'!B61 -> Levi Blanckaert | H70: =COUNTIF(B70:G70,"=1")*1+COUNTIF(B70:G70,"=2")*2+COUNTIF(B70:G70,"=3")*3+COUNTIF(B70:G70,"1+VR")*1+COUNTIF(B70:G70,"1+VL")*1+COUNTIF(B70:G70,"1+VR+VL")*1+COUNTIF(B70:G70,"2+VR")*2+COUNTIF(B70:G70,"2+VL")*2+COUNTIF(B70:G70,"2+VR+VL")*2+COUNTIF(B70:G70,"3+VR")*3+COUNTIF(B70:G70,"3+VL")*3+COUNTIF(B70:G70,"VR+1")*1+COUNTIF(B70:G70,"VL+1")*1+COUNTIF(B70:G70,"VR+2")*2+COUNTIF(B70:G70,"VL+2")*2+COUNTIF(B70:G70,"VR+3")*3+COUNTIF(B70:G70,"VL+3")*3 -> 0 | I70: =H70 -> 0 | U70: =COUNTIF(B70:G70,"*VR*") -> 0 | V70: =COUNTIF(B70:G70,"*VL*") -> 0
A71: ='MAESTRA STUDENTEN'!B62 -> Louis Decasstecker | H71: =COUNTIF(B71:G71,"=1")*1+COUNTIF(B71:G71,"=2")*2+COUNTIF(B71:G71,"=3")*3+COUNTIF(B71:G71,"1+VR")*1+COUNTIF(B71:G71,"1+VL")*1+COUNTIF(B71:G71,"1+VR+VL")*1+COUNTIF(B71:G71,"2+VR")*2+COUNTIF(B71:G71,"2+VL")*2+COUNTIF(B71:G71,"2+VR+VL")*2+COUNTIF(B71:G71,"3+VR")*3+COUNTIF(B71:G71,"3+VL")*3+COUNTIF(B71:G71,"VR+1")*1+COUNTIF(B71:G71,"VL+1")*1+COUNTIF(B71:G71,"VR+2")*2+COUNTIF(B71:G71,"VL+2")*2+COUNTIF(B71:G71,"VR+3")*3+COUNTIF(B71:G71,"VL+3")*3 -> 0 | I71: =H71 -> 0 | U71: =COUNTIF(B71:G71,"*VR*") -> 0 | V71: =COUNTIF(B71:G71,"*VL*") -> 0
A72: ='MAESTRA STUDENTEN'!B63 -> Mathias Vandenborn | H72: =COUNTIF(B72:G72,"=1")*1+COUNTIF(B72:G72,"=2")*2+COUNTIF(B72:G72,"=3")*3+COUNTIF(B72:G72,"1+VR")*1+COUNTIF(B72:G72,"1+VL")*1+COUNTIF(B72:G72,"1+VR+VL")*1+COUNTIF(B72:G72,"2+VR")*2+COUNTIF(B72:G72,"2+VL")*2+COUNTIF(B72:G72,"2+VR+VL")*2+COUNTIF(B72:G72,"3+VR")*3+COUNTIF(B72:G72,"3+VL")*3+COUNTIF(B72:G72,"VR+1")*1+COUNTIF(B72:G72,"VL+1")*1+COUNTIF(B72:G72,"VR+2")*2+COUNTIF(B72:G72,"VL+2")*2+COUNTIF(B72:G72,"VR+3")*3+COUNTIF(B72:G72,"VL+3")*3 -> 0 | I72: =H72 -> 0 | U72: =COUNTIF(B72:G72,"*VR*") -> 0 | V72: =COUNTIF(B72:G72,"*VL*") -> 0
A73: ='MAESTRA STUDENTEN'!B64 -> Thijs Loodgieter | H73: =COUNTIF(B73:G73,"=1")*1+COUNTIF(B73:G73,"=2")*2+COUNTIF(B73:G73,"=3")*3+COUNTIF(B73:G73,"1+VR")*1+COUNTIF(B73:G73,"1+VL")*1+COUNTIF(B73:G73,"1+VR+VL")*1+COUNTIF(B73:G73,"2+VR")*2+COUNTIF(B73:G73,"2+VL")*2+COUNTIF(B73:G73,"2+VR+VL")*2+COUNTIF(B73:G73,"3+VR")*3+COUNTIF(B73:G73,"3+VL")*3+COUNTIF(B73:G73,"VR+1")*1+COUNTIF(B73:G73,"VL+1")*1+COUNTIF(B73:G73,"VR+2")*2+COUNTIF(B73:G73,"VL+2")*2+COUNTIF(B73:G73,"VR+3")*3+COUNTIF(B73:G73,"VL+3")*3 -> 0 | I73: =H73 -> 0 | U73: =COUNTIF(B73:G73,"*VR*") -> 0 | V73: =COUNTIF(B73:G73,"*VL*") -> 0
A74: ='MAESTRA STUDENTEN'!B65 -> Tibe Persyn | H74: =COUNTIF(B74:G74,"=1")*1+COUNTIF(B74:G74,"=2")*2+COUNTIF(B74:G74,"=3")*3+COUNTIF(B74:G74,"1+VR")*1+COUNTIF(B74:G74,"1+VL")*1+COUNTIF(B74:G74,"1+VR+VL")*1+COUNTIF(B74:G74,"2+VR")*2+COUNTIF(B74:G74,"2+VL")*2+COUNTIF(B74:G74,"2+VR+VL")*2+COUNTIF(B74:G74,"3+VR")*3+COUNTIF(B74:G74,"3+VL")*3+COUNTIF(B74:G74,"VR+1")*1+COUNTIF(B74:G74,"VL+1")*1+COUNTIF(B74:G74,"VR+2")*2+COUNTIF(B74:G74,"VL+2")*2+COUNTIF(B74:G74,"VR+3")*3+COUNTIF(B74:G74,"VL+3")*3 -> 0 | I74: =H74 -> 0 | U74: =COUNTIF(B74:G74,"*VR*") -> 0 | V74: =COUNTIF(B74:G74,"*VL*") -> 0
A75: ='MAESTRA STUDENTEN'!B66 -> Xyam D'hulster | H75: =COUNTIF(B75:G75,"=1")*1+COUNTIF(B75:G75,"=2")*2+COUNTIF(B75:G75,"=3")*3+COUNTIF(B75:G75,"1+VR")*1+COUNTIF(B75:G75,"1+VL")*1+COUNTIF(B75:G75,"1+VR+VL")*1+COUNTIF(B75:G75,"2+VR")*2+COUNTIF(B75:G75,"2+VL")*2+COUNTIF(B75:G75,"2+VR+VL")*2+COUNTIF(B75:G75,"3+VR")*3+COUNTIF(B75:G75,"3+VL")*3+COUNTIF(B75:G75,"VR+1")*1+COUNTIF(B75:G75,"VL+1")*1+COUNTIF(B75:G75,"VR+2")*2+COUNTIF(B75:G75,"VL+2")*2+COUNTIF(B75:G75,"VR+3")*3+COUNTIF(B75:G75,"VL+3")*3 -> 0 | I75: =H75 -> 0 | U75: =COUNTIF(B75:G75,"*VR*") -> 0 | V75: =COUNTIF(B75:G75,"*VL*") -> 0
I76: =SUM(B76:H76) -> 0
I77: =SUM(B77:H77) -> 0
A78: 3 MGB | H78: =(COUNTIF(B80:B83,"=1")*1+COUNTIF(B80:B83,"1+VR")*1+COUNTIF(B80:B83,"1+VL")*1+COUNTIF(B80:B83,"1+VR+VL")*1+COUNTIF(B80:B83,"VR+1")*1+COUNTIF(B80:B83,"VL+1")*1+COUNTIF(B80:B83,"=2")*2+COUNTIF(B80:B83,"2+VR")*2+COUNTIF(B80:B83,"2+VL")*2+COUNTIF(B80:B83,"2+VR+VL")*2+COUNTIF(B80:B83,"VR+2")*2+COUNTIF(B80:B83,"VL+2")*2+COUNTIF(B80:B83,"=3")*3+COUNTIF(B80:B83,"3+VR")*3+COUNTIF(B80:B83,"3+VL")*3+COUNTIF(B80:B83,"3+VR+VL")*3+COUNTIF(B80:B83,"VR+3")*3+COUNTIF(B80:B83,"VL+3")*3)+(COUNTIF(C80:C83,"=1")*1+COUNTIF(C80:C83,"1+VR")*1+COUNTIF(C80:C83,"1+VL")*1+COUNTIF(C80:C83,"1+VR+VL")*1+COUNTIF(C80:C83,"VR+1")*1+COUNTIF(C80:C83,"VL+1")*1+COUNTIF(C80:C83,"=2")*2+COUNTIF(C80:C83,"2+VR")*2+COUNTIF(C80:C83,"2+VL")*2+COUNTIF(C80:C83,"2+VR+VL")*2+COUNTIF(C80:C83,"VR+2")*2+COUNTIF(C80:C83,"VL+2")*2+COUNTIF(C80:C83,"=3")*3+COUNTIF(C80:C83,"3+VR")*3+COUNTIF(C80:C83,"3+VL")*3+COUNTIF(C80:C83,"3+VR+VL")*3+COUNTIF(C80:C83,"VR+3")*3+COUNTIF(C80:C83,"VL+3")*3)+(COUNTIF(D80:D83,"=1")*1+COUNTIF(D80:D83,"1+VR")*1+COUNTIF(D80:D83,"1+VL")*1+COUNTIF(D80:D83,"1+VR+VL")*1+COUNTIF(D80:D83,"VR+1")*1+COUNTIF(D80:D83,"VL+1")*1+COUNTIF(D80:D83,"=2")*2+COUNTIF(D80:D83,"2+VR")*2+COUNTIF(D80:D83,"2+VL")*2+COUNTIF(D80:D83,"2+VR+VL")*2+COUNTIF(D80:D83,"VR+2")*2+COUNTIF(D80:D83,"VL+2")*2+COUNTIF(D80:D83,"=3")*3+COUNTIF(D80:D83,"3+VR")*3+COUNTIF(D80:D83,"3+VL")*3+COUNTIF(D80:D83,"3+VR+VL")*3+COUNTIF(D80:D83,"VR+3")*3+COUNTIF(D80:D83,"VL+3")*3)+(COUNTIF(E80:E83,"=1")*1+COUNTIF(E80:E83,"1+VR")*1+COUNTIF(E80:E83,"1+VL")*1+COUNTIF(E80:E83,"1+VR+VL")*1+COUNTIF(E80:E83,"VR+1")*1+COUNTIF(E80:E83,"VL+1")*1+COUNTIF(E80:E83,"=2")*2+COUNTIF(E80:E83,"2+VR")*2+COUNTIF(E80:E83,"2+VL")*2+COUNTIF(E80:E83,"2+VR+VL")*2+COUNTIF(E80:E83,"VR+2")*2+COUNTIF(E80:E83,"VL+2")*2+COUNTIF(E80:E83,"=3")*3+COUNTIF(E80:E83,"3+VR")*3+COUNTIF(E80:E83,"3+VL")*3+COUNTIF(E80:E83,"3+VR+VL")*3+COUNTIF(E80:E83,"VR+3")*3+COUNTIF(E80:E83,"VL+3")*3)+(COUNTIF(F80:F83,"=1")*1+COUNTIF(F80:F83,"1+VR")*1+COUNTIF(F80:F83,"1+VL")*1+COUNTIF(F80:F83,"1+VR+VL")*1+COUNTIF(F80:F83,"VR+1")*1+COUNTIF(F80:F83,"VL+1")*1+COUNTIF(F80:F83,"=2")*2+COUNTIF(F80:F83,"2+VR")*2+COUNTIF(F80:F83,"2+VL")*2+COUNTIF(F80:F83,"2+VR+VL")*2+COUNTIF(F80:F83,"VR+2")*2+COUNTIF(F80:F83,"VL+2")*2+COUNTIF(F80:F83,"=3")*3+COUNTIF(F80:F83,"3+VR")*3+COUNTIF(F80:F83,"3+VL")*3+COUNTIF(F80:F83,"3+VR+VL")*3+COUNTIF(F80:F83,"VR+3")*3+COUNTIF(F80:F83,"VL+3")*3)+(COUNTIF(G80:G83,"=1")*1+COUNTIF(G80:G83,"1+VR")*1+COUNTIF(G80:G83,"1+VL")*1+COUNTIF(G80:G83,"1+VR+VL")*1+COUNTIF(G80:G83,"VR+1")*1+COUNTIF(G80:G83,"VL+1")*1+COUNTIF(G80:G83,"=2")*2+COUNTIF(G80:G83,"2+VR")*2+COUNTIF(G80:G83,"2+VL")*2+COUNTIF(G80:G83,"2+VR+VL")*2+COUNTIF(G80:G83,"VR+2")*2+COUNTIF(G80:G83,"VL+2")*2+COUNTIF(G80:G83,"=3")*3+COUNTIF(G80:G83,"3+VR")*3+COUNTIF(G80:G83,"3+VL")*3+COUNTIF(G80:G83,"3+VR+VL")*3+COUNTIF(G80:G83,"VR+3")*3+COUNTIF(G80:G83,"VL+3")*3) -> 0 | U78: =COUNTIF(B79:B85,"*VR*")+COUNTIF(C79:C85,"*VR*")+COUNTIF(D79:D85,"*VR*")+COUNTIF(E79:E85,"*VR*")+COUNTIF(F79:F85,"*VR*")+COUNTIF(G79:G85,"*VR*")+COUNTIF(H79:H85,"*VR*") -> 0 | V78: =COUNTIF(B79:B85,"*VL*")+COUNTIF(C79:C85,"*VL*")+COUNTIF(D79:D85,"*VL*")+COUNTIF(E79:E85,"*VL*")+COUNTIF(F79:F85,"*VL*")+COUNTIF(G79:G85,"*VL*")+COUNTIF(H79:H85,"*VL*") -> 0
A79: Naam? | B79: 1 | C79: 2 | D79: 3 | E79: 4 | F79: 5 | G79: 6 | H79: 7 | Q79: 7
A80: ='MAESTRA STUDENTEN'!B67 -> Amber Vanaudenaerde | H80: =COUNTIF(B80:G80,"=1")*1+COUNTIF(B80:G80,"=2")*2+COUNTIF(B80:G80,"=3")*3+COUNTIF(B80:G80,"1+VR")*1+COUNTIF(B80:G80,"1+VL")*1+COUNTIF(B80:G80,"1+VR+VL")*1+COUNTIF(B80:G80,"2+VR")*2+COUNTIF(B80:G80,"2+VL")*2+COUNTIF(B80:G80,"2+VR+VL")*2+COUNTIF(B80:G80,"3+VR")*3+COUNTIF(B80:G80,"3+VL")*3+COUNTIF(B80:G80,"VR+1")*1+COUNTIF(B80:G80,"VL+1")*1+COUNTIF(B80:G80,"VR+2")*2+COUNTIF(B80:G80,"VL+2")*2+COUNTIF(B80:G80,"VR+3")*3+COUNTIF(B80:G80,"VL+3")*3 -> 0 | I80: =H80 -> 0 | U80: =COUNTIF(B80:G80,"*VR*") -> 0 | V80: =COUNTIF(B80:G80,"*VL*") -> 0
A81: ='MAESTRA STUDENTEN'!B68 -> Julie De Blauwe | H81: =COUNTIF(B81:G81,"=1")*1+COUNTIF(B81:G81,"=2")*2+COUNTIF(B81:G81,"=3")*3+COUNTIF(B81:G81,"1+VR")*1+COUNTIF(B81:G81,"1+VL")*1+COUNTIF(B81:G81,"1+VR+VL")*1+COUNTIF(B81:G81,"2+VR")*2+COUNTIF(B81:G81,"2+VL")*2+COUNTIF(B81:G81,"2+VR+VL")*2+COUNTIF(B81:G81,"3+VR")*3+COUNTIF(B81:G81,"3+VL")*3+COUNTIF(B81:G81,"VR+1")*1+COUNTIF(B81:G81,"VL+1")*1+COUNTIF(B81:G81,"VR+2")*2+COUNTIF(B81:G81,"VL+2")*2+COUNTIF(B81:G81,"VR+3")*3+COUNTIF(B81:G81,"VL+3")*3 -> 0 | I81: =H81 -> 0 | U81: =COUNTIF(B81:G81,"*VR*") -> 0 | V81: =COUNTIF(B81:G81,"*VL*") -> 0
A82: ='MAESTRA STUDENTEN'!B69 -> Lander Parmentier | H82: =COUNTIF(B82:G82,"=1")*1+COUNTIF(B82:G82,"=2")*2+COUNTIF(B82:G82,"=3")*3+COUNTIF(B82:G82,"1+VR")*1+COUNTIF(B82:G82,"1+VL")*1+COUNTIF(B82:G82,"1+VR+VL")*1+COUNTIF(B82:G82,"2+VR")*2+COUNTIF(B82:G82,"2+VL")*2+COUNTIF(B82:G82,"2+VR+VL")*2+COUNTIF(B82:G82,"3+VR")*3+COUNTIF(B82:G82,"3+VL")*3+COUNTIF(B82:G82,"VR+1")*1+COUNTIF(B82:G82,"VL+1")*1+COUNTIF(B82:G82,"VR+2")*2+COUNTIF(B82:G82,"VL+2")*2+COUNTIF(B82:G82,"VR+3")*3+COUNTIF(B82:G82,"VL+3")*3 -> 0 | I82: =H82 -> 0 | U82: =COUNTIF(B82:G82,"*VR*") -> 0 | V82: =COUNTIF(B82:G82,"*VL*") -> 0
A83: ='MAESTRA STUDENTEN'!B70 -> Luciano Thielemans | H83: =COUNTIF(B83:G83,"=1")*1+COUNTIF(B83:G83,"=2")*2+COUNTIF(B83:G83,"=3")*3+COUNTIF(B83:G83,"1+VR")*1+COUNTIF(B83:G83,"1+VL")*1+COUNTIF(B83:G83,"1+VR+VL")*1+COUNTIF(B83:G83,"2+VR")*2+COUNTIF(B83:G83,"2+VL")*2+COUNTIF(B83:G83,"2+VR+VL")*2+COUNTIF(B83:G83,"3+VR")*3+COUNTIF(B83:G83,"3+VL")*3+COUNTIF(B83:G83,"VR+1")*1+COUNTIF(B83:G83,"VL+1")*1+COUNTIF(B83:G83,"VR+2")*2+COUNTIF(B83:G83,"VL+2")*2+COUNTIF(B83:G83,"VR+3")*3+COUNTIF(B83:G83,"VL+3")*3 -> 0 | I83: =H83 -> 0 | U83: =COUNTIF(B83:G83,"*VR*") -> 0 | V83: =COUNTIF(B83:G83,"*VL*") -> 0
I84: =SUM(B84:H84) -> 0
I85: =SUM(B85:H85) -> 0
A86: 3/4 Create | H86: =(COUNTIF(B96:B105,"=1")*1+COUNTIF(B96:B105,"1+VR")*1+COUNTIF(B96:B105,"1+VL")*1+COUNTIF(B96:B105,"1+VR+VL")*1+COUNTIF(B96:B105,"VR+1")*1+COUNTIF(B96:B105,"VL+1")*1+COUNTIF(B96:B105,"=2")*2+COUNTIF(B96:B105,"2+VR")*2+COUNTIF(B96:B105,"2+VL")*2+COUNTIF(B96:B105,"2+VR+VL")*2+COUNTIF(B96:B105,"VR+2")*2+COUNTIF(B96:B105,"VL+2")*2+COUNTIF(B96:B105,"=3")*3+COUNTIF(B96:B105,"3+VR")*3+COUNTIF(B96:B105,"3+VL")*3+COUNTIF(B96:B105,"3+VR+VL")*3+COUNTIF(B96:B105,"VR+3")*3+COUNTIF(B96:B105,"VL+3")*3)+(COUNTIF(C96:C105,"=1")*1+COUNTIF(C96:C105,"1+VR")*1+COUNTIF(C96:C105,"1+VL")*1+COUNTIF(C96:C105,"1+VR+VL")*1+COUNTIF(C96:C105,"VR+1")*1+COUNTIF(C96:C105,"VL+1")*1+COUNTIF(C96:C105,"=2")*2+COUNTIF(C96:C105,"2+VR")*2+COUNTIF(C96:C105,"2+VL")*2+COUNTIF(C96:C105,"2+VR+VL")*2+COUNTIF(C96:C105,"VR+2")*2+COUNTIF(C96:C105,"VL+2")*2+COUNTIF(C96:C105,"=3")*3+COUNTIF(C96:C105,"3+VR")*3+COUNTIF(C96:C105,"3+VL")*3+COUNTIF(C96:C105,"3+VR+VL")*3+COUNTIF(C96:C105,"VR+3")*3+COUNTIF(C96:C105,"VL+3")*3)+(COUNTIF(D96:D105,"=1")*1+COUNTIF(D96:D105,"1+VR")*1+COUNTIF(D96:D105,"1+VL")*1+COUNTIF(D96:D105,"1+VR+VL")*1+COUNTIF(D96:D105,"VR+1")*1+COUNTIF(D96:D105,"VL+1")*1+COUNTIF(D96:D105,"=2")*2+COUNTIF(D96:D105,"2+VR")*2+COUNTIF(D96:D105,"2+VL")*2+COUNTIF(D96:D105,"2+VR+VL")*2+COUNTIF(D96:D105,"VR+2")*2+COUNTIF(D96:D105,"VL+2")*2+COUNTIF(D96:D105,"=3")*3+COUNTIF(D96:D105,"3+VR")*3+COUNTIF(D96:D105,"3+VL")*3+COUNTIF(D96:D105,"3+VR+VL")*3+COUNTIF(D96:D105,"VR+3")*3+COUNTIF(D96:D105,"VL+3")*3)+(COUNTIF(E96:E105,"=1")*1+COUNTIF(E96:E105,"1+VR")*1+COUNTIF(E96:E105,"1+VL")*1+COUNTIF(E96:E105,"1+VR+VL")*1+COUNTIF(E96:E105,"VR+1")*1+COUNTIF(E96:E105,"VL+1")*1+COUNTIF(E96:E105,"=2")*2+COUNTIF(E96:E105,"2+VR")*2+COUNTIF(E96:E105,"2+VL")*2+COUNTIF(E96:E105,"2+VR+VL")*2+COUNTIF(E96:E105,"VR+2")*2+COUNTIF(E96:E105,"VL+2")*2+COUNTIF(E96:E105,"=3")*3+COUNTIF(E96:E105,"3+VR")*3+COUNTIF(E96:E105,"3+VL")*3+COUNTIF(E96:E105,"3+VR+VL")*3+COUNTIF(E96:E105,"VR+3")*3+COUNTIF(E96:E105,"VL+3")*3)+(COUNTIF(F96:F105,"=1")*1+COUNTIF(F96:F105,"1+VR")*1+COUNTIF(F96:F105,"1+VL")*1+COUNTIF(F96:F105,"1+VR+VL")*1+COUNTIF(F96:F105,"VR+1")*1+COUNTIF(F96:F105,"VL+1")*1+COUNTIF(F96:F105,"=2")*2+COUNTIF(F96:F105,"2+VR")*2+COUNTIF(F96:F105,"2+VL")*2+COUNTIF(F96:F105,"2+VR+VL")*2+COUNTIF(F96:F105,"VR+2")*2+COUNTIF(F96:F105,"VL+2")*2+COUNTIF(F96:F105,"=3")*3+COUNTIF(F96:F105,"3+VR")*3+COUNTIF(F96:F105,"3+VL")*3+COUNTIF(F96:F105,"3+VR+VL")*3+COUNTIF(F96:F105,"VR+3")*3+COUNTIF(F96:F105,"VL+3")*3)+(COUNTIF(G96:G105,"=1")*1+COUNTIF(G96:G105,"1+VR")*1+COUNTIF(G96:G105,"1+VL")*1+COUNTIF(G96:G105,"1+VR+VL")*1+COUNTIF(G96:G105,"VR+1")*1+COUNTIF(G96:G105,"VL+1")*1+COUNTIF(G96:G105,"=2")*2+COUNTIF(G96:G105,"2+VR")*2+COUNTIF(G96:G105,"2+VL")*2+COUNTIF(G96:G105,"2+VR+VL")*2+COUNTIF(G96:G105,"VR+2")*2+COUNTIF(G96:G105,"VL+2")*2+COUNTIF(G96:G105,"=3")*3+COUNTIF(G96:G105,"3+VR")*3+COUNTIF(G96:G105,"3+VL")*3+COUNTIF(G96:G105,"3+VR+VL")*3+COUNTIF(G96:G105,"VR+3")*3+COUNTIF(G96:G105,"VL+3")*3) -> 0 | U86: =COUNTIF(B87:B107,"*VR*")+COUNTIF(C87:C107,"*VR*")+COUNTIF(D87:D107,"*VR*")+COUNTIF(E87:E107,"*VR*")+COUNTIF(F87:F107,"*VR*")+COUNTIF(G87:G107,"*VR*")+COUNTIF(H87:H107,"*VR*") -> 0 | V86: =COUNTIF(B87:B107,"*VL*")+COUNTIF(C87:C107,"*VL*")+COUNTIF(D87:D107,"*VL*")+COUNTIF(E87:E107,"*VL*")+COUNTIF(F87:F107,"*VL*")+COUNTIF(G87:G107,"*VL*")+COUNTIF(H87:H107,"*VL*") -> 0
A87: Naam? | B87: 1 | C87: 2 | D87: 3 | E87: 4 | F87: 5 | G87: 6 | H87: 7 | Q87: 7
A88: ='MAESTRA STUDENTEN'!B71 -> Brent De Clerck | H88: =COUNTIF(B88:G88,"=1")*1+COUNTIF(B88:G88,"=2")*2+COUNTIF(B88:G88,"=3")*3+COUNTIF(B88:G88,"1+VR")*1+COUNTIF(B88:G88,"1+VL")*1+COUNTIF(B88:G88,"1+VR+VL")*1+COUNTIF(B88:G88,"2+VR")*2+COUNTIF(B88:G88,"2+VL")*2+COUNTIF(B88:G88,"2+VR+VL")*2+COUNTIF(B88:G88,"3+VR")*3+COUNTIF(B88:G88,"3+VL")*3+COUNTIF(B88:G88,"VR+1")*1+COUNTIF(B88:G88,"VL+1")*1+COUNTIF(B88:G88,"VR+2")*2+COUNTIF(B88:G88,"VL+2")*2+COUNTIF(B88:G88,"VR+3")*3+COUNTIF(B88:G88,"VL+3")*3 -> 0 | I88: =H88 -> 0 | U88: =COUNTIF(B88:G88,"*VR*") -> 0 | V88: =COUNTIF(B88:G88,"*VL*") -> 0
A89: ='MAESTRA STUDENTEN'!B72 -> Keano Haider | H89: =COUNTIF(B89:G89,"=1")*1+COUNTIF(B89:G89,"=2")*2+COUNTIF(B89:G89,"=3")*3+COUNTIF(B89:G89,"1+VR")*1+COUNTIF(B89:G89,"1+VL")*1+COUNTIF(B89:G89,"1+VR+VL")*1+COUNTIF(B89:G89,"2+VR")*2+COUNTIF(B89:G89,"2+VL")*2+COUNTIF(B89:G89,"2+VR+VL")*2+COUNTIF(B89:G89,"3+VR")*3+COUNTIF(B89:G89,"3+VL")*3+COUNTIF(B89:G89,"VR+1")*1+COUNTIF(B89:G89,"VL+1")*1+COUNTIF(B89:G89,"VR+2")*2+COUNTIF(B89:G89,"VL+2")*2+COUNTIF(B89:G89,"VR+3")*3+COUNTIF(B89:G89,"VL+3")*3 -> 0 | I89: =H89 -> 0 | U89: =COUNTIF(B89:G89,"*VR*") -> 0 | V89: =COUNTIF(B89:G89,"*VL*") -> 0
A90: ='MAESTRA STUDENTEN'!B73 -> Noah Van Thomme | H90: =COUNTIF(B90:G90,"=1")*1+COUNTIF(B90:G90,"=2")*2+COUNTIF(B90:G90,"=3")*3+COUNTIF(B90:G90,"1+VR")*1+COUNTIF(B90:G90,"1+VL")*1+COUNTIF(B90:G90,"1+VR+VL")*1+COUNTIF(B90:G90,"2+VR")*2+COUNTIF(B90:G90,"2+VL")*2+COUNTIF(B90:G90,"2+VR+VL")*2+COUNTIF(B90:G90,"3+VR")*3+COUNTIF(B90:G90,"3+VL")*3+COUNTIF(B90:G90,"VR+1")*1+COUNTIF(B90:G90,"VL+1")*1+COUNTIF(B90:G90,"VR+2")*2+COUNTIF(B90:G90,"VL+2")*2+COUNTIF(B90:G90,"VR+3")*3+COUNTIF(B90:G90,"VL+3")*3 -> 0 | I90: =H90 -> 0 | U90: =COUNTIF(B90:G90,"*VR*") -> 0 | V90: =COUNTIF(B90:G90,"*VL*") -> 0
A91: ='MAESTRA STUDENTEN'!B74 -> Owen Van Nieuwenhuyse | H91: =COUNTIF(B91:G91,"=1")*1+COUNTIF(B91:G91,"=2")*2+COUNTIF(B91:G91,"=3")*3+COUNTIF(B91:G91,"1+VR")*1+COUNTIF(B91:G91,"1+VL")*1+COUNTIF(B91:G91,"1+VR+VL")*1+COUNTIF(B91:G91,"2+VR")*2+COUNTIF(B91:G91,"2+VL")*2+COUNTIF(B91:G91,"2+VR+VL")*2+COUNTIF(B91:G91,"3+VR")*3+COUNTIF(B91:G91,"3+VL")*3+COUNTIF(B91:G91,"VR+1")*1+COUNTIF(B91:G91,"VL+1")*1+COUNTIF(B91:G91,"VR+2")*2+COUNTIF(B91:G91,"VL+2")*2+COUNTIF(B91:G91,"VR+3")*3+COUNTIF(B91:G91,"VL+3")*3 -> 0 | I91: =H91 -> 0 | U91: =COUNTIF(B91:G91,"*VR*") -> 0 | V91: =COUNTIF(B91:G91,"*VL*") -> 0
I92: =SUM(B92:H92) -> 0
I93: =SUM(B93:H93) -> 0
A94: 3/4 Move & Play | I94: =SUM(B94:H94) -> 0 | U94: =COUNTIF(B95:B107,"*VR*")+COUNTIF(C95:C107,"*VR*")+COUNTIF(D95:D107,"*VR*")+COUNTIF(E95:E107,"*VR*")+COUNTIF(F95:F107,"*VR*")+COUNTIF(G95:G107,"*VR*")+COUNTIF(H95:H107,"*VR*")+COUNTIF(K95:K107,"*VR*")+COUNTIF(L95:L107,"*VR*")+COUNTIF(M95:M107,"*VR*")+COUNTIF(N95:N107,"*VR*")+COUNTIF(O95:O107,"*VR*")+COUNTIF(P95:P107,"*VR*")+COUNTIF(Q95:Q107,"*VR*") -> 0 | V94: =COUNTIF(B95:B107,"*VL*")+COUNTIF(C95:C107,"*VL*")+COUNTIF(D95:D107,"*VL*")+COUNTIF(E95:E107,"*VL*")+COUNTIF(F95:F107,"*VL*")+COUNTIF(G95:G107,"*VL*")+COUNTIF(H95:H107,"*VL*")+COUNTIF(K95:K107,"*VL*")+COUNTIF(L95:L107,"*VL*")+COUNTIF(M95:M107,"*VL*")+COUNTIF(N95:N107,"*VL*")+COUNTIF(O95:O107,"*VL*")+COUNTIF(P95:P107,"*VL*")+COUNTIF(Q95:Q107,"*VL*") -> 0
A95: Naam? | B95: 1 | C95: 2 | D95: 3 | E95: 4 | F95: 5 | G95: 6 | H95: 7 | I95: =SUM(B95:H95) -> 21 | Q95: 7
A96: ='MAESTRA STUDENTEN'!B75 -> Arno Soens | H96: =COUNTIF(B96:G96,"=1")*1+COUNTIF(B96:G96,"=2")*2+COUNTIF(B96:G96,"=3")*3+COUNTIF(B96:G96,"1+VR")*1+COUNTIF(B96:G96,"1+VL")*1+COUNTIF(B96:G96,"1+VR+VL")*1+COUNTIF(B96:G96,"2+VR")*2+COUNTIF(B96:G96,"2+VL")*2+COUNTIF(B96:G96,"2+VR+VL")*2+COUNTIF(B96:G96,"3+VR")*3+COUNTIF(B96:G96,"3+VL")*3+COUNTIF(B96:G96,"VR+1")*1+COUNTIF(B96:G96,"VL+1")*1+COUNTIF(B96:G96,"VR+2")*2+COUNTIF(B96:G96,"VL+2")*2+COUNTIF(B96:G96,"VR+3")*3+COUNTIF(B96:G96,"VL+3")*3 -> 0 | I96: =H96 -> 0 | U96: =COUNTIF(B96:G96,"*VR*") -> 0 | V96: =COUNTIF(B96:G96,"*VL*") -> 0
A97: ='MAESTRA STUDENTEN'!B76 -> Arthur Thermote | H97: =COUNTIF(B97:G97,"=1")*1+COUNTIF(B97:G97,"=2")*2+COUNTIF(B97:G97,"=3")*3+COUNTIF(B97:G97,"1+VR")*1+COUNTIF(B97:G97,"1+VL")*1+COUNTIF(B97:G97,"1+VR+VL")*1+COUNTIF(B97:G97,"2+VR")*2+COUNTIF(B97:G97,"2+VL")*2+COUNTIF(B97:G97,"2+VR+VL")*2+COUNTIF(B97:G97,"3+VR")*3+COUNTIF(B97:G97,"3+VL")*3+COUNTIF(B97:G97,"VR+1")*1+COUNTIF(B97:G97,"VL+1")*1+COUNTIF(B97:G97,"VR+2")*2+COUNTIF(B97:G97,"VL+2")*2+COUNTIF(B97:G97,"VR+3")*3+COUNTIF(B97:G97,"VL+3")*3 -> 0 | I97: =H97 -> 0 | U97: =COUNTIF(B97:G97,"*VR*") -> 0 | V97: =COUNTIF(B97:G97,"*VL*") -> 0
A98: ='MAESTRA STUDENTEN'!B77 -> Jarred Vermeersch | H98: =COUNTIF(B98:G98,"=1")*1+COUNTIF(B98:G98,"=2")*2+COUNTIF(B98:G98,"=3")*3+COUNTIF(B98:G98,"1+VR")*1+COUNTIF(B98:G98,"1+VL")*1+COUNTIF(B98:G98,"1+VR+VL")*1+COUNTIF(B98:G98,"2+VR")*2+COUNTIF(B98:G98,"2+VL")*2+COUNTIF(B98:G98,"2+VR+VL")*2+COUNTIF(B98:G98,"3+VR")*3+COUNTIF(B98:G98,"3+VL")*3+COUNTIF(B98:G98,"VR+1")*1+COUNTIF(B98:G98,"VL+1")*1+COUNTIF(B98:G98,"VR+2")*2+COUNTIF(B98:G98,"VL+2")*2+COUNTIF(B98:G98,"VR+3")*3+COUNTIF(B98:G98,"VL+3")*3 -> 0 | I98: =H98 -> 0 | U98: =COUNTIF(B98:G98,"*VR*") -> 0 | V98: =COUNTIF(B98:G98,"*VL*") -> 0
A99: ='MAESTRA STUDENTEN'!B78 -> Jayden Dieryckx | H99: =COUNTIF(B99:G99,"=1")*1+COUNTIF(B99:G99,"=2")*2+COUNTIF(B99:G99,"=3")*3+COUNTIF(B99:G99,"1+VR")*1+COUNTIF(B99:G99,"1+VL")*1+COUNTIF(B99:G99,"1+VR+VL")*1+COUNTIF(B99:G99,"2+VR")*2+COUNTIF(B99:G99,"2+VL")*2+COUNTIF(B99:G99,"2+VR+VL")*2+COUNTIF(B99:G99,"3+VR")*3+COUNTIF(B99:G99,"3+VL")*3+COUNTIF(B99:G99,"VR+1")*1+COUNTIF(B99:G99,"VL+1")*1+COUNTIF(B99:G99,"VR+2")*2+COUNTIF(B99:G99,"VL+2")*2+COUNTIF(B99:G99,"VR+3")*3+COUNTIF(B99:G99,"VL+3")*3 -> 0 | I99: =H99 -> 0 | U99: =COUNTIF(B99:G99,"*VR*") -> 0 | V99: =COUNTIF(B99:G99,"*VL*") -> 0
A100: ='MAESTRA STUDENTEN'!B79 -> Jelle Devisscher | H100: =COUNTIF(B100:G100,"=1")*1+COUNTIF(B100:G100,"=2")*2+COUNTIF(B100:G100,"=3")*3+COUNTIF(B100:G100,"1+VR")*1+COUNTIF(B100:G100,"1+VL")*1+COUNTIF(B100:G100,"1+VR+VL")*1+COUNTIF(B100:G100,"2+VR")*2+COUNTIF(B100:G100,"2+VL")*2+COUNTIF(B100:G100,"2+VR+VL")*2+COUNTIF(B100:G100,"3+VR")*3+COUNTIF(B100:G100,"3+VL")*3+COUNTIF(B100:G100,"VR+1")*1+COUNTIF(B100:G100,"VL+1")*1+COUNTIF(B100:G100,"VR+2")*2+COUNTIF(B100:G100,"VL+2")*2+COUNTIF(B100:G100,"VR+3")*3+COUNTIF(B100:G100,"VL+3")*3 -> 0 | I100: =H100 -> 0 | U100: =COUNTIF(B100:G100,"*VR*") -> 0 | V100: =COUNTIF(B100:G100,"*VL*") -> 0
...

Sheet Totaal week 36
A1: Weekoverzicht - Week 36 (01-09-2025)
A3: TOTALEN PER KLAS
A4: Klas | B4: Maandag | C4: Dinsdag | D4: Woensdag | E4: Donderdag | F4: Vrijdag | G4: Totaal Week | H4: VR Total | I4: VL Total | J4: Gemiddelde/Dag
A5: 1 Aarde | B5: ='01-09 Ma'!H6 -> 0 | C5: ='02-09 Di'!H6 -> 0 | D5: ='03-09 Wo'!H6 -> 0 | E5: ='04-09 Do'!H6 -> 0 | F5: ='05-09 Vr'!H6 -> 0 | G5: ='01-09 Ma'!H6+'02-09 Di'!H6+'03-09 Wo'!H6+'04-09 Do'!H6+'05-09 Vr'!H6 -> 0 | H5: ='01-09 Ma'!U6+'02-09 Di'!U6+'03-09 Wo'!U6+'04-09 Do'!U6+'05-09 Vr'!U6 -> 0 | I5: ='01-09 Ma'!V6+'02-09 Di'!V6+'03-09 Wo'!V6+'04-09 Do'!V6+'05-09 Vr'!V6 -> 0 | J5: =G5/5 -> 0 | U5: ='01-09 Ma'!U6+'02-09 Di'!U6+'03-09 Wo'!U6+'04-09 Do'!U6+'05-09 Vr'!U6 -> 0 | V5: ='01-09 Ma'!V6+'02-09 Di'!V6+'03-09 Wo'!V6+'04-09 Do'!V6+'05-09 Vr'!V6 -> 0
A6: 1 Lucht | B6: ='01-09 Ma'!Q6 -> 0 | C6: ='02-09 Di'!Q6 -> 0 | D6: ='03-09 Wo'!Q6 -> 0 | E6: ='04-09 Do'!Q6 -> 0 | F6: ='05-09 Vr'!Q6 -> 0 | G6: =SUM(B6:F6) -> 0 | H6: ='01-09 Ma'!U6+'02-09 Di'!U6+'03-09 Wo'!U6+'04-09 Do'!U6+'05-09 Vr'!U6 -> 0 | I6: ='01-09 Ma'!V6+'02-09 Di'!V6+'03-09 Wo'!V6+'04-09 Do'!V6+'05-09 Vr'!V6 -> 0 | J6: =G6/5 -> 0 | U6: ='01-09 Ma'!U6+'02-09 Di'!U6+'03-09 Wo'!U6+'04-09 Do'!U6+'05-09 Vr'!U6 -> 0 | V6: ='01-09 Ma'!V6+'02-09 Di'!V6+'03-09 Wo'!V6+'04-09 Do'!V6+'05-09 Vr'!V6 -> 0
